TransactionID,y_pred
6,0
14,0
16,0
19,0
20,0
28,0
33,0
37,0
39,0
45,0
47,0
49,0
52,0
53,0
59,0
62,0
66,0
68,0
71,0
72,0
73,0
75,0
76,1
77,0
78,0
82,0
86,0
98,0
99,0
106,0
125,0
135,0
141,0
142,0
147,0
155,0
157,0
161,0
162,0
166,0
168,0
172,0
179,0
183,0
188,0
191,0
194,0
198,0
199,0
202,0
213,0
215,1
217,0
219,0
225,0
234,0
239,0
241,0
243,1
245,0
247,0
256,0
257,0
258,0
259,0
263,0
269,0
270,0
282,0
288,0
292,0
303,0
307,0
312,0
331,0
333,0
338,0
349,0
353,0
361,0
370,0
373,0
376,0
377,0
383,0
385,0
388,0
403,0
405,1
417,0
423,0
425,0
428,0
429,0
432,0
434,0
435,0
436,1
439,0
442,1
445,0
448,0
450,0
451,0
459,0
464,0
467,0
520,0
532,0
543,0
547,0
554,0
557,0
559,0
562,0
564,0
569,0
570,0
574,0
576,0
583,0
587,0
588,0
592,0
594,0
597,0
598,0
602,0
612,0
617,0
618,0
622,0
623,0
624,0
625,0
628,0
631,0
633,0
635,0
641,0
654,0
656,0
657,0
664,0
669,0
673,0
675,0
682,0
699,0
715,0
716,1
722,0
730,0
737,0
740,0
742,0
745,0
746,0
750,0
755,0
756,0
761,0
762,0
764,0
768,0
772,0
773,0
774,0
775,0
779,0
786,0
787,0
789,0
790,0
793,0
796,0
808,0
812,0
819,0
827,0
829,0
833,0
839,0
845,0
847,0
850,0
853,0
856,0
857,0
859,0
866,0
869,0
872,0
878,0
883,0
887,0
892,0
896,0
905,0
915,0
920,0
921,0
928,0
934,0
936,0
941,0
943,0
944,0
946,0
949,0
950,0
951,0
960,0
963,0
977,0
991,0
994,0
1004,0
1006,0
1008,0
1017,0
1022,0
1029,0
1032,0
1034,0
1035,0
1041,0
1045,0
1050,0
1077,0
1079,0
1081,0
1084,0
1086,0
1090,0
1097,0
1098,0
1101,0
1102,0
1106,0
1110,0
1112,0
1116,0
1118,0
1119,0
1121,0
1124,0
1131,0
1132,0
1137,0
1149,0
1152,0
1156,0
1167,0
1169,0
1177,0
1185,0
1196,0
1201,0
1215,0
1225,0
1239,0
1246,0
1247,0
1249,0
1252,0
1255,0
1262,0
1263,0
1269,0
1274,0
1294,0
1300,0
1310,0
1322,0
1324,0
1328,0
1336,0
1340,0
1341,0
1343,0
1346,0
1349,0
1352,0
1356,0
1358,0
1362,0
1396,0
1398,0
1406,0
1408,0
1413,0
1421,0
1423,0
1424,0
1426,0
1436,0
1445,0
1449,0
1465,0
1469,1
1471,0
1472,0
1478,0
1485,0
1486,0
1490,0
1501,0
1505,0
1512,0
1514,0
1517,0
1530,0
1541,0
1543,0
1549,0
1557,0
1560,0
1561,0
1568,0
1571,0
1580,0
1585,0
1587,0
1590,0
1593,0
1596,0
1599,0
1603,0
1627,0
1628,0
1635,0
1641,0
1643,0
1654,0
1655,0
1657,0
1660,0
1662,0
1671,0
1673,0
1679,0
1683,0
1686,0
1688,0
1703,0
1711,0
1713,0
1722,0
1729,0
1739,0
1747,0
1748,0
1751,0
1752,0
1756,0
1759,0
1771,0
1777,0
1778,0
1779,0
1792,0
1795,0
1796,0
1801,0
1809,0
1811,0
1813,0
1816,0
1823,0
1824,0
1830,0
1840,0
1846,0
1848,0
1853,0
1860,0
1863,0
1871,0
1873,0
1880,0
1882,0
1889,0
1890,0
1896,0
1902,0
1911,0
1924,0
1939,0
1940,0
1942,0
1952,0
1954,0
1961,0
1964,0
1965,0
1966,0
1970,0
1975,0
1977,0
1978,0
1998,0
2002,0
2011,0
2022,0
2024,0
2030,0
2032,0
2034,0
2041,1
2042,0
2047,0
2048,0
2060,0
2065,0
2066,0
2070,1
2074,0
2075,0
2077,0
2078,0
2079,0
2081,0
2085,0
2086,0
2091,0
2102,0
2111,0
2113,0
2115,0
2120,0
2125,0
2129,0
2134,0
2139,0
2142,0
2144,0
2159,0
2182,0
2184,0
2186,0
2193,0
2194,0
2205,0
2216,0
2221,0
2226,0
2231,0
2242,0
2254,1
2256,1
2259,0
2266,0
2271,0
2272,0
2278,0
2281,0
2282,0
2285,1
2290,0
2306,0
2327,0
2331,0
2344,0
2352,0
2355,1
2362,0
2363,0
2364,0
2377,0
2409,0
2417,0
2422,0
2424,0
2427,0
2439,0
2442,0
2443,0
2450,0
2453,0
2455,0
2456,0
2460,0
2469,0
2470,0
2473,0
2479,0
2486,0
2487,0
2488,0
2493,0
2494,0
2496,0
2505,0
2509,0
2512,0
2519,0
2520,0
2534,0
2535,0
2536,0
2543,0
2545,0
2546,0
2547,0
2550,0
2551,0
2553,0
2554,0
2562,0
2563,0
2565,0
2570,0
2571,0
2573,0
2583,0
2596,0
2598,0
2601,0
2607,0
2612,1
2616,0
2643,0
2650,0
2655,0
2666,0
2667,0
2670,0
2671,0
2673,0
2675,0
2677,0
2684,0
2699,0
2708,0
2709,0
2711,0
2714,0
2716,0
2718,0
2719,0
2723,0
2727,1
2730,0
2732,0
2733,0
2740,0
2741,0
2746,0
2751,0
2752,0
2759,0
2763,0
2774,0
2777,0
2778,0
2779,0
2781,0
2796,0
2801,0
2810,0
2831,0
2835,0
2836,0
2838,0
2843,0
2847,0
2849,0
2850,0
2852,0
2854,0
2859,0
2862,0
2866,0
2877,0
2880,0
2898,0
2907,0
2908,1
2915,0
2917,0
2924,0
2925,0
2942,0
2948,0
2956,0
2959,0
2968,0
2971,0
2973,0
2974,0
2982,0
2990,0
2997,0
3010,0
3012,0
3016,0
3017,0
3019,0
3020,0
3022,0
3039,0
3044,0
3050,0
3053,0
3056,0
3057,0
3069,0
3080,0
3083,0
3086,0
3087,0
3090,0
3097,0
3101,0
3110,0
3136,0
3143,0
3144,0
3147,0
3152,0
3154,0
3171,0
3173,0
3180,0
3181,0
3185,0
3188,0
3190,0
3203,0
3206,0
3213,0
3214,0
3229,0
3232,0
3239,0
3249,0
3253,0
3254,0
3256,0
3268,0
3272,0
3279,0
3282,0
3286,0
3287,0
3288,0
3291,0
3292,0
3297,0
3301,0
3308,0
3313,0
3315,0
3321,0
3322,0
3326,0
3328,0
3330,0
3336,0
3340,0
3341,0
3343,0
3344,0
3352,0
3353,0
3362,0
3363,0
3365,1
3371,1
3383,0
3391,0
3402,0
3416,0
3419,0
3420,1
3431,0
3436,0
3440,0
3459,0
3472,0
3473,0
3474,0
3478,0
3481,0
3488,0
3489,0
3490,0
3492,0
3493,0
3501,0
3502,0
3504,0
3513,0
3515,0
3517,0
3519,0
3522,0
3537,0
3538,0
3549,0
3551,0
3555,0
3568,0
3570,0
3573,0
3576,0
3577,0
3579,0
3587,0
3589,0
3591,0
3600,0
3603,0
3605,0
3614,0
3615,0
3616,0
3617,0
3621,0
3629,0
3630,0
3633,0
3634,0
3644,0
3645,0
3646,0
3658,0
3672,0
3675,0
3676,0
3686,0
3694,0
3696,0
3704,0
3713,0
3714,0
3730,0
3731,0
3736,0
3742,0
3745,0
3747,0
3755,0
3759,0
3762,0
3764,0
3768,0
3773,0
3776,0
3783,0
3784,0
3786,0
3787,1
3790,0
3792,0
3796,0
3798,0
3801,0
3809,0
3812,0
3824,0
3828,0
3832,0
3834,0
3835,0
3841,0
3846,0
3847,0
3850,0
3855,0
3862,0
3863,1
3865,0
3869,0
3873,0
3874,0
3877,0
3878,0
3879,0
3880,0
3888,0
3893,0
3903,0
3905,0
3910,0
3914,0
3919,0
3923,0
3924,0
3927,0
3930,0
3934,0
3936,0
3940,0
3941,0
3945,0
3949,0
3952,1
3957,0
3960,0
3963,0
3967,0
3968,0
3974,0
3982,0
3985,0
3988,0
3990,0
3991,0
3992,0
3995,0
4000,0
4001,0
4004,0
4011,0
4020,0
4021,0
4022,0
4025,0
4028,0
4030,0
4046,0
4051,1
4055,0
4057,0
4076,0
4079,0
4081,0
4084,0
4085,0
4095,0
4097,0
4100,0
4101,0
4105,0
4107,0
4116,0
4118,0
4119,0
4121,0
4125,0
4127,0
4128,0
4131,0
4132,0
4134,0
4142,0
4153,0
4164,0
4172,0
4188,0
4192,0
4206,0
4207,0
4209,0
4211,0
4215,0
4239,0
4240,0
4249,0
4254,0
4255,0
4256,0
4257,0
4259,0
4275,0
4277,0
4283,0
4285,0
4290,0
4291,0
4309,0
4321,0
4322,0
4329,0
4335,0
4336,0
4342,0
4347,0
4348,0
4349,0
4357,0
4358,0
4359,0
4375,1
4380,0
4381,0
4387,0
4397,0
4402,0
4403,0
4410,0
4418,0
4424,0
4426,0
4434,0
4443,1
4444,0
4446,0
4447,0
4449,0
4452,0
4455,0
4457,0
4458,0
4460,0
4461,0
4468,0
4476,0
4477,0
4487,0
4493,0
4498,0
4499,0
4505,0
4508,0
4512,0
4519,0
4529,0
4530,1
4535,0
4536,0
4539,0
4542,0
4548,0
4553,1
4557,0
4558,0
4559,0
4561,0
4564,0
4568,0
4584,0
4585,0
4586,0
4591,0
4593,0
4602,0
4608,0
4616,0
4618,0
4619,0
4621,0
4631,0
4634,0
4636,0
4639,0
4641,0
4644,0
4648,0
4653,1
4654,0
4668,0
4674,0
4676,0
4683,0
4685,0
4686,0
4693,0
4700,0
4703,0
4705,0
4709,0
4722,0
4723,0
4727,0
4729,0
4730,0
4736,0
4744,0
4745,0
4746,0
4750,0
4751,0
4760,0
4761,0
4772,0
4776,0
4781,0
4783,0
4784,0
4786,0
4791,0
4806,0
4816,0
4826,0
4832,0
4833,0
4834,0
4835,0
4847,0
4857,0
4859,0
4860,0
4862,0
4863,0
4866,0
4867,0
4878,0
4885,0
4888,0
4889,0
4890,0
4897,0
4898,0
4900,0
4903,0
4905,0
4908,0
4911,0
4918,0
4924,0
4929,0
4933,0
4941,0
4946,0
4949,0
4951,0
4952,0
4955,1
4958,1
4964,0
4966,0
4970,0
4984,0
4985,0
4987,0
4990,0
4992,0
4994,0
5004,0
5005,0
5007,0
5008,0
5014,0
5023,0
5024,0
5034,0
5037,0
5040,0
5041,0
5042,0
5048,0
5051,1
5055,0
5065,0
5068,0
5073,0
5077,0
5083,1
5085,0
5088,0
5093,0
5094,0
5095,0
5103,0
5109,0
5110,0
5111,0
5114,0
5118,0
5119,0
5122,0
5124,0
5125,1
5136,0
5137,0
5139,0
5144,0
5147,0
5148,0
5152,0
5157,0
5168,0
5171,0
5177,0
5183,0
5187,0
5190,0
5191,0
5193,0
5195,0
5197,0
5204,0
5205,0
5209,0
5217,0
5218,0
5223,0
5224,1
5231,0
5236,0
5240,0
5241,0
5256,0
5261,0
5263,0
5265,0
5279,0
5285,0
5287,0
5299,0
5309,0
5316,0
5325,0
5337,0
5339,0
5344,0
5347,0
5350,0
5352,0
5355,0
5356,0
5357,0
5363,0
5371,0
5382,0
5386,0
5389,0
5393,0
5396,0
5398,0
5400,0
5402,0
5406,0
5422,0
5423,0
5424,0
5434,0
5444,0
5447,0
5448,0
5452,0
5456,0
5458,0
5467,0
5471,0
5472,0
5477,0
5483,0
5485,1
5494,0
5499,0
5501,0
5504,0
5505,0
5507,0
5518,0
5519,0
5528,0
5530,0
5536,0
5546,0
5551,0
5552,1
5559,0
5561,0
5566,0
5582,0
5594,0
5606,1
5607,0
5616,0
5624,0
5625,0
5635,0
5643,0
5654,0
5658,0
5660,0
5661,0
5667,0
5669,0
5670,0
5674,0
5676,0
5679,0
5680,0
5690,0
5692,0
5697,0
5698,0
5700,0
5701,0
5704,0
5707,0
5709,0
5716,0
5721,0
5724,0
5728,0
5731,0
5738,0
5744,0
5747,0
5750,0
5752,0
5755,0
5764,0
5768,0
5773,0
5776,0
5784,0
5787,0
5792,0
5797,0
5803,0
5814,0
5816,0
5819,0
5822,0
5827,0
5836,0
5843,0
5844,0
5845,0
5846,0
5848,0
5858,0
5869,0
5874,0
5876,0
5877,0
5878,0
5881,0
5886,0
5890,0
5902,0
5903,0
5912,0
5915,0
5920,0
5927,0
5928,0
5929,0
5933,0
5934,0
5935,0
5949,0
5952,0
5953,0
5958,0
5966,0
5967,0
5970,0
5972,0
5980,0
5985,0
5986,0
6001,0
6009,0
6012,0
6015,0
6016,0
6019,0
6020,0
6021,0
6032,0
6037,0
6040,0
6048,0
6079,0
6080,1
6089,0
6097,0
6101,0
6102,0
6104,0
6107,0
6116,1
6124,0
6135,1
6137,0
6139,0
6167,0
6178,0
6179,0
6199,0
6214,1
6215,1
6217,0
6222,0
6224,0
6226,0
6227,0
6231,0
6234,0
6235,0
6236,0
6237,0
6238,0
6244,0
6263,0
6270,0
6276,0
6280,0
6282,1
6283,0
6291,0
6297,0
6311,1
6323,0
6330,0
6331,0
6339,0
6341,0
6349,0
6354,0
6356,0
6359,0
6364,0
6381,0
6384,0
6385,0
6397,0
6401,0
6403,0
6405,0
6409,0
6413,0
6418,0
6419,0
6424,0
6426,0
6431,0
6434,0
6447,0
6451,0
6457,0
6458,1
6462,0
6466,0
6467,0
6473,0
6476,0
6485,0
6492,0
6494,0
6495,0
6504,0
6505,0
6510,0
6513,0
6518,0
6519,0
6530,0
6531,0
6537,0
6548,0
6581,0
6583,0
6586,0
6589,0
6590,1
6594,1
6597,0
6601,0
6603,1
6610,0
6616,0
6617,0
6621,0
6623,0
6630,0
6632,0
6636,0
6645,0
6666,0
6675,0
6682,0
6684,0
6692,0
6693,0
6694,0
6698,0
6700,0
6704,0
6705,0
6712,0
6714,0
6718,0
6719,1
6724,0
6727,0
6728,0
6731,0
6738,0
6741,0
6743,0
6751,0
6752,0
6768,0
6770,0
6771,0
6772,0
6773,0
6775,0
6779,0
6780,0
6785,0
6787,0
6793,0
6795,0
6797,0
6798,0
6800,0
6809,0
6810,0
6812,0
6814,0
6817,0
6824,0
6829,0
6832,0
6833,0
6835,0
6837,0
6841,0
6842,0
6845,0
6850,0
6853,0
6854,0
6859,1
6865,0
6866,0
6868,0
6869,0
6870,0
6871,0
6879,0
6896,0
6900,0
6902,0
6905,0
6913,0
6914,0
6931,0
6941,0
6953,0
6959,0
6961,0
6963,0
6974,0
6978,0
6986,0
6992,0
7000,0
7002,0
7003,0
7005,0
7010,0
7015,0
7017,1
7020,0
7027,0
7029,0
7030,0
7032,0
7042,0
7046,0
7048,0
7049,0
7052,0
7054,0
7055,0
7058,0
7063,0
7071,0
7075,0
7087,0
7089,0
7091,0
7094,0
7104,0
7108,0
7115,0
7119,0
7123,0
7127,0
7133,0
7140,0
7159,1
7173,0
7180,0
7185,0
7186,0
7187,0
7189,0
7190,0
7196,0
7206,0
7220,0
7222,0
7229,0
7242,0
7243,1
7246,0
7249,0
7257,1
7265,0
7270,0
7272,0
7274,0
7275,0
7282,0
7283,0
7293,0
7302,0
7316,0
7318,0
7320,0
7321,0
7325,0
7326,0
7327,0
7329,0
7338,0
7339,0
7341,1
7342,0
7343,0
7349,0
7351,0
7354,0
7360,0
7370,0
7371,0
7380,0
7388,0
7391,0
7394,0
7398,0
7401,0
7402,0
7407,0
7411,0
7414,0
7417,0
7420,0
7425,0
7429,0
7431,0
7444,0
7453,0
7454,0
7460,0
7464,0
7465,0
7474,0
7475,0
7477,0
7479,0
7487,0
7489,0
7490,0
7491,0
7494,0
7495,0
7508,0
7513,0
7515,0
7517,0
7522,0
7523,0
7525,0
7536,0
7547,0
7552,0
7554,0
7556,0
7561,0
7566,0
7579,0
7587,0
7590,0
7591,0
7599,0
7603,0
7611,0
7618,0
7621,0
7633,0
7634,0
7636,0
7647,0
7652,0
7657,0
7663,0
7664,0
7670,0
7671,0
7674,0
7675,0
7681,0
7683,0
7696,0
7700,0
7705,0
7714,0
7719,0
7725,0
7736,0
7738,0
7739,0
7743,0
7764,0
7766,0
7785,0
7786,0
7788,1
7789,0
7795,0
7798,0
7799,0
7802,0
7809,0
7811,0
7817,0
7818,0
7821,0
7831,0
7842,0
7846,0
7847,0
7854,0
7861,0
7868,0
7881,0
7895,0
7901,0
7903,0
7904,0
7906,0
7910,0
7916,0
7920,0
7934,0
7935,0
7937,0
7943,0
7947,0
7950,0
7951,0
7956,0
7957,1
7964,0
7971,0
7982,0
7985,1
7986,0
7993,0
7997,0
7998,0
8010,0
8012,0
8022,0
8030,0
8033,0
8035,0
8037,0
8038,0
8046,0
8048,0
8051,0
8052,0
8053,0
8056,0
8057,0
8063,0
8076,0
8078,0
8082,0
8086,0
8091,0
8102,0
8103,1
8104,0
8105,0
8125,0
8143,0
8148,0
8152,0
8153,0
8159,0
8160,0
8164,0
8165,0
8168,0
8169,0
8170,1
8171,0
8172,0
8173,0
8174,0
8181,0
8186,0
8187,0
8195,0
8198,0
8200,0
8203,0
8210,0
8212,0
8222,0
8224,0
8225,0
8229,0
8235,0
8238,0
8239,0
8242,0
8245,0
8253,0
8254,0
8256,0
8264,0
8265,0
8268,0
8269,0
8271,0
8273,0
8276,0
8281,1
8283,0
8293,0
8305,0
8307,0
8308,0
8319,0
8327,0
8328,0
8329,0
8332,0
8335,0
8339,0
8341,0
8343,0
8350,0
8359,0
8368,0
8377,0
8382,0
8389,0
8390,0
8397,0
8406,0
8417,0
8420,0
8426,0
8429,0
8431,0
8437,1
8438,0
8442,0
8447,0
8451,0
8462,0
8470,0
8478,0
8480,0
8481,1
8483,0
8487,0
8494,0
8505,0
8515,0
8535,0
8547,0
8552,0
8553,0
8567,0
8574,0
8578,0
8579,1
8581,0
8583,0
8587,0
8588,0
8594,0
8595,0
8608,0
8614,0
8616,0
8617,0
8618,0
8632,0
8633,0
8638,0
8645,0
8648,0
8650,0
8651,0
8653,0
8654,0
8656,1
8658,0
8659,0
8663,0
8664,0
8691,0
8696,0
8701,0
8714,0
8717,0
8719,0
8721,0
8723,0
8734,0
8736,0
8737,0
8741,0
8749,0
8757,0
8763,0
8777,0
8781,0
8783,0
8787,0
8788,0
8800,0
8815,0
8820,0
8825,0
8827,0
8837,0
8845,0
8857,0
8862,0
8863,0
8867,0
8868,0
8873,0
8877,0
8892,0
8895,0
8897,0
8899,0
8902,0
8906,0
8912,0
8913,0
8914,0
8915,0
8922,0
8935,0
8936,0
8937,0
8941,0
8944,0
8950,0
8957,0
8959,0
8960,0
8962,0
8967,1
8982,0
8984,0
8987,0
8995,1
8998,0
9000,0
9012,0
9014,0
9017,0
9018,0
9020,0
9027,0
9028,0
9029,0
9032,0
9036,0
9043,0
9049,0
9063,0
9064,0
9073,0
9089,0
9093,0
9096,0
9097,0
9109,0
9111,0
9124,0
9125,0
9127,0
9134,0
9144,0
9171,0
9180,0
9183,0
9186,0
9190,0
9193,0
9201,0
9202,0
9213,0
9220,0
9232,0
9243,0
9246,0
9250,0
9255,0
9262,0
9269,0
9272,0
9275,0
9277,0
9281,0
9284,0
9289,0
9293,0
9297,0
9298,0
9306,0
9313,0
9314,0
9315,0
9323,0
9331,0
9335,0
9336,0
9340,0
9346,0
9364,0
9370,0
9372,0
9376,0
9379,0
9380,0
9387,0
9398,0
9399,0
9405,0
9408,0
9412,0
9429,0
9432,0
9434,0
9436,0
9438,0
9445,0
9448,0
9451,0
9456,0
9471,0
9475,0
9477,0
9480,0
9483,0
9487,0
9489,0
9501,0
9506,0
9515,0
9523,0
9528,0
9534,0
9539,0
9540,0
9547,0
9557,0
9558,0
9567,0
9576,0
9583,0
9588,1
9591,0
9592,0
9599,0
9603,0
9606,0
9612,0
9614,1
9615,0
9624,0
9627,0
9630,0
9632,0
9635,0
9638,0
9648,0
9652,0
9658,0
9659,0
9660,0
9666,0
9675,0
9685,0
9695,0
9696,0
9700,0
9701,0
9708,0
9711,0
9712,0
9714,0
9715,0
9717,0
9722,0
9726,0
9727,0
9728,0
9729,0
9734,0
9735,0
9745,0
9747,0
9749,1
9754,0
9757,0
9762,1
9768,0
9781,0
9782,0
9786,0
9788,0
9807,0
9811,0
9812,0
9819,0
9821,0
9823,0
9828,0
9835,0
9841,0
9843,0
9845,0
9850,0
9853,0
9856,0
9865,0
9866,0
9868,0
9870,0
9875,0
9876,0
9885,0
9887,0
9893,0
9900,0
9903,0
9906,0
9907,1
9911,0
9913,0
9914,0
9915,0
9922,0
9924,0
9925,0
9930,0
9932,0
9933,0
9934,0
9936,0
9943,0
9955,0
9960,0
9966,0
9970,0
9987,0
9990,0
9995,0
10000,1
10001,0
10002,0
10007,1
10013,0
10022,0
10030,0
10032,0
10034,0
10042,0
10046,0
10053,1
10054,0
10062,0
10069,0
10073,0
10076,0
10085,0
10086,0
10088,0
10093,0
10094,0
10096,0
10098,0
10105,0
10108,0
10109,0
10110,0
10115,0
10118,0
10123,0
10125,0
10130,0
10132,0
10136,0
10138,0
10141,0
10152,0
10163,0
10166,0
10169,0
10171,0
10176,0
10182,0
10184,0
10193,0
10194,0
10196,0
10199,0
10200,0
10209,0
10211,0
10212,0
10217,0
10222,0
10231,0
10239,0
10254,0
10259,0
10260,0
10266,0
10273,0
10276,0
10279,0
10282,0
10285,0
10291,1
10298,0
10300,0
10301,0
10302,0
10316,0
10325,0
10336,0
10337,0
10339,0
10341,0
10342,1
10347,0
10351,0
10353,0
10355,0
10367,0
10373,0
10376,0
10378,0
10383,0
10402,0
10404,0
10405,0
10408,0
10413,0
10417,0
10418,0
10424,0
10428,0
10429,0
10439,0
10441,0
10442,0
10447,0
10449,0
10450,0
10452,0
10455,0
10466,0
10469,0
10474,0
10476,0
10477,0
10494,0
10502,0
10509,0
10510,0
10515,0
10520,0
10525,0
10537,0
10548,0
10552,0
10555,0
10556,0
10557,0
10581,0
10583,0
10585,0
10586,0
10596,0
10597,0
10616,0
10619,0
10621,0
10622,0
10624,0
10635,0
10642,1
10651,0
10652,0
10669,0
10674,0
10675,0
10697,0
10701,0
10702,0
10704,0
10712,0
10717,0
10722,0
10723,0
10725,0
10734,0
10735,0
10747,0
10754,0
10763,0
10775,0
10780,0
10782,0
10786,0
10796,0
10800,0
10801,0
10809,0
10812,0
10820,0
10822,0
10827,0
10830,0
10833,0
10839,0
10848,0
10851,0
10869,0
10871,0
10874,0
10879,0
10883,0
10889,0
10890,0
10907,0
10915,0
10924,0
10927,0
10928,1
10933,0
10935,0
10942,0
10945,0
10950,0
10951,0
10983,0
10986,0
10992,0
10996,0
10997,0
10999,0
11001,0
11010,0
11014,0
11015,0
11020,0
11025,0
11026,0
11043,0
11044,0
11046,0
11048,0
11050,0
11051,0
11055,0
11056,0
11059,0
11060,0
11064,0
11066,0
11075,0
11076,0
11077,0
11081,0
11085,0
11094,0
11095,0
11096,0
11097,0
11101,0
11104,0
11114,0
11116,0
11136,0
11137,0
11138,0
11152,0
11162,0
11166,0
11170,0
11171,0
11174,0
11175,0
11180,0
11187,0
11190,0
11200,0
11225,0
11233,0
11239,0
11247,0
11250,0
11253,0
11259,0
11265,0
11266,0
11273,0
11279,0
11283,0
11284,0
11292,0
11295,0
11298,0
11307,0
11308,0
11311,0
11318,0
11319,0
11320,0
11328,0
11330,0
11334,0
11342,0
11357,0
11371,0
11373,0
11377,0
11380,0
11384,0
11385,0
11388,0
11392,0
11393,0
11394,0
11396,0
11397,0
11399,0
11413,0
11418,0
11423,0
11426,0
11431,0
11435,0
11441,0
11442,0
11452,0
11464,0
11471,0
11472,0
11473,0
11480,1
11490,0
11491,0
11496,0
11505,0
11515,0
11517,0
11518,0
11523,0
11528,0
11529,0
11536,0
11540,0
11544,0
11546,0
11551,0
11558,0
11559,0
11564,0
11582,1
11584,0
11586,0
11592,0
11599,0
11600,0
11601,0
11604,0
11605,0
11606,0
11609,0
11610,0
11613,0
11614,0
11621,0
11626,0
11630,0
11635,0
11638,0
11639,0
11645,0
11646,0
11653,1
11667,0
11675,0
11677,0
11679,0
11682,0
11685,0
11687,0
11688,0
11690,0
11696,0
11697,0
11704,0
11705,0
11711,0
11715,0
11719,0
11725,0
11732,0
11733,0
11738,0
11739,0
11742,0
11743,0
11745,0
11746,0
11755,0
11756,0
11767,0
11780,0
11781,0
11788,0
11789,0
11790,0
11793,0
11798,0
11804,0
11806,0
11813,0
11814,0
11819,0
11823,0
11829,0
11831,0
11835,0
11838,0
11843,0
11847,0
11852,0
11857,0
11859,0
11884,0
11898,0
11908,0
11911,0
11912,0
11918,0
11923,1
11926,0
11931,0
11941,0
11943,0
11948,0
11949,0
11953,0
11957,0
11962,0
11966,0
11968,0
11977,0
11984,0
11987,0
11989,0
11993,0
11995,0
11997,0
11998,0
12008,0
12009,0
12011,0
12014,0
12020,0
12024,0
12025,0
12030,0
12038,0
12051,0
12052,0
12053,0
12056,0
12059,0
12072,0
12073,0
12074,0
12081,0
12082,0
12089,0
12093,0
12108,0
12111,1
12122,0
12125,0
12130,0
12132,0
12136,0
12138,0
12141,0
12142,0
12144,0
12148,0
12155,0
12158,0
12159,0
12166,0
12167,0
12169,0
12175,0
12177,0
12183,0
12184,0
12185,0
12196,0
12204,0
12207,0
12210,0
12212,0
12213,0
12215,0
12221,0
12224,0
12231,0
12234,0
12236,0
12247,0
12256,0
12257,0
12272,0
12278,0
12281,0
12283,0
12285,0
12306,0
12307,0
12312,0
12315,0
12320,0
12324,0
12327,0
12336,0
12340,0
12346,0
12360,0
12363,0
12365,0
12366,0
12371,0
12372,0
12375,0
12379,0
12383,0
12390,0
12393,0
12399,0
12400,0
12408,0
12419,0
12422,0
12426,0
12432,0
12438,0
12439,0
12447,0
12450,0
12465,0
12470,0
12472,0
12473,0
12478,0
12492,0
12498,0
12511,0
12514,0
12515,0
12517,0
12527,0
12533,0
12537,0
12538,0
12544,1
12547,0
12549,0
12553,0
12561,0
12569,0
12570,0
12572,0
12578,0
12581,0
12588,0
12591,0
12594,0
12599,0
12607,0
12616,0
12618,0
12624,0
12625,0
12628,0
12630,0
12633,0
12636,0
12639,0
12645,0
12646,0
12650,0
12657,0
12662,0
12676,0
12678,0
12688,0
12695,0
12706,0
12716,0
12726,0
12730,0
12732,0
12735,0
12736,0
12742,0
12746,0
12748,0
12752,0
12753,0
12762,0
12767,0
12773,0
12774,0
12781,0
12788,0
12793,0
12799,0
12802,0
12803,0
12805,0
12813,0
12815,0
12823,0
12827,0
12829,0
12837,0
12839,0
12845,0
12846,0
12849,0
12854,0
12855,0
12856,0
12864,0
12873,0
12877,0
12878,0
12884,0
12888,0
12889,0
12890,0
12900,0
12903,0
12904,0
12906,0
12909,0
12921,0
12923,0
12929,0
12933,0
12947,0
12958,0
12980,0
13002,0
13003,0
13004,0
13005,0
13011,0
13018,0
13034,0
13051,0
13064,0
13065,0
13066,0
13075,0
13085,0
13087,0
13092,0
13098,0
13106,0
13107,0
13108,1
13111,0
13113,0
13127,0
13128,0
13130,0
13137,0
13150,0
13156,0
13163,0
13166,0
13172,0
13183,1
13186,0
13187,0
13190,0
13192,0
13200,0
13201,0
13202,0
13209,1
13224,0
13225,0
13227,0
13232,0
13250,0
13252,0
13258,0
13261,0
13264,0
13267,0
13271,0
13272,0
13277,0
13283,0
13288,0
13300,0
13304,0
13307,0
13312,0
13313,0
13323,0
13325,0
13329,0
13344,0
13347,0
13350,0
13360,0
13364,0
13371,0
13377,0
13385,1
13387,0
13389,0
13391,0
13393,0
13406,0
13407,0
13422,0
13426,0
13429,0
13431,0
13436,0
13439,0
13440,0
13443,0
13444,0
13456,0
13459,0
13462,0
13463,1
13464,0
13466,0
13470,0
13471,0
13482,0
13504,0
13512,0
13514,0
13522,0
13525,0
13528,0
13532,0
13535,0
13539,1
13570,0
13574,0
13579,0
13587,0
13594,1
13600,0
13602,0
13606,1
13609,0
13611,0
13616,0
13618,0
13619,0
13622,0
13625,0
13626,0
13632,0
13634,0
13635,0
13641,0
13644,0
13648,0
13651,0
13664,0
13683,0
13688,0
13693,0
13697,0
13705,0
13725,0
13729,0
13734,0
13742,0
13749,0
13753,0
13757,0
13760,0
13765,0
13766,0
13767,0
13770,0
13782,0
13784,0
13797,0
13803,0
13813,0
13814,0
13816,0
13819,0
13821,0
13825,0
13830,0
13834,0
13841,0
13846,0
13851,0
13863,1
13869,0
13876,0
13877,0
13884,0
13885,0
13890,0
13895,0
13896,0
13904,0
13908,0
13912,0
13916,0
13917,0
13918,0
13921,0
13928,0
13929,0
13930,0
13934,0
13937,0
13939,0
13946,0
13952,1
13955,0
13966,0
13979,0
13981,0
13986,0
13987,0
14000,0
14015,0
14017,0
14021,0
14025,0
14027,0
14030,0
14032,0
14034,0
14041,0
14042,0
14046,0
14050,0
14052,0
14058,1
14066,0
14071,0
14073,0
14085,0
14088,0
14089,0
14093,0
14107,0
14108,0
14113,0
14114,0
14126,0
14132,0
14137,0
14144,0
14154,0
14155,0
14158,1
14162,0
14173,0
14174,0
14179,0
14186,0
14190,0
14200,0
14203,0
14207,0
14212,0
14215,0
14216,0
14221,0
14222,0
14227,0
14240,0
14244,0
14246,0
14256,0
14259,0
14264,0
14265,0
14269,0
14271,0
14277,0
14286,0
14288,0
14306,0
14311,0
14341,0
14351,0
14355,0
14359,0
14362,0
14364,0
14370,0
14373,1
14375,0
14377,0
14378,0
14381,0
14382,0
14389,0
14400,0
14402,0
14403,0
14407,0
14415,0
14423,0
14430,0
14437,0
14452,0
14455,1
14459,0
14467,0
14475,0
14476,0
14478,0
14481,0
14482,0
14486,0
14487,0
14492,0
14497,0
14501,0
14502,0
14504,0
14505,0
14506,0
14515,0
14522,0
14525,0
14529,0
14537,0
14550,0
14555,0
14559,0
14561,0
14562,0
14563,0
14565,0
14571,0
14572,0
14573,0
14589,0
14591,0
14594,0
14613,0
14616,0
14631,0
14633,0
14635,0
14643,0
14645,0
14646,0
14648,0
14654,0
14655,0
14662,0
14680,0
14682,0
14683,0
14692,0
14694,1
14699,0
14701,0
14706,0
14733,0
14736,0
14739,0
14742,0
14755,0
14758,0
14760,0
14769,0
14771,0
14776,0
14779,0
14782,0
14784,0
14789,0
14790,0
14798,0
14811,1
14813,0
14817,0
14818,0
14827,0
14833,0
14843,0
14846,0
14852,0
14853,0
14860,0
14882,0
14887,0
14889,0
14890,0
14897,0
14907,0
14918,0
14925,0
14926,0
14929,0
14934,0
14935,0
14941,0
14945,1
14946,0
14952,0
14967,0
14972,0
14973,0
14975,0
14984,1
14985,0
14986,0
14998,0
15002,0
15003,0
15012,0
15013,0
15014,0
15025,0
15030,0
15035,0
15046,0
15047,0
15056,0
15061,0
15069,0
15070,0
15078,0
15080,0
15098,0
15106,0
15111,0
15121,0
15122,0
15130,0
15137,0
15139,0
15143,0
15145,1
15164,1
15168,0
15171,0
15174,0
15182,0
15191,0
15193,0
15194,0
15195,0
15196,0
15201,0
15215,0
15219,0
15231,0
15232,0
15233,0
15235,0
15237,0
15239,0
15252,0
15258,1
15260,0
15263,0
15275,0
15277,0
15285,0
15297,0
15304,0
15306,0
15312,0
15315,0
15316,0
15317,0
15320,0
15337,0
15348,0
15353,0
15355,0
15357,0
15371,0
15373,0
15374,0
15380,0
15385,0
15387,0
15398,0
15400,0
15401,0
15414,0
15437,0
15447,0
15449,0
15458,0
15464,0
15466,1
15479,0
15489,1
15494,0
15500,0
15502,0
15503,0
15514,0
15517,0
15519,0
15522,0
15529,0
15532,0
15536,0
15537,0
15540,0
15542,0
15547,0
15548,0
15550,0
15557,0
15568,0
15578,0
15580,0
15588,0
15591,0
15592,0
15593,0
15596,0
15600,0
15605,0
15612,0
15617,0
15619,0
15620,0
15625,0
15632,0
15635,0
15637,0
15640,0
15644,0
15645,0
15646,0
15647,0
15661,1
15667,0
15673,0
15682,0
15683,0
15686,0
15687,0
15692,0
15700,0
15701,0
15703,0
15704,0
15708,0
15710,0
15712,0
15715,0
15717,0
15720,1
15728,0
15731,0
15735,0
15738,0
15746,0
15748,0
15751,0
15753,0
15754,0
15758,0
15759,0
15762,0
15766,0
15767,0
15768,0
15769,0
15786,0
15787,0
15790,0
15801,0
15807,0
15809,0
15818,0
15821,0
15825,0
15826,0
15827,0
15835,0
15843,0
15847,0
15854,0
15860,0
15865,0
15866,0
15869,0
15870,0
15872,0
15890,0
15900,0
15902,0
15906,0
15909,0
15912,0
15913,0
15916,0
15923,0
15925,0
15926,0
15929,0
15940,0
15941,0
15942,0
15945,0
15946,0
15950,0
15952,0
15959,0
15970,0
15971,0
15974,0
15977,0
15978,0
15982,0
15987,0
15988,0
15992,0
15995,0
15998,0
16002,0
16014,0
16016,0
16020,0
16027,0
16028,1
16031,0
16034,0
16035,0
16038,0
16041,0
16049,0
16059,0
16066,0
16067,0
16068,0
16078,0
16079,0
16085,1
16086,0
16092,0
16112,0
16115,0
16120,0
16121,0
16129,0
16130,0
16133,0
16136,0
16137,0
16155,0
16158,0
16160,0
16171,0
16174,0
16177,0
16180,0
16185,0
16188,0
16209,0
16217,0
16219,0
16224,0
16227,0
16233,0
16247,0
16250,0
16252,0
16257,0
16259,1
16260,0
16262,0
16265,0
16267,0
16268,0
16278,0
16283,0
16284,0
16285,0
16289,0
16290,0
16298,0
16309,0
16315,0
16317,0
16334,0
16338,0
16341,0
16343,0
16347,0
16350,0
16356,0
16371,0
16379,0
16399,0
16403,0
16410,0
16411,0
16412,0
16427,0
16431,0
16432,0
16438,0
16441,0
16442,0
16447,0
16448,0
16450,0
16455,0
16456,0
16460,0
16461,0
16468,0
16474,0
16483,0
16488,0
16501,0
16503,0
16511,0
16513,0
16516,0
16519,0
16532,0
16540,0
16542,0
16547,1
16548,0
16551,0
16554,0
16557,0
16564,0
16568,0
16569,0
16573,0
16578,0
16579,0
16583,0
16589,0
16590,0
16591,0
16594,0
16603,0
16606,0
16609,0
16612,0
16615,0
16616,0
16620,0
16633,0
16649,0
16658,0
16661,0
16672,0
16675,0
16680,0
16688,0
16690,0
16694,0
16705,0
16708,0
16715,0
16716,0
16724,0
16737,0
16749,0
16750,0
16757,0
16763,0
16769,0
16771,0
16772,0
16779,0
16780,0
16783,0
16784,0
16797,0
16798,0
16801,0
16807,0
16810,0
16816,0
16818,0
16822,0
16831,0
16838,0
16843,1
16851,0
16852,0
16854,0
16865,0
16871,0
16874,0
16883,0
16890,0
16896,0
16899,0
16905,0
16910,0
16911,0
16913,0
16914,0
16915,0
16922,0
16923,0
16927,0
16928,0
16929,0
16934,0
16937,0
16938,0
16949,0
16953,0
16954,0
16961,0
16964,0
16967,0
16981,0
16993,0
17004,0
17005,0
17014,0
17015,0
17022,0
17023,0
17024,0
17027,0
17033,0
17035,0
17036,0
17037,0
17039,0
17041,0
17046,0
17051,0
17052,0
17054,0
17058,0
17059,0
17060,0
17064,0
17066,0
17067,0
17071,0
17074,0
17089,0
17103,0
17105,0
17114,0
17115,0
17120,0
17121,0
17122,0
17125,0
17130,0
17132,0
17135,0
17138,0
17145,0
17152,0
17153,0
17154,1
17159,0
17168,0
17186,0
17192,0
17193,0
17197,0
17202,0
17216,0
17217,0
17221,0
17226,0
17236,0
17239,0
17248,0
17249,0
17251,0
17253,0
17257,0
17267,0
17270,0
17273,0
17279,0
17283,0
17288,0
17289,0
17294,0
17297,0
17300,0
17309,0
17312,0
17313,0
17315,0
17317,1
17328,0
17329,0
17336,0
17337,0
17343,0
17347,0
17348,0
17349,0
17353,0
17354,0
17368,0
17379,0
17382,0
17383,0
17384,0
17388,0
17396,0
17398,0
17403,0
17407,0
17408,0
17411,0
17412,0
17416,0
17422,0
17427,0
17437,0
17441,0
17442,0
17446,0
17447,0
17456,1
17458,1
17486,0
17492,0
17496,0
17514,0
17521,0
17522,0
17523,0
17525,0
17526,0
17527,0
17532,0
17536,0
17546,0
17558,0
17560,0
17562,0
17564,0
17566,0
17567,0
17579,0
17581,0
17582,0
17587,0
17594,0
17596,0
17598,0
17599,0
17604,0
17605,0
17622,0
17623,0
17625,0
17628,0
17630,0
17632,0
17642,0
17645,0
17646,0
17654,0
17658,0
17659,0
17663,0
17665,0
17673,0
17687,0
17690,0
17693,0
17703,0
17705,0
17709,0
17721,0
17727,0
17728,0
17731,0
17740,0
17746,0
17747,0
17761,0
17765,0
17767,0
17774,0
17781,0
17782,0
17785,0
17788,0
17789,0
17793,0
17802,0
17803,0
17806,0
17809,0
17819,0
17822,0
17827,0
17834,0
17837,0
17841,0
17848,0
17854,0
17858,0
17868,0
17870,0
17873,0
17886,0
17892,0
17895,0
17916,0
17922,0
17924,0
17926,0
17928,0
17937,0
17939,0
17940,0
17943,0
17945,0
17946,0
17948,0
17950,0
17954,0
17957,0
17964,0
17969,0
17989,0
17992,0
17996,0
17997,0
18008,0
18009,0
18010,0
18017,0
18018,0
18024,0
18025,0
18040,0
18041,0
18044,0
18045,0
18046,0
18051,0
18054,0
18057,0
18060,0
18062,0
18063,1
18066,0
18071,0
18081,0
18082,0
18086,0
18088,0
18102,0
18106,0
18108,0
18117,0
18122,0
18124,0
18129,0
18130,0
18141,0
18146,0
18153,0
18162,0
18166,1
18174,0
18176,0
18182,0
18200,0
18201,0
18204,0
18219,0
18220,0
18222,0
18223,0
18225,0
18233,0
18238,0
18241,0
18244,0
18245,0
18250,0
18255,0
18265,0
18270,0
18273,0
18274,0
18275,0
18278,0
18282,0
18292,0
18312,0
18325,0
18328,0
18337,0
18343,0
18344,0
18353,0
18358,0
18359,0
18362,0
18363,0
18364,0
18365,0
18373,0
18374,0
18375,0
18381,0
18384,0
18403,0
18410,0
18413,0
18414,0
18416,0
18425,0
18428,0
18429,0
18434,0
18436,0
18441,0
18442,0
18445,0
18451,0
18453,0
18456,0
18463,0
18469,0
18475,0
18488,1
18492,0
18493,0
18495,0
18496,0
18503,0
18507,0
18512,0
18514,0
18517,0
18523,0
18536,0
18554,1
18558,0
18559,0
18561,0
18571,0
18575,0
18601,0
18603,0
18629,0
18634,0
18635,0
18650,0
18659,0
18660,0
18663,0
18666,1
18677,0
18683,0
18687,0
18688,0
18691,0
18692,0
18695,0
18701,0
18705,0
18709,0
18713,0
18717,0
18730,0
18749,0
18754,0
18756,0
18760,0
18765,0
18775,0
18776,0
18780,0
18781,0
18785,0
18788,0
18791,0
18795,0
18800,0
18802,0
18805,0
18807,0
18818,0
18821,0
18823,0
18824,0
18825,0
18833,0
18841,0
18847,0
18848,0
18850,0
18853,0
18861,0
18863,0
18865,0
18866,0
18877,0
18885,0
18890,0
18896,0
18899,0
18900,0
18907,0
18909,0
18912,0
18913,0
18925,0
18932,0
18937,0
18942,0
18944,0
18946,0
18949,1
18951,0
18952,0
18954,0
18964,0
18968,0
18969,0
18975,0
18979,0
18986,0
18987,0
18996,0
18997,0
19002,0
19009,0
19010,0
19020,0
19028,0
19029,0
19031,0
19032,0
19035,0
19048,0
19062,0
19067,0
19071,0
19076,0
19079,0
19084,1
19091,0
19096,0
19105,0
19110,0
19111,0
19112,0
19114,0
19119,0
19132,0
19140,0
19143,0
19147,0
19162,0
19169,0
19175,0
19181,0
19192,0
19193,0
19197,0
19200,0
19205,1
19216,0
19225,0
19229,0
19244,0
19246,0
19247,0
19250,0
19252,0
19254,0
19273,0
19295,0
19303,0
19305,0
19310,0
19311,0
19317,0
19325,0
19326,0
19329,0
19333,0
19334,0
19341,0
19344,0
19348,0
19349,0
19355,0
19372,0
19374,0
19376,0
19379,0
19380,0
19385,0
19391,0
19392,0
19395,0
19400,0
19405,0
19406,0
19407,0
19408,0
19413,0
19419,0
19420,0
19423,0
19426,0
19427,0
19431,0
19433,0
19435,0
19439,0
19446,0
19447,0
19448,0
19464,0
19469,0
19478,0
19480,0
19488,0
19503,0
19504,0
19505,0
19508,0
19509,0
19512,0
19521,0
19525,0
19530,0
19534,0
19536,0
19540,0
19541,0
19550,0
19551,0
19558,0
19561,0
19563,0
19577,0
19579,0
19583,0
19585,0
19597,1
19605,0
19608,0
19621,0
19626,0
19628,0
19629,0
19632,0
19636,0
19648,0
19652,0
19653,0
19655,0
19658,0
19659,0
19662,0
19668,0
19670,0
19676,0
19680,0
19703,0
19708,0
19710,0
19714,0
19716,0
19719,0
19722,0
19723,0
19736,0
19739,0
19744,0
19745,0
19753,0
19767,0
19770,0
19771,0
19775,0
19783,1
19784,0
19787,0
19805,0
19808,0
19810,0
19811,0
19813,1
19816,0
19821,0
19822,0
19823,0
19833,0
19835,0
19844,0
19848,0
19849,0
19854,0
19855,0
19857,0
19872,0
19877,0
19882,0
19892,0
19895,1
19898,0
19909,0
19917,0
19925,0
19926,0
19927,0
19942,0
19948,0
19955,0
19959,0
19961,0
19965,0
19968,1
19970,0
19972,0
19979,0
19984,0
19989,0
19992,0
19996,0
19997,0
19998,0
20000,0
20001,0
20003,0
20007,0
20010,0
20011,0
20012,0
20023,0
20026,0
20030,0
20031,1
20035,0
20037,0
20038,0
20040,0
20048,0
20058,0
20062,0
20066,0
20070,0
20071,0
20081,0
20083,0
20087,0
20098,0
20100,0
20116,0
20122,0
20129,0
20131,0
20134,0
20145,0
20146,0
20150,0
20154,0
20166,0
20172,0
20173,0
20176,0
20179,0
20180,0
20184,0
20189,0
20192,0
20201,0
20203,0
20205,0
20208,0
20217,0
20223,0
20227,0
20229,0
20231,0
20238,0
20246,0
20247,0
20259,0
20260,0
20273,0
20281,0
20283,0
20287,0
20293,0
20294,0
20298,0
20300,0
20307,0
20311,0
20312,0
20317,0
20321,0
20322,0
20323,0
20325,0
20330,0
20344,0
20345,0
20346,0
20347,0
20349,1
20350,0
20355,0
20362,0
20365,0
20391,0
20394,0
20395,0
20404,0
20406,0
20407,0
20411,0
20416,0
20417,0
20420,0
20423,0
20425,0
20428,0
20434,0
20436,0
20447,0
20456,0
20461,1
20462,0
20463,0
20464,0
20471,0
20478,0
20483,0
20485,0
20489,0
20491,0
20501,0
20516,0
20518,0
20529,0
20531,0
20543,0
20546,0
20551,0
20553,0
20559,0
20562,0
20564,0
20573,0
20601,0
20603,0
20607,0
20617,1
20619,0
20622,0
20624,0
20634,0
20636,0
20637,0
20638,0
20645,0
20651,0
20655,0
20664,0
20669,0
20671,0
20674,0
20675,0
20676,0
20679,0
20681,0
20683,0
20685,0
20689,0
20690,0
20705,1
20711,0
20713,0
20721,0
20724,0
20726,0
20727,0
20739,0
20740,0
20745,0
20746,0
20754,0
20757,0
20760,0
20776,0
20782,0
20788,0
20799,0
20805,0
20806,0
20824,0
20825,0
20831,0
20833,0
20836,0
20841,0
20844,0
20849,0
20855,0
20866,0
20872,0
20873,0
20877,0
20879,0
20881,0
20886,0
20916,0
20918,0
20928,0
20931,0
20932,0
20936,0
20947,0
20963,0
20965,0
20966,0
20976,0
20977,0
20978,0
20991,0
21000,0
21014,0
21020,0
21022,0
21030,0
21033,0
21046,0
21049,0
21052,0
21057,0
21058,0
21061,0
21067,0
21069,0
21070,0
21074,0
21077,0
21081,0
21084,0
21085,0
21086,0
21092,0
21094,0
21097,0
21099,0
21102,0
21108,0
21113,0
21120,0
21123,0
21138,0
21140,0
21151,0
21152,0
21164,0
21167,0
21169,0
21171,0
21186,0
21188,0
21190,0
21194,0
21198,0
21203,0
21204,0
21211,0
21214,0
21215,0
21216,0
21217,0
21224,0
21232,0
21238,0
21243,0
21252,0
21258,0
21262,0
21263,0
21267,0
21271,0
21277,0
21284,0
21288,0
21301,0
21305,0
21310,0
21311,0
21334,0
21338,0
21339,0
21342,0
21346,0
21350,0
21352,0
21353,0
21360,0
21361,0
21365,0
21374,0
21379,0
21388,0
21395,0
21402,1
21404,0
21405,0
21406,0
21407,0
21410,0
21411,0
21412,0
21420,0
21422,0
21435,0
21440,0
21446,0
21455,0
21474,0
21487,0
21511,0
21516,0
21519,0
21531,0
21532,0
21539,0
21543,0
21558,0
21559,0
21563,0
21571,1
21578,0
21579,0
21585,0
21589,0
21597,0
21605,0
21618,0
21620,0
21624,0
21628,0
21629,0
21632,0
21637,0
21642,0
21652,0
21654,0
21657,0
21660,0
21663,0
21668,0
21673,0
21674,0
21675,0
21681,0
21703,0
21706,0
21708,0
21719,0
21720,0
21724,0
21725,0
21740,0
21754,0
21755,0
21757,0
21760,0
21762,0
21770,0
21772,0
21779,0
21780,0
21786,0
21806,0
21812,0
21813,0
21814,0
21820,0
21829,0
21831,0
21832,0
21844,0
21847,0
21848,0
21852,0
21857,0
21863,1
21870,0
21882,0
21883,0
21885,0
21892,0
21895,0
21898,0
21929,0
21943,0
21957,0
21961,0
21966,0
21970,0
21983,0
21991,0
21998,0
22000,0
22002,0
22011,0
22013,0
22018,0
22019,0
22021,0
22025,0
22030,1
22031,0
22041,1
22046,0
22065,0
22069,0
22071,0
22084,0
22106,0
22115,0
22119,0
22123,0
22124,0
22140,0
22147,0
22153,0
22160,0
22165,0
22169,0
22175,0
22176,0
22179,0
22189,0
22191,0
22195,0
22201,0
22211,0
22213,0
22215,0
22217,1
22224,0
22227,0
22228,0
22229,0
22231,0
22240,0
22250,0
22253,0
22261,0
22266,0
22267,0
22268,0
22273,0
22279,0
22287,0
22288,0
22290,0
22308,0
22309,0
22316,0
22333,0
22335,0
22336,0
22338,0
22343,1
22354,0
22358,0
22359,0
22362,0
22371,0
22372,0
22377,0
22378,0
22379,0
22384,0
22392,0
22403,0
22405,0
22408,0
22412,0
22416,0
22422,0
22425,0
22430,0
22447,1
22448,0
22464,0
22472,0
22479,0
22483,0
22484,0
22487,0
22491,0
22492,0
22510,0
22511,1
22513,0
22515,0
22517,0
22519,0
22524,1
22526,0
22534,0
22535,0
22540,1
22561,0
22563,0
22564,0
22565,1
22570,0
22572,0
22573,0
22574,0
22585,0
22598,0
22613,0
22619,0
22622,0
22623,0
22661,0
22678,0
22683,0
22685,0
22689,0
22690,0
22692,0
22704,0
22710,0
22715,0
22731,0
22738,0
22744,0
22746,0
22747,0
22748,0
22756,0
22757,0
22759,0
22762,0
22764,0
22765,0
22766,0
22767,0
22775,0
22781,0
22782,0
22787,0
22792,0
22805,0
22806,0
22815,0
22816,0
22817,0
22820,0
22824,0
22825,0
22827,0
22828,0
22836,0
22850,0
22851,0
22857,0
22883,0
22886,0
22891,0
22898,0
22904,0
22906,0
22911,0
22921,0
22922,0
22924,0
22929,0
22939,0
22958,0
22960,0
22962,0
22964,0
22965,0
22968,0
22976,0
22980,0
22982,0
22984,0
22986,0
22990,0
22994,0
23003,0
23006,0
23013,0
23018,0
23024,0
23030,0
23039,0
23042,0
23053,0
23059,0
23062,1
23067,0
23075,0
23076,0
23082,0
23097,0
23098,0
23100,0
23106,0
23115,0
23119,0
23127,0
23130,0
23134,0
23135,0
23136,0
23137,0
23149,0
23154,0
23159,0
23173,0
23174,1
23175,0
23181,0
23182,0
23186,0
23187,0
23191,0
23193,0
23195,0
23199,0
23201,0
23217,0
23230,0
23231,0
23234,0
23235,1
23237,0
23238,0
23243,0
23248,0
23255,0
23256,0
23257,0
23259,0
23260,0
23269,1
23274,0
23277,0
23280,0
23295,0
23297,0
23300,0
23320,0
23324,0
23327,0
23334,0
23335,0
23338,0
23340,1
23342,0
23359,0
23362,1
23367,0
23369,0
23378,0
23383,0
23390,0
23394,0
23395,0
23397,0
23401,0
23403,0
23404,0
23407,0
23423,0
23427,1
23432,0
23441,0
23453,0
23455,0
23456,0
23463,0
23469,0
23474,0
23476,0
23481,0
23483,1
23484,0
23487,0
23489,0
23492,0
23493,0
23499,0
23500,0
23503,0
23510,0
23519,0
23521,0
23526,0
23539,0
23550,0
23553,0
23557,0
23568,0
23576,0
23577,0
23579,0
23580,0
23591,0
23598,0
23600,0
23607,0
23616,0
23623,0
23625,0
23627,0
23631,0
23641,0
23642,0
23643,0
23652,0
23658,0
23660,0
23665,0
23666,0
23667,0
23689,0
23696,0
23697,0
23699,0
23701,0
23714,0
23717,1
23718,0
23721,0
23726,0
23727,0
23734,0
23738,0
23739,0
23744,1
23750,0
23759,0
23760,0
23764,0
23765,0
23769,0
23779,0
23784,0
23786,0
23791,0
23795,0
23802,1
23818,0
23827,0
23829,0
23830,0
23840,0
23843,1
23844,1
23846,0
23851,0
23857,0
23878,0
23880,0
23882,0
23885,1
23897,0
23903,0
23910,0
23911,0
23913,0
23914,0
23923,0
23928,0
23930,0
23941,0
23946,0
23947,0
23957,0
23958,0
23975,0
23982,0
23984,0
23991,0
23993,0
23996,0
24010,0
24013,0
24015,0
24019,0
24024,0
24031,0
24034,0
24037,0
24040,0
24046,0
24047,0
24050,0
24056,0
24059,0
24063,0
24068,0
24075,0
24079,0
24083,0
24084,0
24089,0
24090,0
24102,0
24106,0
24108,0
24110,0
24115,0
24116,0
24124,0
24126,1
24135,0
24145,0
24151,0
24152,0
24153,0
24159,0
24163,0
24164,0
24167,0
24168,0
24181,0
24187,0
24191,0
24192,0
24195,1
24202,0
24209,0
24213,0
24214,0
24224,1
24225,0
24230,0
24231,0
24236,0
24246,0
24253,0
24268,0
24273,1
24274,0
24280,0
24281,0
24299,0
24321,0
24325,1
24331,0
24337,0
24344,0
24347,0
24349,0
24360,0
24362,0
24363,0
24369,0
24373,0
24374,0
24376,0
24386,0
24398,0
24399,0
24407,0
24428,0
24439,0
24440,0
24446,0
24456,0
24460,0
24463,0
24467,0
24471,0
24475,0
24480,0
24484,0
24486,0
24511,0
24522,0
24528,0
24536,0
24540,0
24545,0
24548,0
24563,0
24571,0
24572,0
24577,0
24595,1
24597,0
24598,0
24602,0
24608,0
24612,0
24619,0
24620,0
24623,0
24624,0
24625,1
24630,0
24637,0
24646,0
24651,0
24653,0
24656,0
24658,0
24660,0
24662,0
24673,0
24680,0
24693,0
24697,0
24700,0
24704,0
24706,0
24712,0
24718,0
24727,0
24728,0
24733,0
24734,0
24736,0
24745,0
24753,0
24758,0
24765,0
24767,0
24769,0
24775,0
24781,0
24783,0
24790,0
24798,0
24802,1
24806,0
24811,0
24813,0
24820,0
24829,0
24830,0
24831,0
24833,0
24834,0
24840,0
24850,0
24853,0
24872,0
24874,0
24876,1
24877,0
24878,0
24882,0
24885,0
24886,0
24887,0
24893,0
24894,0
24899,0
24903,0
24909,0
24914,0
24919,0
24925,0
24931,0
24934,0
24936,0
24939,0
24951,0
24952,0
24953,0
24961,0
24968,0
24974,0
24986,0
24988,0
25008,0
25012,0
25022,0
25025,0
25026,0
25033,0
25034,0
25037,0
25039,0
25041,0
25042,0
25053,0
25056,0
25058,0
25065,0
25067,0
25069,0
25071,0
25075,0
25081,0
25082,0
25089,0
25093,0
25099,0
25106,0
25110,0
25113,0
25115,0
25118,0
25119,0
25122,0
25124,0
25128,0
25134,0
25141,1
25142,0
25145,0
25150,0
25152,0
25165,0
25170,0
25183,0
25191,0
25194,0
25195,0
25198,0
25200,0
25202,0
25218,0
25221,0
25231,0
25232,0
25235,0
25236,0
25238,0
25242,0
25243,0
25257,0
25259,0
25260,0
25263,0
25268,0
25270,0
25273,0
25276,0
25286,0
25297,0
25299,0
25304,0
25307,0
25320,0
25323,0
25327,0
25333,0
25344,0
25349,0
25350,0
25356,0
25359,0
25362,0
25367,0
25370,0
25381,0
25387,0
25391,0
25395,0
25411,0
25418,0
25419,0
25422,0
25432,0
25443,1
25453,0
25455,0
25459,1
25463,0
25471,0
25473,0
25474,0
25487,0
25492,0
25498,0
25506,0
25531,0
25533,0
25536,0
25537,0
25542,0
25544,0
25549,1
25551,0
25570,1
25571,0
25576,0
25581,0
25583,0
25596,0
25600,0
25614,0
25626,0
25636,0
25637,0
25638,0
25646,0
25647,0
25666,0
25667,0
25671,0
25672,0
25677,0
25683,0
25693,0
25695,0
25698,0
25718,0
25726,0
25731,0
25739,0
25741,0
25748,0
25777,0
25778,0
25781,0
25786,0
25799,0
25804,0
25805,0
25806,0
25807,0
25811,0
25816,0
25822,0
25825,0
25828,0
25836,0
25843,0
25844,0
25851,0
25854,0
25859,0
25863,0
25864,0
25875,0
25887,0
25907,0
25908,0
25912,0
25922,0
25926,1
25932,0
25933,0
25938,0
25942,0
25947,0
25957,0
25961,0
25970,0
25973,0
25974,0
25988,0
25989,0
26018,0
26029,0
26033,0
26041,0
26052,0
26063,0
26068,0
26072,0
26074,0
26081,0
26082,0
26093,0
26095,0
26098,0
26102,0
26105,0
26107,0
26112,0
26120,0
26131,0
26132,0
26134,0
26141,0
26143,0
26147,0
26149,0
26152,0
26155,0
26167,0
26173,1
26174,0
26177,0
26181,0
26183,0
26187,0
26188,0
26195,0
26201,0
26206,0
26215,0
26216,0
26218,0
26219,0
26224,0
26236,0
26237,0
26238,0
26241,0
26251,0
26253,0
26256,0
26260,0
26261,0
26265,0
26268,0
26269,0
26276,0
26287,0
26294,0
26303,0
26305,0
26308,0
26310,0
26312,0
26318,0
26321,0
26326,0
26329,0
26334,0
26337,0
26341,0
26342,0
26357,0
26361,0
26371,0
26372,0
26375,0
26379,0
26398,0
26406,0
26407,0
26412,0
26413,0
26414,0
26415,0
26416,0
26424,0
26426,0
26427,0
26434,0
26438,0
26440,0
26441,0
26442,0
26446,0
26466,0
26475,0
26478,0
26481,0
26485,0
26488,0
26491,0
26492,0
26503,0
26507,0
26519,0
26525,0
26529,0
26536,0
26540,0
26543,0
26553,0
26561,0
26568,0
26571,0
26579,0
26582,0
26584,0
26586,0
26589,0
26597,0
26599,0
26608,1
26624,0
26627,0
26629,1
26649,0
26650,0
26653,0
26660,0
26663,0
26672,0
26673,0
26674,0
26675,0
26679,0
26680,0
26681,0
26690,0
26699,0
26701,0
26706,0
26713,0
26714,0
26716,0
26717,0
26720,0
26740,0
26744,0
26755,0
26761,0
26766,0
26767,0
26769,0
26778,0
26779,0
26787,0
26789,0
26793,0
26797,0
26801,0
26802,0
26808,0
26811,0
26813,0
26814,0
26817,0
26820,0
26821,0
26828,0
26832,0
26833,0
26834,0
26836,0
26840,0
26849,0
26851,1
26853,0
26856,0
26862,0
26864,0
26869,0
26871,0
26872,0
26875,0
26885,1
26887,0
26889,0
26896,0
26897,0
26900,0
26905,0
26906,0
26910,0
26911,0
26921,0
26922,0
26929,0
26934,0
26938,0
26943,0
26946,0
26952,0
26958,0
26962,0
26965,0
26966,0
26968,0
26975,0
26976,1
26979,0
26980,0
26982,0
26983,0
26984,0
26986,0
26987,0
26991,0
27007,0
27011,0
27019,0
27026,0
27028,0
27041,0
27044,0
27051,0
27056,0
27058,0
27060,0
27062,0
27072,0
27079,0
27081,0
27084,0
27090,0
27093,0
27098,0
27100,0
27110,0
27112,0
27120,0
27126,0
27135,0
27139,0
27150,0
27155,0
27156,1
27169,0
27176,0
27179,0
27185,0
27192,0
27193,0
27195,0
27205,0
27224,0
27228,0
27232,0
27234,0
27235,0
27242,0
27249,0
27256,1
27258,0
27260,0
27262,0
27265,0
27269,0
27271,0
27272,0
27276,0
27287,0
27293,0
27296,0
27303,0
27304,0
27307,0
27314,0
27315,0
27330,0
27331,0
27338,0
27344,0
27353,0
27355,0
27365,0
27369,0
27371,0
27374,0
27382,0
27384,0
27390,0
27393,0
27394,0
27400,0
27414,0
27416,0
27420,0
27422,0
27428,0
27433,0
27435,0
27439,0
27448,0
27452,0
27455,0
27464,0
27468,0
27473,0
27474,0
27479,0
27481,0
27485,0
27489,0
27490,0
27494,0
27498,0
27514,0
27517,0
27519,0
27528,0
27530,0
27533,0
27536,0
27538,0
27539,0
27540,0
27543,0
27550,0
27551,0
27554,0
27556,0
27557,0
27564,0
27572,0
27577,0
27578,0
27585,0
27608,0
27614,0
27633,0
27635,0
27651,0
27652,0
27655,0
27659,0
27662,0
27663,0
27667,0
27669,0
27670,0
27676,0
27685,0
27688,1
27690,0
27691,0
27698,0
27710,0
27718,0
27726,0
27727,0
27728,0
27734,0
27735,0
27748,0
27760,0
27761,0
27763,0
27770,0
27771,0
27774,0
27780,0
27786,0
27789,0
27790,0
27793,0
27794,0
27797,0
27799,0
27805,0
27806,0
27808,0
27814,0
27818,0
27838,0
27851,0
27852,0
27853,1
27858,0
27860,0
27864,0
27882,0
27883,0
27894,0
27897,0
27903,0
27906,0
27907,0
27926,0
27931,0
27937,0
27939,0
27943,0
27946,0
27952,0
27966,0
27970,0
27973,0
27976,0
27977,0
27978,0
27983,0
27990,0
27991,1
27998,0
28002,0
28007,0
28017,0
28020,0
28025,0
28026,0
28029,0
28031,0
28036,1
28042,0
28049,0
28051,0
28052,0
28056,0
28063,1
28067,0
28069,0
28074,0
28075,0
28084,0
28090,0
28092,0
28097,0
28111,0
28119,0
28123,0
28134,0
28137,0
28146,0
28150,0
28152,0
28153,0
28157,0
28158,0
28163,0
28167,0
28169,0
28175,0
28178,0
28188,0
28190,0
28195,0
28196,0
28210,0
28214,0
28217,0
28219,0
28220,0
28223,0
28224,0
28230,0
28231,0
28246,0
28251,0
28257,0
28269,1
28271,0
28273,0
28282,0
28283,0
28285,0
28295,0
28303,0
28309,0
28317,0
28323,0
28332,0
28338,0
28339,0
28342,0
28346,0
28350,0
28356,1
28357,0
28361,0
28367,0
28371,0
28372,0
28374,0
28376,0
28377,0
28379,0
28380,0
28391,0
28399,0
28401,0
28403,0
28411,0
28414,0
28418,0
28423,0
28426,0
28427,0
28439,0
28443,0
28452,0
28453,0
28454,0
28458,0
28463,0
28482,0
28485,0
28487,0
28494,0
28497,0
28499,0
28504,0
28513,0
28515,0
28517,0
28522,0
28527,0
28528,0
28531,0
28537,0
28541,0
28550,0
28556,0
28558,0
28559,0
28561,0
28569,0
28570,0
28571,0
28575,0
28576,0
28584,0
28585,0
28587,0
28592,0
28593,0
28594,0
28601,0
28606,0
28616,0
28620,1
28623,0
28630,0
28633,0
28636,0
28637,0
28638,0
28639,0
28644,0
28648,0
28656,0
28666,0
28670,0
28677,0
28682,0
28683,0
28689,0
28691,0
28692,0
28693,0
28704,0
28712,0
28719,0
28720,1
28721,0
28731,0
28737,0
28742,0
28745,0
28747,0
28755,0
28798,0
28800,0
28801,0
28806,0
28814,0
28831,0
28839,0
28843,0
28847,0
28864,0
28869,0
28870,0
28871,0
28884,0
28894,0
28898,0
28901,0
28902,0
28904,0
28912,0
28913,1
28918,1
28923,1
28928,0
28934,0
28940,0
28947,0
28948,0
28955,0
28965,0
28973,0
28977,0
28983,0
28984,0
28994,0
28996,0
29005,0
29007,0
29009,0
29010,0
29032,0
29033,0
29035,0
29036,0
29040,0
29042,0
29044,0
29055,0
29057,0
29062,0
29066,0
29069,0
29070,0
29071,0
29084,0
29085,0
29086,0
29120,1
29124,0
29128,0
29130,0
29134,0
29143,0
29147,0
29148,0
29162,0
29169,0
29183,0
29186,0
29217,0
29232,0
29234,0
29236,0
29247,0
29248,0
29260,0
29267,0
29270,0
29271,0
29281,0
29283,0
29284,0
29286,0
29287,0
29292,0
29316,0
29325,0
29326,0
29330,0
29332,0
29345,0
29346,0
29349,0
29354,0
29359,0
29360,0
29361,0
29363,1
29364,0
29367,0
29371,0
29379,0
29380,1
29381,0
29391,0
29392,0
29413,0
29432,0
29438,0
29448,0
29451,0
29454,0
29457,0
29460,0
29463,0
29465,0
29474,0
29475,0
29478,0
29481,0
29490,0
29495,0
29497,0
29498,1
29510,0
29512,0
29515,0
29517,0
29520,0
29523,0
29529,0
29533,0
29534,0
29537,0
29539,0
29542,0
29550,0
29555,0
29561,0
29564,0
29566,0
29568,0
29575,0
29584,0
29591,0
29592,0
29602,0
29610,0
29613,0
29615,0
29623,0
29624,0
29631,0
29632,0
29641,0
29644,0
29645,0
29667,0
29668,0
29669,0
29670,0
29671,0
29673,0
29681,0
29685,0
29686,0
29689,0
29692,0
29694,0
29700,0
29704,0
29708,0
29709,0
29715,0
29718,0
29722,0
29728,0
29732,0
29735,1
29738,0
29743,0
29756,0
29757,0
29774,0
29776,0
29777,0
29785,0
29789,1
29790,0
29792,0
29797,0
29799,0
29800,0
29802,0
29805,0
29807,0
29808,0
29809,0
29812,0
29814,0
29815,0
29822,0
29824,0
29831,1
29834,0
29835,0
29836,0
29838,0
29840,0
29846,0
29857,0
29859,0
29862,0
29864,0
29871,0
29878,0
29880,0
29882,0
29883,0
29888,0
29889,0
29890,0
29892,0
29902,0
29904,0
29905,0
29914,1
29916,0
29917,0
29928,0
29932,0
29933,0
29936,0
29938,0
29942,0
29946,0
29947,0
29948,0
29949,0
29966,0
29974,0
29984,0
29985,0
29988,0
29991,0
29993,0
29996,0
30002,0
30004,0
30019,0
30023,0
30028,0
30029,0
30041,0
30042,0
30047,0
30048,0
30056,0
30060,0
30064,0
30068,0
30074,0
30077,0
30086,0
30095,0
30098,0
30100,0
30101,0
30106,0
30107,0
30115,0
30117,0
30118,0
30119,0
30120,1
30123,0
30130,0
30134,0
30156,0
30161,0
30164,0
30167,0
30168,0
30169,0
30180,0
30181,0
30187,0
30200,0
30216,0
30217,0
30228,0
30231,0
30234,0
30239,0
30240,0
30243,0
30244,0
30248,0
30250,0
30251,0
30252,0
30253,0
30267,0
30273,0
30277,0
30286,0
30287,0
30289,0
30304,0
30306,0
30313,0
30320,0
30322,0
30330,0
30335,0
30339,0
30340,0
30347,0
30349,0
30353,0
30357,0
30360,0
30361,0
30367,0
30368,0
30370,0
30385,0
30399,0
30401,0
30403,0
30405,0
30410,0
30416,0
30422,0
30423,0
30425,0
30427,0
30428,0
30435,0
30441,0
30444,0
30446,0
30450,0
30457,0
30460,0
30470,0
30471,0
30483,0
30493,0
30494,0
30498,0
30502,0
30512,0
30521,0
30522,0
30523,0
30540,0
30550,0
30557,0
30558,0
30561,0
30565,0
30567,0
30577,0
30580,0
30582,0
30583,0
30585,0
30586,0
30596,0
30603,0
30611,0
30612,0
30613,0
30614,0
30615,0
30622,0
30624,0
30625,0
30627,0
30631,0
30634,0
30636,0
30639,0
30641,0
30651,0
30655,0
30688,0
30689,0
30692,0
30695,0
30696,0
30699,0
30701,0
30709,0
30711,0
30715,0
30716,0
30717,1
30718,0
30719,0
30720,0
30728,0
30735,0
30738,0
30743,0
30749,0
30752,0
30754,0
30755,0
30756,0
30758,0
30768,0
30773,0
30774,0
30778,0
30781,0
30782,0
30799,0
30807,0
30810,0
30821,0
30823,0
30825,0
30829,0
30831,0
30832,0
30838,0
30839,0
30840,0
30841,0
30842,0
30843,0
30860,0
30861,0
30865,0
30869,0
30878,0
30882,0
30885,0
30886,0
30892,0
30899,0
30900,1
30901,0
30903,0
30905,0
30916,0
30919,0
30920,0
30922,0
30931,0
30933,0
30938,0
30950,0
30955,0
30956,1
30960,0
30962,0
30965,0
30976,0
30977,0
30979,0
30981,0
30994,0
30996,0
30997,0
31003,0
31004,0
31009,0
31011,0
31014,0
31019,1
31030,0
31036,1
31037,0
31041,0
31043,0
31049,0
31063,1
31085,0
31091,0
31102,0
31114,0
31115,1
31122,0
31125,0
31129,0
31132,0
31134,0
31139,0
31145,0
31149,0
31159,0
31162,0
31166,0
31167,0
31171,0
31172,0
31178,0
31179,0
31194,0
31197,0
31203,0
31207,0
31212,1
31215,0
31219,1
31222,0
31234,0
31237,0
31247,0
31248,0
31249,0
31255,0
31257,0
31258,0
31272,0
31279,0
31280,0
31282,0
31292,0
31293,0
31311,0
31313,0
31327,0
31337,0
31339,0
31340,0
31341,0
31343,0
31347,0
31349,0
31350,0
31367,0
31379,0
31413,0
31415,0
31416,0
31418,0
31420,0
31422,0
31429,0
31439,0
31448,0
31450,0
31452,0
31457,0
31459,0
31474,0
31478,0
31482,0
31485,0
31490,0
31491,0
31494,0
31501,0
31506,0
31507,0
31512,0
31514,0
31527,0
31528,0
31541,0
31547,0
31548,0
31553,0
31554,0
31559,0
31561,0
31568,0
31569,0
31574,0
31584,0
31588,0
31591,0
31593,0
31604,0
31618,0
31622,0
31626,0
31628,0
31631,0
31632,0
31637,0
31639,0
31647,0
31657,0
31658,0
31660,0
31669,0
31670,0
31673,0
31679,0
31683,0
31685,0
31698,0
31708,0
31709,0
31714,0
31718,0
31723,0
31727,0
31729,0
31741,0
31743,0
31746,0
31750,0
31752,1
31760,0
31761,0
31768,0
31775,0
31776,0
31792,0
31797,0
31806,0
31809,0
31811,0
31828,0
31836,0
31845,0
31858,0
31859,0
31863,0
31864,0
31869,0
31878,0
31880,0
31885,0
31890,0
31892,0
31894,0
31895,0
31900,0
31901,0
31911,0
31916,0
31925,0
31937,0
31938,0
31945,0
31946,0
31947,0
31959,0
31968,0
31984,0
31996,0
32000,0
32003,0
32010,0
32019,0
32025,0
32028,0
32053,0
32060,0
32065,0
32068,0
32073,0
32076,0
32081,0
32085,0
32088,0
32091,0
32099,0
32102,0
32106,0
32107,0
32113,0
32116,0
32119,0
32123,0
32124,0
32130,0
32132,1
32134,0
32138,0
32148,0
32157,0
32158,0
32159,0
32164,0
32170,1
32183,0
32192,0
32194,0
32195,0
32199,0
32207,0
32211,0
32212,0
32214,0
32223,0
32224,0
32234,0
32238,0
32239,1
32244,0
32249,0
32253,0
32257,0
32262,0
32263,0
32269,0
32273,0
32274,0
32281,0
32282,1
32285,0
32289,0
32296,0
32297,0
32299,0
32302,0
32310,0
32326,1
32330,0
32349,0
32352,0
32360,0
32361,0
32376,0
32391,0
32392,0
32396,0
32400,0
32402,0
32406,0
32410,0
32413,0
32427,1
32431,0
32441,0
32443,0
32445,0
32453,0
32461,0
32464,0
32465,0
32466,0
32467,0
32469,0
32475,0
32477,0
32478,0
32480,0
32484,0
32486,0
32488,0
32489,0
32500,0
32506,0
32512,0
32515,0
32522,0
32524,0
32528,1
32533,0
32544,0
32547,0
32550,0
32552,0
32557,0
32562,0
32565,0
32566,0
32571,0
32574,0
32577,0
32579,0
32582,1
32588,0
32599,0
32609,0
32610,0
32611,0
32620,0
32629,0
32638,0
32650,0
32655,0
32658,0
32663,0
32668,0
32669,0
32674,0
32679,0
32686,0
32689,0
32691,0
32696,0
32707,0
32708,0
32709,0
32712,0
32715,0
32721,0
32725,0
32728,1
32736,0
32750,0
32751,0
32754,0
32758,0
32761,0
32767,0
32776,0
32780,0
32782,0
32784,0
32785,0
32787,0
32796,0
32803,0
32819,0
32820,0
32833,0
32839,0
32840,0
32843,0
32845,0
32846,0
32847,0
32854,0
32855,1
32857,0
32860,0
32863,0
32872,0
32881,0
32884,0
32900,0
32902,0
32906,0
32907,0
32908,0
32914,0
32921,0
32922,1
32923,0
32930,0
32941,0
32950,0
32955,0
32956,0
32957,0
32960,0
32964,0
32965,0
32966,0
32967,0
32969,0
32972,0
32974,0
32992,0
32994,0
32996,0
33009,0
33019,0
33053,0
33054,0
33055,0
33077,0
33084,0
33097,0
33100,0
33102,0
33122,0
33123,0
33124,0
33126,0
33127,0
33141,0
33153,0
33154,0
33159,0
33164,0
33172,0
33178,0
33183,0
33184,0
33185,0
33188,0
33204,0
33221,0
33222,0
33223,0
33227,0
33236,0
33240,0
33241,1
33250,0
33252,0
33254,0
33257,0
33262,0
33269,0
33272,0
33274,0
33277,0
33278,0
33279,0
33285,0
33290,0
33296,0
33299,1
33307,0
33309,0
33315,0
33316,0
33326,0
33329,0
33330,0
33341,0
33347,0
33351,0
33359,0
33360,0
33363,0
33364,0
33366,0
33367,0
33370,0
33375,0
33376,1
33379,0
33383,0
33388,0
33390,0
33395,0
33413,0
33415,1
33422,0
33425,0
33426,0
33434,0
33443,0
33448,0
33455,1
33456,0
33463,0
33468,0
33470,0
33472,0
33489,0
33495,0
33507,0
33519,0
33520,0
33521,0
33535,0
33541,0
33543,0
33548,0
33554,0
33555,0
33557,0
33563,0
33564,0
33566,0
33568,0
33578,0
33579,0
33597,0
33599,0
33605,0
33608,0
33623,0
33634,0
33641,0
33648,0
33659,0
33686,0
33694,0
33702,0
33710,0
33715,0
33719,0
33723,0
33734,1
33735,0
33742,0
33751,0
33758,0
33770,0
33772,0
33781,0
33804,0
33817,0
33822,0
33824,0
33828,0
33835,0
33839,0
33840,0
33849,0
33852,0
33862,0
33867,0
33872,0
33882,0
33883,0
33887,0
33891,0
33903,0
33904,0
33906,0
33909,0
33916,0
33939,0
33940,0
33941,0
33942,0
33952,0
33953,0
33957,0
33964,0
33967,0
33972,0
33973,0
33974,0
33975,0
33976,0
33977,0
33978,0
33984,0
33988,0
33989,0
33996,0
33997,0
34001,0
34002,0
34009,0
34011,0
34013,0
34018,0
34020,0
34024,0
34032,0
34034,0
34036,0
34043,0
34047,0
34054,0
34057,0
34062,0
34063,0
34068,0
34069,0
34070,0
34080,0
34090,0
34100,0
34106,0
34111,0
34115,0
34118,0
34125,0
34126,0
34130,0
34131,0
34132,0
34133,0
34145,0
34147,0
34148,0
34150,0
34163,0
34172,0
34176,0
34180,0
34181,0
34183,0
34185,0
34207,0
34214,0
34225,0
34232,0
34238,0
34242,0
34245,0
34248,0
34261,0
34262,0
34270,0
34272,0
34274,0
34281,0
34287,0
34288,0
34298,0
34303,0
34310,0
34324,0
34330,0
34332,0
34334,0
34338,0
34341,0
34342,0
34347,0
34351,0
34352,0
34353,0
34355,0
34361,0
34367,1
34370,0
34378,0
34394,0
34397,0
34398,1
34400,0
34409,0
34413,0
34416,0
34428,0
34431,0
34435,0
34441,0
34452,0
34467,0
34468,0
34474,0
34484,1
34485,0
34491,0
34495,0
34499,0
34504,0
34505,0
34506,0
34507,0
34513,0
34514,0
34517,0
34522,0
34523,0
34533,0
34534,0
34544,0
34552,0
34560,0
34561,0
34563,0
34566,0
34570,0
34575,0
34577,0
34578,0
34586,0
34588,0
34590,0
34592,0
34614,0
34623,0
34626,0
34629,0
34630,0
34631,0
34632,0
34635,0
34640,0
34644,0
34656,0
34657,0
34659,0
34660,0
34666,0
34675,0
34683,0
34686,0
34687,0
34696,0
34698,0
34706,0
34707,0
34708,0
34710,0
34711,0
34715,0
34717,0
34718,0
34720,0
34724,1
34738,0
34740,0
34741,0
34745,0
34747,0
34750,0
34758,0
34765,0
34766,0
34769,0
34779,0
34784,0
34789,0
34792,0
34797,0
34800,0
34810,0
34814,0
34815,0
34836,0
34839,0
34841,0
34849,0
34862,0
34864,0
34870,0
34877,0
34881,0
34887,0
34895,0
34901,0
34908,0
34910,1
34911,0
34918,0
34920,0
34922,0
34924,0
34939,0
34947,0
34948,0
34953,0
34954,0
34955,0
34959,0
34963,0
34965,1
34966,0
34978,0
34979,0
34980,0
34982,0
34986,0
34990,0
34994,0
35000,0
35002,0
35006,0
35008,0
35021,0
35023,0
35035,0
35038,0
35044,0
35053,0
35058,0
35059,0
35060,1
35061,0
35079,0
35083,0
35085,0
35089,0
35105,0
35109,0
35110,0
35112,0
35128,0
35136,0
35137,0
35146,0
35147,0
35152,0
35159,0
35162,0
35174,0
35185,0
35188,0
35196,0
35208,0
35224,0
35228,0
35233,0
35234,0
35238,0
35240,0
35241,0
35242,0
35253,0
35257,1
35262,0
35264,0
35281,0
35283,0
35289,0
35294,0
35303,0
35306,0
35313,0
35315,0
35330,0
35331,0
35340,0
35341,0
35349,1
35350,0
35361,0
35364,0
35368,0
35374,0
35378,0
35383,0
35386,0
35392,0
35394,0
35396,0
35400,0
35402,0
35407,1
35410,0
35421,0
35425,0
35436,0
35445,0
35449,0
35450,0
35452,0
35453,0
35456,0
35472,0
35478,0
35486,0
35487,0
35491,0
35507,0
35512,0
35524,0
35536,0
35537,0
35540,0
35543,0
35557,0
35559,0
35563,0
35566,0
35570,0
35572,0
35578,0
35583,0
35587,0
35592,0
35598,0
35599,0
35607,0
35609,0
35610,0
35613,0
35617,0
35625,1
35627,0
35634,0
35635,0
35637,0
35639,0
35651,0
35652,0
35654,1
35662,0
35672,0
35678,1
35688,0
35713,0
35718,0
35720,0
35723,0
35728,0
35731,0
35739,0
35741,0
35743,0
35749,0
35754,0
35763,0
35765,0
35769,0
35772,0
35774,0
35777,0
35792,0
35793,0
35795,0
35803,0
35804,0
35807,0
35808,0
35811,0
35812,0
35817,0
35821,0
35826,0
35827,0
35828,0
35833,0
35845,0
35853,0
35855,0
35856,0
35860,0
35862,1
35864,0
35869,0
35870,0
35892,1
35893,0
35899,0
35908,0
35910,0
35912,0
35916,0
35918,0
35927,0
35928,0
35929,0
35933,0
35934,0
35935,0
35936,0
35942,0
35958,0
35960,0
35961,0
35965,0
35970,0
35974,0
35976,0
35979,0
35990,1
35991,0
35995,0
36000,0
36007,0
36011,0
36021,0
36024,0
36026,0
36038,0
36044,0
36051,0
36053,0
36055,0
36057,0
36059,0
36065,0
36068,0
36071,0
36072,0
36080,0
36083,0
36086,0
36092,0
36093,0
36099,0
36101,0
36106,0
36111,0
36113,0
36123,0
36127,0
36131,0
36132,0
36133,0
36138,0
36145,0
36154,0
36155,0
36158,0
36167,0
36179,0
36180,0
36183,0
36194,0
36198,0
36199,0
36207,0
36208,0
36215,0
36224,0
36228,0
36229,0
36230,0
36243,0
36254,0
36261,0
36262,0
36266,0
36274,0
36275,0
36294,0
36301,0
36305,0
36309,0
36320,0
36322,0
36325,0
36330,0
36331,1
36332,0
36333,0
36335,0
36336,0
36342,0
36355,0
36357,0
36358,0
36368,0
36375,0
36376,0
36381,0
36384,0
36399,0
36401,0
36408,0
36412,0
36415,0
36418,0
36419,0
36421,0
36430,0
36433,1
36437,0
36441,0
36448,0
36455,0
36458,0
36461,0
36467,0
36468,0
36470,0
36476,0
36482,0
36494,0
36510,0
36511,0
36515,0
36529,0
36533,0
36535,0
36546,0
36548,0
36549,0
36550,0
36552,0
36556,0
36561,0
36563,0
36570,0
36571,0
36581,0
36592,0
36599,0
36603,0
36608,0
36612,1
36613,0
36617,0
36622,0
36623,0
36627,0
36637,0
36638,0
36645,0
36648,0
36650,0
36655,0
36658,0
36663,0
36671,0
36691,0
36701,0
36706,0
36711,0
36721,1
36728,0
36731,1
36740,1
36746,0
36752,0
36753,1
36756,0
36758,0
36761,0
36768,0
36773,0
36777,0
36785,0
36787,0
36801,0
36802,0
36803,0
36806,0
36808,0
36810,0
36823,0
36824,0
36827,0
36831,0
36832,0
36834,0
36835,0
36836,0
36838,0
36839,0
36841,0
36843,0
36849,0
36850,0
36852,0
36862,0
36872,0
36873,0
36882,0
36883,0
36891,0
36894,0
36899,0
36910,0
36913,0
36923,0
36926,1
36929,0
36930,0
36939,0
36941,0
36950,1
36956,0
36958,0
36959,0
36960,0
36971,0
36978,0
36988,0
36992,0
37002,0
37008,0
37009,0
37012,0
37024,0
37027,0
37044,0
37046,0
37047,0
37054,0
37057,0
37059,0
37061,0
37062,0
37068,0
37076,0
37085,0
37096,0
37105,0
37119,0
37123,0
37132,0
37135,0
37136,0
37153,1
37161,0
37168,0
37173,0
37175,0
37178,0
37179,0
37194,0
37196,0
37202,0
37204,0
37208,0
37212,0
37229,0
37234,0
37235,0
37252,0
37257,0
37262,0
37276,0
37283,0
37284,0
37298,0
37302,0
37303,0
37308,0
37313,0
37315,0
37316,0
37332,0
37333,0
37335,0
37340,0
37342,0
37350,0
37360,0
37361,0
37368,0
37372,0
37388,0
37389,0
37390,0
37392,0
37403,0
37406,0
37407,0
37410,0
37415,0
37420,0
37429,1
37438,0
37440,0
37445,0
37448,0
37456,0
37459,0
37465,0
37469,0
37471,0
37472,0
37474,0
37479,0
37480,0
37481,0
37485,0
37492,0
37495,0
37502,0
37504,0
37510,0
37512,0
37514,0
37517,0
37518,0
37526,0
37534,0
37550,0
37564,0
37569,0
37571,0
37581,0
37582,0
37590,0
37592,0
37605,0
37608,0
37609,0
37610,0
37614,0
37635,0
37637,0
37643,0
37650,0
37651,0
37656,0
37663,0
37664,0
37668,0
37671,0
37677,0
37679,0
37682,0
37685,0
37687,0
37694,0
37698,0
37699,0
37703,0
37704,0
37709,0
37711,0
37718,0
37720,1
37730,0
37738,0
37740,0
37744,0
37747,0
37761,0
37765,0
37769,0
37772,0
37774,0
37780,0
37784,0
37785,0
37792,0
37803,0
37811,0
37812,0
37818,0
37822,0
37824,0
37825,0
37828,1
37829,0
37833,0
37839,0
37844,0
37848,0
37851,0
37854,0
37857,1
37876,0
37877,0
37879,0
37890,0
37896,0
37899,1
37900,0
37907,0
37915,0
37917,0
37920,0
37921,0
37929,0
37937,0
37945,0
37951,0
37953,0
37959,0
37961,0
37968,0
37973,0
37976,0
37978,0
37980,0
37981,0
37983,0
38014,0
38020,0
38037,0
38038,0
38040,0
38046,0
38048,0
38063,0
38064,0
38067,0
38068,0
38078,0
38081,0
38083,0
38087,1
38088,0
38092,0
38093,0
38102,0
38114,0
38120,0
38122,0
38124,0
38125,0
38127,0
38130,0
38133,0
38150,0
38153,0
38160,0
38166,0
38174,0
38182,0
38185,0
38186,0
38195,0
38197,0
38198,0
38199,0
38204,0
38207,0
38218,0
38234,1
38246,0
38247,0
38252,0
38254,0
38263,0
38265,0
38266,0
38275,0
38280,0
38285,0
38287,0
38292,0
38302,0
38318,0
38322,0
38326,0
38327,0
38332,0
38339,0
38343,0
38344,0
38348,0
38359,0
38362,0
38366,1
38374,0
38376,0
38378,0
38380,0
38381,0
38400,0
38401,0
38406,0
38408,0
38410,0
38411,0
38422,0
38430,0
38434,0
38436,1
38440,0
38445,0
38450,0
38451,0
38457,0
38471,0
38474,0
38477,0
38482,0
38485,0
38486,0
38488,0
38489,0
38490,0
38495,0
38498,0
38503,0
38514,0
38529,0
38532,0
38539,0
38544,0
38546,0
38551,0
38554,0
38555,0
38557,0
38563,0
38574,0
38576,0
38580,0
38581,0
38584,0
38585,0
38589,0
38591,0
38595,0
38596,0
38611,1
38612,0
38616,0
38622,0
38629,0
38630,0
38632,0
38633,0
38635,0
38646,0
38652,0
38663,0
38667,0
38668,0
38674,0
38679,0
38682,0
38685,0
38692,0
38707,0
38711,0
38714,0
38721,0
38731,0
38733,0
38740,0
38747,0
38751,0
38754,0
38760,0
38768,0
38775,0
38777,0
38781,1
38784,0
38785,0
38789,0
38793,0
38803,0
38808,0
38811,0
38813,0
38817,0
38821,0
38823,0
38825,0
38846,0
38855,0
38862,0
38865,0
38869,0
38878,0
38879,0
38881,0
38885,0
38888,0
38899,0
38900,0
38903,0
38910,0
38937,0
38952,0
38953,0
38954,0
38955,0
38962,0
38964,0
38969,0
38972,0
38974,0
38980,0
38981,0
38987,0
38990,0
38996,0
38998,0
39001,0
39002,0
39006,0
39024,0
39039,0
39042,0
39047,0
39061,0
39068,0
39070,0
39071,0
39072,0
39073,0
39077,0
39082,0
39095,0
39106,0
39114,0
39117,0
39119,0
39123,0
39127,0
39140,0
39147,0
39155,0
39171,0
39181,0
39184,0
39188,0
39190,0
39195,0
39196,0
39199,0
39205,0
39211,0
39213,0
39214,0
39216,0
39217,0
39226,0
39234,0
39239,0
39243,0
39250,1
39255,0
39261,1
39278,0
39280,0
39284,0
39289,0
39311,0
39321,0
39324,0
39327,0
39335,0
39339,0
39342,0
39349,0
39361,0
39363,0
39369,0
39377,0
39385,0
39395,0
39399,0
39400,0
39402,0
39410,0
39412,0
39422,0
39433,0
39442,0
39443,0
39445,0
39451,0
39467,0
39471,0
39474,0
39475,0
39478,0
39484,0
39487,1
39493,0
39496,0
39510,0
39522,0
39524,0
39527,0
39528,0
39531,0
39537,0
39545,0
39548,0
39552,0
39556,0
39557,0
39563,0
39572,0
39573,0
39579,0
39581,0
39583,0
39585,0
39589,0
39596,0
39609,0
39616,0
39620,0
39621,0
39626,0
39630,0
39643,0
39647,0
39648,0
39650,1
39651,0
39658,1
39659,0
39661,0
39663,0
39674,0
39675,0
39680,0
39690,0
39691,0
39693,0
39701,0
39713,0
39716,0
39727,0
39729,0
39730,0
39740,0
39742,0
39745,0
39746,0
39750,0
39758,0
39760,0
39768,0
39784,0
39787,0
39790,0
39798,0
39801,0
39807,0
39808,0
39809,0
39812,0
39813,0
39816,0
39818,0
39820,0
39832,0
39836,0
39839,0
39844,0
39854,0
39857,0
39859,0
39865,0
39884,0
39891,0
39892,0
39897,0
39898,0
39899,0
39905,0
39908,0
39919,0
39927,0
39929,0
39930,0
39933,0
39938,0
39939,0
39943,0
39947,0
39950,1
39951,0
39953,0
39954,0
39980,0
39986,0
39990,0
39991,0
39994,0
39995,0
40005,0
40007,0
40011,0
40014,0
40017,0
40020,0
40021,0
40033,0
40038,0
40044,0
40048,0
40056,0
40057,0
40059,0
40064,0
40065,0
40068,0
40074,0
40080,0
40081,0
40084,0
40087,0
40090,0
40095,0
40097,0
40100,0
40102,0
40113,0
40118,0
40119,0
40123,0
40127,0
40137,0
40145,0
40147,0
40151,1
40153,0
40154,1
40160,0
40164,0
40170,0
40174,0
40175,0
40177,0
40180,0
40183,0
40187,0
40188,1
40191,0
40207,0
40216,1
40218,0
40222,0
40225,0
40227,0
40231,0
40232,0
40234,0
40237,0
40239,0
40240,0
40246,0
40247,1
40251,0
40261,0
40262,0
40269,0
40272,0
40275,0
40283,0
40284,0
40286,0
40295,0
40299,0
40304,0
40305,0
40308,0
40313,0
40317,0
40330,0
40333,0
40337,0
40339,0
40345,0
40351,0
40352,0
40360,0
40383,0
40390,0
40391,0
40402,0
40409,0
40412,0
40419,0
40424,0
40426,0
40428,0
40430,0
40432,0
40434,0
40437,0
40439,0
40440,0
40450,0
40451,0
40452,1
40453,0
40465,0
40469,0
40474,0
40476,0
40481,0
40490,0
40492,0
40495,0
40496,0
40501,0
40503,1
40504,0
40505,0
40511,0
40522,0
40524,0
40537,0
40538,0
40544,0
40545,0
40552,0
40553,0
40556,0
40557,0
40565,0
40570,0
40582,0
40588,0
40591,0
40595,0
40597,0
40599,0
40602,0
40608,0
40609,0
40613,0
40615,0
40618,0
40619,0
40621,0
40625,0
40630,0
40633,0
40638,0
40648,0
40651,0
40655,0
40657,0
40659,0
40660,1
40661,0
40670,0
40675,0
40680,0
40681,0
40687,0
40692,1
40696,0
40705,0
40711,0
40713,0
40721,0
40722,0
40725,0
40729,0
40730,1
40736,0
40741,0
40747,0
40752,1
40756,0
40762,0
40763,0
40767,0
40770,0
40784,0
40787,0
40792,0
40797,1
40798,0
40803,0
40810,0
40818,0
40820,0
40823,0
40834,0
40837,0
40842,0
40850,0
40852,0
40860,0
40872,0
40873,0
40876,0
40881,0
40883,0
40884,0
40897,0
40898,0
40902,0
40915,0
40919,0
40934,0
40936,0
40939,0
40950,0
40952,0
40963,0
40971,0
40973,0
40987,0
40991,0
40992,0
40998,0
40999,0
41001,0
41007,0
41016,0
41019,0
41024,0
41039,1
41047,0
41048,0
41056,0
41060,0
41061,0
41068,0
41087,0
41091,0
41092,0
41095,0
41098,0
41099,0
41100,0
41101,0
41105,0
41114,0
41116,1
41125,0
41139,1
41140,0
41144,0
41149,0
41150,0
41152,0
41156,0
41159,0
41160,0
41190,0
41193,0
41197,0
41198,0
41199,0
41211,0
41214,0
41217,0
41218,0
41220,0
41225,0
41227,0
41236,0
41250,0
41258,0
41260,0
41266,0
41272,0
41274,0
41276,0
41277,0
41284,0
41287,0
41288,0
41301,0
41302,0
41307,0
41308,0
41312,0
41314,0
41317,0
41318,0
41321,0
41326,0
41329,0
41330,1
41335,0
41337,0
41345,1
41356,0
41358,0
41360,0
41363,0
41371,0
41374,0
41378,0
41383,1
41384,0
41389,0
41391,0
41405,0
41408,0
41427,0
41428,0
41430,0
41431,0
41432,0
41446,0
41450,0
41465,0
41481,0
41487,0
41489,0
41490,0
41496,0
41499,0
41505,0
41511,0
41514,0
41516,0
41517,0
41519,0
41524,0
41533,0
41535,0
41537,0
41542,0
41547,0
41553,0
41560,0
41569,0
41596,0
41604,0
41605,0
41608,0
41609,0
41611,0
41616,0
41622,0
41624,0
41630,0
41635,0
41636,0
41637,0
41664,0
41668,0
41675,0
41682,0
41687,0
41689,0
41694,0
41697,0
41698,0
41704,0
41709,0
41711,0
41716,0
41722,0
41723,0
41724,0
41726,0
41728,0
41731,0
41732,0
41741,0
41760,0
41763,0
41768,0
41787,0
41791,0
41803,0
41806,0
41807,0
41810,0
41813,0
41823,0
41825,0
41841,0
41846,0
41849,0
41867,0
41870,0
41872,0
41877,0
41879,0
41891,0
41897,0
41899,0
41904,0
41911,0
41912,0
41915,0
41922,0
41923,0
41929,0
41930,0
41935,0
41942,0
41944,0
41946,0
41954,0
41963,0
41965,0
41968,0
41977,1
41986,0
41987,0
42005,0
42006,0
42007,0
42015,0
42018,0
42024,0
42027,0
42032,0
42037,0
42038,0
42041,0
42049,0
42055,0
42057,0
42061,0
42062,0
42064,0
42065,0
42069,0
42076,0
42078,0
42079,0
42081,0
42087,0
42091,0
42097,1
42109,0
42116,0
42117,0
42119,0
42120,0
42122,0
42126,0
42127,0
42132,0
42135,0
42139,0
42140,1
42146,0
42148,0
42150,0
42159,0
42162,0
42164,0
42165,0
42177,0
42179,0
42181,0
42187,0
42193,0
42197,0
42198,0
42201,0
42209,0
42214,0
42223,0
42229,0
42235,0
42236,0
42238,0
42245,0
42250,0
42251,0
42259,1
42261,0
42262,0
42280,0
42282,0
42287,0
42288,0
42291,0
42294,0
42296,0
42299,0
42301,0
42309,0
42311,0
42312,1
42315,0
42320,0
42322,0
42330,0
42342,0
42344,0
42350,0
42359,0
42363,0
42369,0
42389,0
42407,0
42409,0
42412,0
42419,0
42421,0
42423,0
42432,0
42440,0
42443,0
42445,0
42448,0
42458,0
42460,0
42466,0
42467,0
42471,1
42473,0
42474,0
42475,0
42482,0
42488,0
42489,0
42492,0
42498,0
42513,0
42514,0
42522,0
42524,0
42531,0
42532,0
42535,0
42539,0
42543,0
42545,0
42550,0
42555,0
42558,0
42569,0
42575,0
42581,0
42583,0
42594,0
42598,0
42601,0
42607,0
42616,0
42624,0
42627,0
42628,0
42630,0
42635,0
42636,0
42650,0
42668,0
42675,0
42676,0
42682,0
42686,0
42697,0
42700,0
42703,0
42716,0
42720,0
42721,0
42730,0
42731,0
42737,0
42738,0
42739,0
42740,1
42743,1
42744,0
42751,0
42752,0
42753,0
42761,0
42771,0
42788,0
42789,0
42793,0
42800,0
42807,0
42817,0
42828,0
42835,0
42837,0
42841,0
42846,0
42847,0
42860,0
42865,0
42866,0
42879,0
42886,0
42890,0
42902,0
42908,0
42913,0
42914,0
42918,0
42921,0
42924,0
42929,0
42931,0
42933,0
42937,1
42940,0
42944,0
42961,0
42963,0
42974,0
42981,0
42982,0
42989,0
42993,0
43002,0
43007,0
43018,0
43027,0
43031,0
43043,0
43052,0
43054,0
43056,0
43058,0
43064,0
43066,0
43067,0
43076,0
43077,0
43079,0
43080,0
43085,0
43093,0
43095,0
43106,0
43108,0
43109,0
43126,0
43131,0
43138,0
43143,0
43146,0
43156,0
43161,0
43166,0
43168,0
43170,0
43175,0
43178,0
43179,0
43183,0
43184,0
43187,0
43192,0
43193,0
43200,0
43205,0
43208,0
43210,0
43213,0
43216,0
43218,0
43220,0
43233,0
43236,0
43243,0
43250,0
43252,0
43253,0
43262,0
43268,0
43279,0
43283,0
43286,0
43287,0
43298,0
43302,0
43306,0
43309,0
43312,1
43314,0
43316,0
43317,0
43322,0
43338,0
43342,0
43347,0
43351,0
43362,0
43384,0
43385,0
43391,0
43395,0
43400,0
43403,1
43414,0
43421,0
43423,0
43426,0
43429,0
43437,0
43438,0
43442,0
43444,0
43448,0
43460,0
43462,0
43463,0
43466,0
43467,0
43473,0
43475,0
43485,0
43492,0
43494,0
43497,0
43503,0
43505,0
43514,0
43519,0
43531,0
43535,0
43549,0
43551,0
43554,0
43558,0
43559,0
43569,0
43571,0
43572,0
43580,0
43582,0
43585,1
43587,0
43591,0
43593,0
43598,0
43603,0
43607,0
43609,0
43613,0
43614,0
43616,0
43623,0
43625,0
43627,0
43633,0
43655,0
43657,0
43659,0
43667,0
43670,0
43673,0
43674,0
43676,0
43683,0
43689,0
43703,0
43710,0
43713,1
43714,0
43721,0
43723,0
43727,0
43738,0
43744,0
43754,0
43756,0
43764,0
43765,0
43772,0
43774,0
43775,0
43777,0
43778,0
43781,0
43783,0
43786,0
43796,0
43801,0
43802,0
43805,0
43815,0
43816,0
43817,0
43831,0
43837,0
43838,0
43848,0
43851,1
43857,0
43860,0
43869,0
43880,0
43882,0
43887,0
43888,0
43895,0
43896,0
43900,0
43901,0
43908,0
43913,0
43915,0
43928,0
43930,0
43936,0
43937,0
43938,0
43954,0
43956,0
43958,0
43959,0
43970,1
43975,0
43983,0
44002,0
44008,0
44009,0
44017,0
44024,0
44025,0
44027,0
44028,0
44030,0
44031,0
44036,0
44054,0
44059,0
44064,0
44077,0
44078,0
44079,0
44080,0
44090,0
44092,0
44096,0
44097,0
44103,0
44106,0
44107,0
44115,0
44127,0
44133,0
44136,0
44139,0
44141,0
44161,0
44164,0
44165,0
44167,0
44169,0
44172,0
44173,0
44174,0
44177,0
44179,0
44180,0
44191,0
44193,0
44200,0
44208,0
44210,0
44215,0
44222,0
44227,0
44231,0
44237,0
44238,1
44244,0
44253,0
44262,0
44267,0
44276,0
44278,0
44280,0
44281,0
44286,0
44289,0
44293,0
44304,0
44310,0
44328,0
44329,0
44335,0
44337,0
44353,0
44356,0
44357,0
44359,0
44365,0
44371,0
44380,0
44389,0
44391,0
44398,0
44399,0
44406,0
44411,0
44420,1
44423,0
44433,0
44435,0
44438,0
44451,0
44468,0
44472,0
44480,0
44481,0
44483,0
44485,0
44487,0
44496,0
44500,0
44502,0
44505,0
44507,0
44515,0
44517,0
44526,0
44528,0
44531,0
44536,0
44541,0
44543,0
44554,0
44557,0
44566,0
44569,0
44571,0
44579,0
44581,0
44585,0
44600,0
44601,0
44603,0
44608,0
44610,0
44611,0
44618,0
44633,0
44644,0
44645,0
44646,0
44653,0
44663,0
44669,0
44671,0
44675,0
44677,0
44678,0
44679,0
44684,0
44685,0
44691,1
44701,0
44702,1
44707,0
44708,0
44718,0
44719,0
44721,0
44728,0
44729,0
44730,0
44745,0
44746,0
44749,0
44750,0
44755,0
44758,0
44760,0
44765,0
44771,0
44775,0
44776,0
44777,0
44787,0
44791,0
44799,1
44806,0
44815,0
44818,0
44826,0
44827,1
44836,0
44837,0
44838,0
44841,0
44842,0
44843,0
44847,0
44850,0
44852,0
44855,0
44876,0
44877,0
44887,0
44890,0
44903,0
44907,0
44908,0
44913,1
44914,0
44915,0
44918,0
44920,0
44923,0
44926,0
44929,0
44933,0
44935,0
44936,0
44938,0
44940,0
44942,0
44945,0
44947,0
44950,0
44954,0
44969,0
44970,0
44974,0
44975,1
44993,0
44995,0
45006,0
45010,0
45013,0
45015,0
45018,0
45020,0
45026,0
45029,0
45040,0
45049,0
45054,0
45056,0
45060,0
45061,0
45063,0
45076,0
45078,0
45080,0
45090,0
45092,0
45095,0
45097,0
45100,0
45107,0
45112,0
45117,0
45120,0
45124,0
45130,0
45143,0
45145,1
45157,0
45166,0
45168,0
45173,0
45177,0
45178,0
45180,0
45182,0
45194,0
45195,0
45197,0
45214,0
45215,0
45217,1
45230,0
45242,1
45245,0
45267,0
45276,0
45278,0
45285,0
45290,0
45292,0
45295,0
45297,0
45298,0
45302,0
45308,0
45311,0
45313,0
45318,0
45320,0
45322,0
45326,0
45332,0
45334,0
45335,0
45338,0
45340,0
45341,0
45346,0
45362,0
45364,0
45370,0
45372,0
45385,0
45392,1
45396,0
45399,0
45408,0
45412,0
45423,0
45424,0
45434,0
45436,0
45440,0
45442,0
45443,0
45444,0
45445,0
45456,0
45457,0
45463,0
45464,0
45468,0
45476,0
45478,0
45480,0
45483,0
45484,0
45488,0
45490,0
45505,0
45506,0
45507,0
45508,0
45520,0
45522,0
45541,0
45551,0
45554,0
45560,1
45566,0
45568,0
45575,0
45576,0
45589,0
45590,0
45594,0
45595,0
45603,0
45608,0
45610,0
45619,0
45622,0
45624,0
45627,0
45631,0
45633,0
45637,0
45640,0
45642,0
45644,0
45658,0
45659,0
45660,0
45664,0
45665,0
45675,0
45678,0
45686,0
45690,0
45691,0
45702,0
45714,0
45715,0
45726,0
45727,0
45731,0
45732,0
45736,0
45738,0
45741,0
45743,0
45745,0
45746,0
45753,0
45759,0
45775,0
45780,0
45781,0
45787,0
45788,0
45793,0
45796,0
45798,0
45799,0
45800,0
45809,0
45820,0
45821,0
45824,0
45827,0
45841,0
45843,0
45844,0
45857,0
45871,0
45873,0
45878,0
45891,0
45893,0
45894,0
45895,0
45907,0
45909,0
45912,0
45913,0
45914,0
45915,0
45922,0
45925,0
45927,0
45928,0
45938,0
45943,0
45946,0
45954,0
45958,0
45959,0
45964,0
45967,0
45968,0
45971,0
45973,1
45975,0
45987,0
45992,0
45996,0
45998,0
46003,1
46007,0
46008,0
46013,0
46018,0
46022,0
46023,0
46028,0
46046,0
46047,0
46052,0
46054,0
46057,0
46059,0
46064,0
46068,0
46074,0
46076,0
46081,1
46083,0
46086,0
46089,0
46093,0
46107,0
46108,0
46115,0
46120,0
46121,0
46123,0
46131,0
46132,0
46138,0
46140,0
46141,0
46144,0
46149,0
46154,0
46159,0
46160,0
46171,0
46173,0
46176,0
46182,0
46189,0
46191,0
46195,0
46201,0
46208,0
46210,0
46211,0
46212,0
46218,0
46222,0
46226,0
46229,0
46238,0
46239,0
46241,0
46263,0
46264,0
46267,0
46293,0
46309,0
46310,0
46315,0
46316,0
46318,0
46323,0
46331,0
46335,0
46337,0
46340,0
46341,0
46344,0
46349,0
46354,0
46355,0
46359,0
46360,0
46362,0
46367,0
46378,0
46386,0
46389,0
46392,0
46395,0
46398,0
46406,1
46407,0
46408,0
46414,0
46424,0
46431,0
46436,0
46437,0
46442,0
46443,0
46444,0
46445,0
46447,0
46449,0
46475,0
46476,0
46478,0
46480,0
46487,0
46489,0
46493,0
46498,0
46507,0
46515,0
46516,0
46517,0
46518,0
46521,0
46522,0
46523,0
46526,0
46533,1
46537,1
46538,0
46553,0
46554,0
46560,0
46562,0
46576,0
46590,0
46597,0
46605,0
46615,0
46621,0
46625,0
46626,0
46635,0
46640,0
46642,0
46646,0
46654,0
46664,0
46666,0
46667,0
46670,0
46672,0
46674,0
46680,0
46683,0
46684,0
46686,0
46688,0
46689,0
46690,0
46691,0
46694,0
46697,0
46699,0
46700,0
46702,0
46706,0
46707,0
46724,0
46745,0
46747,0
46751,0
46752,0
46760,0
46761,0
46765,0
46767,0
46768,0
46772,0
46777,0
46781,0
46782,0
46786,0
46787,0
46788,0
46791,0
46792,0
46796,0
46797,0
46800,0
46806,0
46807,0
46808,0
46812,0
46818,0
46819,0
46821,0
46823,0
46825,0
46833,0
46834,0
46837,0
46838,0
46839,0
46840,1
46842,0
46846,0
46848,0
46850,0
46856,0
46857,0
46863,0
46866,0
46878,0
46880,0
46885,0
46891,0
46901,0
46903,0
46905,0
46908,0
46913,0
46914,0
46916,0
46921,0
46924,0
46925,0
46947,0
46954,0
46958,0
46978,0
46979,0
46983,0
46988,0
47007,0
47020,0
47021,0
47025,0
47030,0
47035,0
47036,0
47051,0
47056,0
47060,0
47067,0
47079,0
47090,0
47100,0
47104,0
47109,0
47116,0
47126,0
47129,0
47143,0
47148,0
47168,0
47169,0
47174,0
47176,0
47183,0
47185,0
47188,0
47199,0
47204,0
47209,0
47210,0
47213,0
47214,0
47217,0
47218,0
47227,0
47229,0
47236,0
47238,1
47244,0
47247,0
47250,0
47251,0
47252,0
47256,0
47257,0
47258,0
47262,0
47274,0
47278,0
47290,0
47292,0
47302,0
47306,0
47307,0
47310,0
47312,0
47315,0
47318,0
47320,0
47322,0
47326,0
47328,0
47345,0
47347,0
47348,0
47354,0
47356,0
47358,0
47359,0
47377,0
47379,0
47381,0
47387,1
47399,0
47400,0
47401,0
47422,0
47424,0
47430,0
47432,0
47434,0
47435,0
47437,0
47438,0
47440,0
47450,0
47451,0
47454,0
47456,0
47459,0
47473,0
47484,0
47492,0
47495,0
47497,0
47507,0
47512,0
47513,0
47522,0
47524,0
47532,0
47534,0
47536,0
47538,0
47546,0
47547,0
47553,0
47563,0
47565,0
47570,0
47576,0
47578,0
47581,0
47583,0
47585,0
47594,0
47595,0
47599,0
47602,0
47605,0
47610,0
47611,0
47613,0
47619,0
47622,0
47623,0
47626,0
47629,0
47643,0
47652,0
47654,0
47655,0
47661,0
47676,0
47678,0
47680,0
47686,0
47692,0
47694,0
47699,0
47703,0
47705,0
47706,0
47716,0
47724,0
47726,0
47730,0
47731,0
47733,0
47736,0
47737,0
47747,1
47749,0
47754,0
47758,0
47762,0
47764,1
47767,0
47778,0
47783,0
47788,0
47798,0
47804,0
47810,0
47820,0
47830,0
47832,0
47845,0
47849,0
47857,0
47858,0
47866,0
47870,0
47872,0
47878,0
47883,0
47887,0
47889,0
47892,0
47894,0
47897,0
47898,0
47899,0
47902,0
47903,0
47909,0
47911,0
47912,0
47920,0
47935,0
47939,0
47940,0
47944,0
47945,0
47953,0
47955,0
47956,0
47960,0
47974,0
47984,0
47991,0
47993,0
48011,0
48013,0
48021,0
48023,0
48047,0
48052,0
48062,0
48066,0
48071,0
48078,0
48080,0
48087,0
48105,0
48110,0
48121,0
48123,0
48133,0
48143,0
48154,0
48161,0
48167,0
48172,0
48177,0
48182,0
48183,0
48184,0
48185,0
48189,0
48191,0
48192,0
48195,0
48202,0
48204,0
48205,0
48209,0
48213,0
48214,0
48220,0
48223,0
48225,0
48233,0
48237,0
48245,0
48253,0
48256,0
48262,0
48264,0
48270,0
48272,0
48275,0
48279,0
48282,0
48285,0
48287,0
48288,0
48289,0
48292,0
48297,0
48302,0
48309,0
48315,0
48316,0
48319,0
48329,0
48334,0
48336,0
48342,0
48348,0
48355,0
48366,0
48375,1
48379,0
48384,0
48385,0
48388,0
48398,0
48418,0
48427,0
48432,0
48434,0
48435,0
48450,0
48451,0
48454,0
48455,1
48456,0
48461,0
48463,0
48470,0
48471,0
48477,0
48479,0
48480,0
48497,0
48502,0
48503,0
48506,0
48522,0
48525,0
48527,0
48528,0
48546,0
48547,0
48550,0
48554,0
48557,0
48582,0
48591,0
48592,0
48595,0
48596,0
48601,0
48607,0
48622,0
48632,0
48637,0
48646,0
48651,0
48654,0
48656,0
48659,0
48663,0
48671,1
48673,0
48674,0
48678,0
48680,0
48684,0
48688,0
48691,0
48692,1
48696,0
48704,0
48707,0
48709,0
48710,0
48716,0
48718,0
48721,0
48723,0
48729,0
48739,1
48744,0
48753,0
48760,0
48761,0
48768,0
48773,0
48774,0
48776,0
48781,0
48813,0
48814,0
48817,0
48820,0
48836,0
48846,0
48855,0
48860,0
48861,0
48883,0
48887,0
48891,0
48893,0
48897,0
48899,0
48903,0
48918,0
48920,0
48925,0
48928,0
48932,0
48950,1
48951,0
48952,0
48959,0
48965,0
48970,0
48975,0
48980,0
48982,0
48990,0
48996,0
49002,0
49007,0
49011,0
49012,0
49019,0
49027,0
49030,0
49031,0
49036,1
49038,0
49042,0
49047,0
49057,0
49058,0
49060,0
49061,0
49062,0
49065,0
49075,0
49076,1
49088,0
49089,0
49090,0
49094,0
49102,0
49105,0
49109,0
49118,0
49119,0
49126,0
49127,0
49133,0
49138,0
49157,0
49165,0
49170,0
49175,0
49176,0
49194,0
49205,0
49206,0
49215,0
49217,0
49222,0
49223,0
49238,0
49240,0
49247,1
49250,0
49251,0
49252,0
49253,0
49257,0
49269,0
49270,0
49271,0
49275,0
49287,0
49288,0
49289,0
49290,0
49302,0
49309,0
49311,0
49312,0
49315,0
49317,0
49323,0
49324,0
49325,0
49328,0
49342,0
49344,0
49348,0
49351,0
49353,0
49367,0
49368,0
49371,0
49373,0
49379,0
49383,0
49390,0
49396,0
49402,0
49408,0
49413,0
49416,0
49436,0
49438,0
49452,0
49459,0
49461,0
49462,0
49464,0
49469,0
49482,0
49484,0
49496,0
49513,0
49520,0
49524,0
49525,0
49533,0
49536,1
49544,1
49549,0
49554,0
49558,0
49559,0
49563,0
49578,0
49582,0
49592,0
49593,0
49598,0
49602,0
49609,0
49611,0
49614,0
49616,0
49639,0
49642,0
49648,0
49660,0
49661,0
49675,0
49677,0
49682,0
49686,0
49688,0
49691,0
49702,0
49706,0
49709,0
49711,0
49717,0
49718,0
49726,0
49732,0
49746,0
49747,0
49752,0
49755,0
49759,0
49760,0
49761,0
49762,0
49785,0
49788,0
49799,0
49804,0
49807,0
49808,0
49809,0
49813,0
49815,0
49823,0
49824,0
49825,0
49836,0
49839,0
49842,0
49846,0
49859,0
49861,0
49864,0
49873,0
49895,0
49898,0
49900,0
49905,0
49916,0
49922,0
49929,1
49933,0
49940,0
49944,0
49947,0
49950,0
49960,0
49962,0
49965,0
49974,0
49984,0
49986,1
49988,0
49991,0
49996,0
49999,0
50000,0
50001,0
50002,0
50007,0
50013,0
50021,0
50025,0
50034,0
50035,0
50037,0
50043,0
50048,0
50049,0
50058,1
50059,0
50060,0
50065,0
50071,0
50078,0
50085,0
50095,0
50097,0
50098,0
50099,0
50103,0
50105,1
50107,0
50121,0
50122,0
50126,0
50130,0
50132,0
50137,0
50143,0
50150,0
50151,0
50152,0
50155,0
50161,0
50166,0
50168,0
50183,0
50185,0
50189,0
50192,0
50195,0
50197,0
50204,0
50212,0
50215,0
50219,0
50224,0
50225,0
50227,0
50231,0
50238,0
50239,0
50240,0
50242,0
50243,0
50246,0
50247,0
50258,0
50259,0
50261,0
50262,0
50268,0
50269,0
50278,0
50280,0
50288,0
50291,0
50292,0
50296,0
50297,0
50306,0
50307,0
50315,0
50319,0
50322,1
50332,0
50333,0
50341,0
50350,0
50353,0
50355,0
50363,0
50364,0
50369,0
50373,0
50388,0
50413,0
50420,0
50425,0
50427,0
50438,0
50441,0
50450,0
50455,0
50456,1
50460,0
50461,0
50473,0
50475,0
50476,1
50482,0
50484,0
50498,1
50500,0
50505,0
50507,0
50508,0
50511,0
50512,0
50514,0
50519,0
50524,0
50528,0
50537,0
50548,0
50552,0
50561,0
50566,0
50570,0
50571,0
50573,0
50576,0
50589,0
50590,0
50591,0
50598,0
50608,0
50611,0
50612,1
50627,0
50638,0
50642,0
50643,0
50646,0
50651,0
50653,0
50656,0
50669,0
50690,0
50696,0
50713,0
50715,0
50720,0
50724,0
50727,0
50729,0
50739,0
50740,0
50747,0
50752,0
50753,0
50761,0
50766,0
50779,0
50784,0
50785,1
50787,0
50790,0
50794,0
50800,0
50812,0
50818,0
50819,0
50822,0
50827,0
50831,0
50838,0
50843,0
50846,0
50848,0
50850,0
50851,0
50865,0
50881,0
50882,0
50888,0
50891,0
50892,0
50894,0
50901,0
50906,0
50908,0
50914,0
50915,0
50926,0
50939,0
50954,0
50960,0
50966,1
50991,0
50995,0
50998,0
50999,0
51000,0
51002,0
51008,0
51009,0
51020,0
51032,0
51035,0
51043,0
51047,0
51053,0
51055,0
51064,0
51073,0
51075,0
51077,0
51087,0
51088,0
51091,0
51092,0
51093,0
51096,0
51100,0
51103,0
51105,0
51108,0
51118,0
51123,0
51129,0
51131,0
51132,1
51134,0
51135,0
51137,0
51142,0
51143,0
51148,0
51149,0
51151,0
51153,0
51162,0
51163,0
51169,0
51171,0
51172,0
51177,0
51183,0
51192,0
51199,0
51203,0
51219,0
51220,0
51226,0
51237,0
51239,0
51248,0
51250,0
51256,0
51266,0
51272,0
51278,0
51285,0
51288,0
51299,0
51300,0
51302,0
51305,0
51309,0
51316,0
51318,0
51323,0
51328,0
51333,0
51336,0
51337,0
51347,0
51351,0
51353,0
51358,0
51361,0
51366,0
51371,0
51380,1
51382,0
51388,0
51394,0
51396,0
51397,0
51398,0
51401,0
51405,0
51409,0
51412,0
51414,0
51418,0
51432,0
51437,0
51439,0
51451,0
51452,0
51462,0
51465,0
51473,0
51482,0
51485,0
51488,1
51495,0
51504,0
51508,1
51515,0
51526,0
51527,0
51535,0
51548,0
51550,0
51553,0
51559,0
51568,0
51570,0
51590,0
51594,0
51605,0
51607,0
51615,0
51618,0
51624,0
51632,0
51633,0
51635,0
51642,0
51645,0
51648,0
51649,0
51650,0
51657,0
51660,0
51663,0
51665,0
51670,0
51673,0
51674,0
51680,0
51687,0
51693,0
51709,0
51714,0
51724,0
51728,0
51729,0
51735,0
51738,0
51749,1
51751,0
51753,0
51755,0
51757,0
51763,0
51764,0
51773,0
51777,0
51778,0
51779,0
51780,0
51783,0
51786,0
51787,0
51791,0
51794,0
51809,0
51811,0
51819,0
51826,0
51828,0
51829,0
51830,0
51832,0
51835,0
51838,0
51846,0
51847,0
51848,0
51858,0
51859,0
51860,0
51863,0
51865,0
51871,0
51872,0
51873,0
51876,0
51877,0
51879,0
51883,0
51889,0
51892,0
51902,0
51913,0
51917,0
51921,0
51924,0
51943,0
51951,0
51953,0
51960,0
51969,1
51970,0
51972,0
51976,0
51979,0
51982,0
51984,0
51994,0
51998,0
52000,0
52002,0
52011,0
52018,0
52019,0
52020,0
52025,1
52027,0
52032,0
52041,0
52042,0
52047,0
52060,0
52063,0
52066,0
52068,0
52071,0
52074,0
52079,0
52088,0
52097,0
52100,0
52102,0
52112,0
52120,0
52134,0
52135,0
52140,0
52146,0
52151,0
52152,0
52153,0
52155,0
52162,0
52165,0
52166,0
52167,0
52170,0
52171,0
52176,0
52184,0
52187,0
52192,0
52193,0
52201,0
52209,0
52210,0
52211,0
52226,0
52229,0
52231,0
52245,0
52246,0
52249,0
52250,0
52260,0
52281,0
52285,0
52291,0
52295,0
52296,0
52302,0
52304,0
52307,1
52312,0
52314,0
52324,0
52328,0
52332,0
52336,0
52338,0
52343,0
52347,0
52352,0
52358,0
52370,0
52376,0
52378,0
52389,0
52391,0
52393,0
52394,0
52396,0
52402,0
52403,0
52406,0
52409,0
52414,0
52427,0
52428,0
52442,0
52445,0
52446,0
52462,0
52470,0
52475,0
52476,0
52479,0
52489,0
52493,0
52502,0
52504,0
52506,0
52511,0
52521,0
52532,0
52533,0
52544,1
52545,0
52550,0
52551,0
52557,0
52558,0
52559,0
52562,0
52567,0
52570,0
52577,0
52580,0
52590,0
52595,0
52596,0
52603,0
52606,0
52609,0
52614,0
52615,0
52616,0
52619,0
52625,0
52634,0
52639,0
52656,0
52658,0
52659,0
52679,0
52686,0
52690,0
52703,0
52717,0
52718,0
52724,0
52727,0
52730,0
52733,0
52734,0
52736,0
52738,0
52741,0
52749,0
52754,0
52759,0
52761,0
52766,0
52769,0
52771,0
52773,1
52774,0
52775,0
52785,0
52790,0
52800,0
52802,0
52805,0
52807,0
52814,0
52827,0
52829,0
52837,0
52841,0
52844,0
52847,0
52849,0
52852,0
52853,0
52857,0
52860,0
52861,0
52863,0
52874,0
52879,0
52880,0
52883,0
52891,0
52894,0
52896,0
52897,0
52901,0
52911,0
52912,0
52913,0
52914,0
52916,0
52924,0
52927,0
52931,0
52936,0
52943,0
52944,0
52948,0
52950,0
52957,0
52958,0
52967,0
52969,0
52971,0
52974,0
52975,0
52976,0
52987,0
52988,0
52991,0
53000,0
53009,0
53011,0
53027,0
53036,0
53038,0
53039,0
53042,0
53044,0
53045,0
53049,0
53055,0
53057,0
53061,0
53064,0
53083,0
53085,0
53086,0
53089,0
53090,0
53093,0
53109,0
53112,0
53118,0
53123,0
53124,0
53125,0
53132,0
53137,0
53138,0
53141,0
53156,1
53169,0
53172,0
53173,0
53176,0
53180,0
53189,0
53192,0
53194,0
53197,0
53198,0
53203,0
53230,0
53235,0
53239,0
53241,0
53243,0
53247,0
53258,0
53262,0
53265,0
53269,0
53273,0
53281,0
53282,0
53288,0
53293,0
53295,1
53299,0
53307,0
53325,0
53333,0
53334,0
53342,0
53343,0
53344,0
53349,0
53350,0
53351,0
53354,0
53356,0
53365,0
53366,0
53371,0
53378,0
53384,0
53387,0
53394,0
53395,1
53396,0
53398,0
53403,0
53405,0
53412,1
53419,0
53422,0
53425,0
53428,0
53435,0
53437,0
53462,0
53465,0
53466,0
53479,0
53480,0
53491,0
53498,0
53507,0
53509,0
53514,0
53522,0
53526,0
53527,0
53533,0
53534,0
53537,0
53539,0
53540,0
53541,0
53544,0
53549,1
53553,0
53554,0
53556,0
53567,0
53573,0
53583,0
53584,0
53585,0
53592,0
53596,0
53602,0
53607,0
53616,0
53621,0
53626,0
53630,0
53633,0
53634,0
53638,0
53645,1
53648,0
53651,0
53652,0
53659,0
53664,0
53667,0
53668,0
53672,0
53673,0
53674,0
53679,0
53684,0
53695,0
53698,0
53704,0
53707,0
53708,0
53717,0
53721,0
53726,0
53753,0
53755,0
53763,0
53764,1
53765,0
53767,0
53775,0
53776,0
53777,0
53781,0
53783,0
53785,0
53786,0
53787,0
53790,0
53805,0
53807,0
53808,0
53811,0
53816,0
53821,0
53830,0
53834,0
53835,0
53837,0
53842,0
53845,0
53849,0
53852,0
53854,0
53855,0
53862,0
53864,0
53867,0
53868,0
53871,0
53873,0
53880,0
53890,0
53893,0
53896,0
53897,0
53900,0
53901,0
53903,0
53911,0
53914,0
53916,0
53919,0
53921,1
53923,0
53930,0
53932,0
53941,0
53944,0
53946,0
53954,0
53957,0
53973,0
53977,0
53982,0
53983,0
53986,0
53991,0
53992,0
53998,0
54009,0
54016,0
54026,0
54027,0
54032,0
54035,0
54042,0
54046,0
54051,0
54054,0
54056,0
54066,0
54067,0
54071,0
54077,0
54079,0
54084,0
54090,0
54091,0
54095,0
54098,0
54108,0
54109,0
54117,0
54119,0
54120,0
54122,0
54131,0
54138,0
54141,0
54143,0
54144,0
54147,0
54150,0
54157,0
54163,0
54168,0
54172,0
54176,0
54178,0
54186,0
54188,0
54193,0
54194,0
54196,0
54198,0
54201,0
54202,0
54205,0
54225,0
54226,0
54228,0
54236,0
54237,0
54240,0
54244,0
54249,0
54256,0
54258,0
54260,0
54268,0
54274,0
54280,0
54288,0
54294,0
54296,1
54302,0
54306,0
54307,0
54309,0
54310,0
54313,0
54315,0
54322,0
54326,0
54328,0
54332,0
54335,0
54336,0
54345,0
54346,0
54349,0
54356,0
54361,0
54373,0
54378,0
54391,0
54392,0
54404,0
54415,0
54429,0
54435,0
54445,0
54448,0
54450,0
54451,0
54464,0
54466,0
54469,0
54470,0
54472,0
54487,0
54491,0
54497,0
54498,0
54499,0
54500,0
54501,0
54516,0
54524,0
54529,1
54539,0
54547,0
54549,0
54550,0
54551,0
54552,0
54558,0
54559,0
54560,0
54571,0
54573,0
54588,0
54595,0
54596,0
54618,0
54623,0
54624,0
54626,0
54633,0
54643,0
54645,0
54655,0
54659,0
54664,0
54665,0
54672,0
54673,0
54674,0
54678,1
54682,0
54700,0
54701,0
54705,0
54708,0
54711,0
54712,0
54721,0
54734,0
54737,0
54743,0
54752,0
54764,0
54765,0
54774,0
54779,0
54790,0
54796,0
54800,0
54805,0
54809,0
54820,0
54824,0
54834,0
54837,0
54842,0
54844,0
54854,0
54863,0
54874,0
54889,0
54892,0
54896,0
54898,0
54903,0
54905,0
54907,0
54914,0
54927,0
54932,0
54934,0
54935,0
54939,0
54956,1
54958,0
54959,0
54960,0
54962,0
54970,0
54975,1
54982,0
54984,0
54988,0
54992,0
54997,0
55002,0
55003,0
55009,0
55024,0
55029,0
55032,0
55034,0
55036,0
55042,0
55047,0
55053,0
55055,0
55057,0
55059,0
55063,0
55072,0
55077,0
55080,0
55082,0
55085,0
55086,0
55090,0
55093,0
55094,0
55102,0
55103,0
55107,0
55116,0
55117,0
55118,0
55135,0
55139,0
55140,0
55143,0
55144,0
55145,0
55146,0
55147,0
55150,1
55154,0
55155,1
55160,0
55161,0
55169,0
55174,0
55176,0
55178,0
55193,0
55196,0
55198,0
55204,0
55205,0
55220,0
55221,0
55226,0
55228,0
55230,0
55236,0
55245,0
55246,0
55248,0
55262,0
55263,0
55268,0
55271,0
55277,0
55284,0
55297,0
55303,0
55308,0
55312,0
55319,0
55329,0
55339,0
55341,0
55344,0
55345,0
55346,0
55359,0
55367,0
55371,0
55372,0
55375,0
55379,0
55382,0
55389,1
55393,0
55405,0
55414,0
55421,0
55434,0
55436,0
55438,0
55440,0
55447,0
55449,0
55452,0
55466,0
55467,0
55470,0
55471,0
55477,0
55484,0
55493,0
55496,0
55497,0
55504,0
55520,0
55522,0
55523,0
55531,0
55536,0
55538,0
55541,0
55555,0
55556,0
55565,0
55568,0
55579,0
55589,0
55591,0
55598,0
55600,0
55606,0
55612,0
55614,0
55629,1
55632,0
55639,0
55643,0
55650,0
55664,0
55668,0
55676,0
55677,0
55691,0
55692,0
55698,0
55700,0
55705,0
55706,0
55708,0
55714,0
55718,0
55719,1
55729,0
55730,0
55736,0
55738,0
55741,0
55743,0
55775,0
55782,0
55794,0
55797,0
55812,0
55813,0
55817,0
55818,0
55822,0
55828,0
55844,0
55846,0
55861,0
55862,0
55879,0
55882,0
55885,0
55886,0
55888,0
55907,0
55911,0
55914,0
55930,0
55933,0
55934,0
55936,0
55939,0
55943,0
55944,0
55946,0
55947,0
55949,0
55952,0
55957,0
55958,1
55962,0
55976,0
55984,0
55990,0
55991,0
55993,0
55999,0
56001,0
56007,0
56012,0
56015,0
56021,0
56023,0
56024,0
56026,0
56031,0
56032,0
56037,0
56051,0
56064,0
56069,0
56074,0
56078,0
56084,0
56088,0
56095,0
56100,0
56102,0
56108,0
56110,0
56116,0
56122,0
56127,0
56131,0
56141,0
56147,0
56149,0
56151,0
56153,0
56154,0
56161,1
56164,0
56165,0
56167,0
56170,0
56171,0
56175,0
56187,0
56197,0
56215,0
56223,0
56233,0
56237,0
56238,0
56241,0
56245,0
56254,0
56256,1
56257,0
56262,0
56265,0
56270,0
56271,0
56283,0
56285,0
56295,0
56306,0
56309,0
56311,0
56314,0
56318,0
56324,0
56326,0
56327,0
56331,0
56336,0
56350,0
56354,0
56359,0
56367,0
56374,0
56377,0
56388,0
56393,0
56395,0
56397,0
56398,0
56408,0
56409,0
56414,0
56424,0
56426,0
56430,0
56431,0
56435,0
56439,0
56445,0
56450,0
56453,0
56467,0
56474,0
56483,0
56495,0
56500,0
56505,0
56511,0
56515,0
56524,0
56525,0
56529,0
56539,0
56542,0
56545,0
56548,0
56554,0
56558,0
56563,0
56565,0
56572,0
56574,0
56586,0
56594,0
56604,0
56610,0
56614,0
56615,0
56617,0
56619,0
56633,0
56634,0
56637,0
56640,0
56646,0
56652,0
56655,0
56658,0
56660,0
56666,0
56678,0
56684,0
56685,0
56686,0
56690,0
56694,0
56704,0
56711,0
56712,0
56726,0
56730,0
56731,0
56732,0
56736,0
56741,0
56742,0
56743,0
56746,0
56747,0
56754,0
56762,0
56770,0
56773,0
56774,0
56777,0
56780,0
56788,0
56793,0
56797,0
56798,0
56802,0
56807,0
56813,0
56815,0
56824,0
56826,0
56828,0
56833,0
56837,0
56842,0
56863,0
56866,0
56867,0
56869,0
56880,0
56881,0
56883,0
56884,0
56886,0
56887,0
56890,0
56894,0
56898,0
56900,0
56913,0
56918,0
56921,0
56922,0
56924,0
56937,0
56938,0
56946,0
56951,0
56955,0
56958,0
56964,0
56966,0
56967,0
56968,1
56971,0
56972,0
56989,0
56991,0
56993,0
56998,0
57013,0
57015,0
57022,0
57028,0
57029,0
57035,0
57037,0
57040,0
57041,0
57043,0
57047,0
57053,0
57054,0
57056,0
57061,0
57069,0
57075,0
57076,0
57080,1
57087,0
57088,0
57104,0
57106,0
57109,0
57110,0
57112,0
57113,0
57119,0
57122,0
57131,0
57136,0
57140,0
57147,0
57153,0
57168,0
57172,0
57175,0
57188,0
57195,0
57198,1
57204,0
57209,0
57213,0
57215,0
57225,0
57228,0
57231,0
57232,0
57233,0
57237,0
57238,0
57244,0
57257,0
57262,0
57263,0
57265,0
57266,0
57270,0
57275,0
57277,0
57280,0
57292,0
57299,0
57303,0
57306,0
57308,0
57309,0
57311,0
57312,0
57313,0
57314,0
57323,0
57324,0
57329,0
57332,0
57334,0
57341,1
57342,0
57346,0
57349,0
57350,0
57353,0
57357,0
57365,0
57366,0
57376,0
57377,0
57381,0
57385,0
57390,0
57393,0
57398,0
57405,0
57408,0
57413,0
57415,0
57426,0
57427,0
57437,0
57444,0
57445,0
57451,0
57453,0
57456,0
57466,0
57469,0
57473,0
57474,0
57476,0
57479,0
57500,0
57506,0
57512,0
57513,0
57518,0
57519,0
57520,0
57522,0
57535,0
57538,0
57540,0
57551,0
57556,0
57557,0
57561,0
57563,0
57564,1
57568,0
57574,0
57576,0
57579,0
57598,0
57603,0
57606,0
57611,0
57615,0
57619,0
57637,0
57647,0
57657,0
57659,0
57660,1
57663,0
57665,0
57669,0
57670,0
57683,0
57687,0
57692,0
57703,0
57707,0
57709,1
57710,0
57716,0
57717,0
57720,0
57738,0
57742,0
57745,0
57748,0
57749,0
57753,0
57758,0
57769,0
57770,0
57777,0
57782,0
57784,0
57789,0
57790,0
57795,0
57800,0
57802,0
57807,0
57813,0
57817,0
57831,0
57835,0
57841,0
57843,0
57849,0
57853,0
57857,0
57861,0
57869,0
57876,0
57880,0
57885,0
57888,0
57890,0
57891,0
57894,0
57898,0
57903,0
57906,0
57907,0
57918,0
57937,0
57954,0
57955,0
57956,0
57962,0
57971,0
57977,0
57978,0
57979,0
57980,1
57984,0
57991,0
58009,0
58011,0
58016,0
58019,0
58022,0
58026,0
58031,0
58032,0
58034,0
58042,0
58068,0
58069,0
58073,0
58074,0
58086,0
58090,0
58094,0
58099,0
58110,0
58119,0
58123,0
58130,0
58139,0
58148,0
58150,0
58156,0
58159,0
58164,0
58176,0
58177,0
58197,0
58198,0
58203,0
58214,0
58215,0
58218,0
58222,0
58227,0
58232,0
58248,0
58258,0
58270,0
58293,0
58295,0
58296,0
58300,0
58304,0
58309,0
58315,0
58320,0
58323,0
58326,0
58329,0
58331,0
58333,0
58336,0
58339,0
58344,0
58345,0
58347,0
58362,0
58383,0
58385,0
58387,0
58389,0
58407,0
58410,0
58420,0
58423,0
58425,0
58426,0
58428,0
58429,0
58430,0
58437,0
58459,0
58461,0
58470,0
58472,0
58473,0
58474,0
58481,0
58485,0
58487,0
58508,0
58518,0
58520,0
58529,0
58532,0
58539,0
58542,0
58543,0
58544,1
58545,0
58550,0
58552,0
58554,0
58558,0
58565,0
58577,0
58607,0
58608,0
58611,0
58612,0
58618,0
58620,0
58623,0
58625,0
58626,0
58628,0
58638,0
58639,0
58649,0
58656,0
58657,0
58660,0
58664,0
58667,0
58672,0
58674,0
58675,0
58676,0
58677,0
58680,0
58683,0
58684,0
58691,0
58692,0
58703,0
58707,0
58708,0
58712,0
58717,0
58719,0
58723,0
58725,0
58727,0
58728,0
58732,0
58740,0
58741,0
58748,0
58749,0
58752,0
58758,0
58764,0
58771,0
58773,0
58778,0
58779,0
58785,0
58790,0
58791,0
58796,0
58799,0
58803,0
58810,0
58815,0
58817,0
58818,0
58821,0
58833,0
58839,0
58845,0
58846,0
58848,0
58854,0
58856,0
58862,0
58864,0
58874,0
58875,0
58876,0
58877,0
58886,0
58887,0
58889,0
58893,0
58895,0
58897,0
58901,0
58906,0
58908,0
58916,0
58920,0
58924,0
58937,0
58946,0
58947,0
58954,0
58956,0
58957,0
58959,0
58964,0
58965,0
58969,0
58974,0
58986,0
58998,0
59001,0
59004,0
59010,0
59013,0
59021,0
59023,0
59027,0
59032,0
59038,0
59039,0
59042,0
59044,0
59046,0
59063,0
59064,0
59065,0
59078,0
59085,0
59111,0
59112,0
59113,0
59119,0
59128,0
59129,0
59138,0
59148,0
59151,0
59152,0
59158,0
59160,0
59162,0
59171,1
59175,0
59179,0
59180,0
59181,0
59182,0
59187,0
59195,0
59201,0
59202,0
59204,0
59206,0
59209,0
59211,0
59215,0
59218,0
59229,0
59232,0
59233,0
59240,0
59248,0
59251,0
59258,0
59262,0
59264,0
59271,0
59275,0
59276,0
59279,0
59288,0
59290,0
59291,0
59295,0
59299,0
59304,0
59309,0
59312,0
59316,0
59319,0
59323,0
59326,0
59336,0
59338,0
59344,0
59347,0
59350,0
59351,0
59356,0
59359,0
59363,0
59366,0
59368,0
59383,0
59392,0
59403,0
59406,0
59415,0
59421,0
59422,0
59435,0
59443,0
59444,0
59452,0
59465,0
59482,0
59484,0
59495,0
59498,0
59510,0
59513,0
59524,0
59531,0
59542,0
59548,0
59550,1
59554,0
59558,0
59559,0
59565,0
59571,0
59578,0
59581,0
59585,0
59595,0
59599,0
59609,0
59615,0
59622,0
59625,0
59632,0
59636,0
59639,0
59654,0
59655,0
59667,0
59668,1
59671,0
59695,0
59696,0
59699,0
59702,0
59706,0
59711,0
59712,0
59732,0
59741,0
59744,0
59746,0
59756,0
59758,0
59760,0
59773,0
59774,0
59778,0
59785,0
59798,0
59799,0
59801,0
59803,0
59805,0
59812,0
59815,0
59817,0
59819,0
59824,0
59826,0
59834,0
59835,0
59836,0
59839,0
59843,1
59844,0
59855,0
59856,0
59861,0
59869,0
59880,0
59881,0
59885,0
59886,0
59892,0
59896,0
59907,0
59908,0
59909,0
59923,0
59929,0
59930,0
59934,0
59942,0
59954,0
59962,0
59967,0
59978,0
59979,0
59980,0
59981,0
59982,0
59993,0
59994,0
60004,0
60008,0
60010,0
60023,0
60025,0
60026,0
60032,0
60034,0
60040,0
60044,0
60047,0
60053,0
60061,0
60065,0
60070,0
60086,0
60087,0
60093,0
60094,0
60099,0
60103,0
60112,0
60115,0
60122,0
60127,0
60132,1
60136,0
60140,0
60148,0
60158,0
60159,0
60160,0
60166,0
60167,0
60170,0
60175,0
60177,0
60185,0
60194,0
60195,0
60205,0
60213,0
60216,0
60218,0
60220,0
60230,0
60232,0
60233,0
60238,0
60245,0
60249,0
60252,0
60259,0
60262,0
60264,0
60269,1
60271,0
60281,0
60283,0
60290,0
60291,0
60297,0
60299,0
60307,0
60308,0
60315,0
60316,0
60320,0
60321,0
60327,0
60329,0
60332,0
60359,0
60362,0
60363,0
60365,0
60369,0
60374,0
60377,0
60378,0
60383,0
60385,0
60390,0
60405,0
60406,0
60416,0
60424,0
60426,1
60435,0
60437,0
60443,0
60449,0
60452,0
60460,0
60461,0
60466,0
60471,0
60473,0
60478,0
60485,0
60487,0
60492,0
60508,0
60511,0
60520,0
60522,0
60528,0
60529,0
60530,0
60532,0
60533,0
60535,0
60536,0
60541,0
60543,0
60554,0
60575,0
60584,0
60585,0
60586,0
60590,0
60595,0
60598,0
60603,0
60608,0
60609,0
60614,0
60618,0
60624,0
60625,0
60631,0
60636,0
60647,0
60654,0
60655,0
60657,0
60662,0
60665,0
60674,0
60688,0
60704,0
60706,0
60707,0
60708,0
60710,0
60715,0
60718,0
60721,0
60722,0
60730,0
60743,0
60754,0
60755,1
60759,0
60761,0
60764,0
60767,0
60771,0
60773,0
60778,0
60786,0
60791,1
60792,0
60809,0
60823,0
60826,0
60827,0
60829,0
60833,0
60838,0
60839,0
60844,0
60851,0
60852,0
60856,0
60859,0
60878,0
60880,0
60882,0
60887,0
60888,0
60891,0
60893,0
60895,0
60897,0
60913,0
60920,0
60928,0
60929,0
60931,0
60935,0
60940,0
60941,0
60946,0
60949,0
60952,0
60953,0
60955,0
60967,0
60971,0
60977,0
60982,0
60983,0
60985,0
60992,0
60999,0
61000,0
61002,0
61004,0
61006,0
61007,0
61017,0
61020,0
61022,0
61023,0
61028,0
61030,0
61047,0
61060,0
61061,0
61067,0
61071,0
61074,0
61075,0
61077,0
61087,0
61090,0
61093,0
61095,1
61097,0
61101,0
61102,0
61112,0
61116,0
61119,0
61121,0
61122,0
61124,0
61131,1
61132,0
61134,0
61135,0
61136,0
61143,0
61145,0
61147,0
61150,0
61153,0
61156,0
61164,0
61167,0
61168,0
61169,0
61174,0
61178,0
61195,0
61201,0
61205,0
61207,0
61208,0
61210,0
61211,0
61228,0
61229,0
61233,0
61241,0
61242,0
61246,0
61249,0
61250,0
61253,0
61254,0
61257,0
61260,0
61269,0
61271,0
61276,0
61279,0
61285,0
61300,0
61301,0
61305,0
61306,0
61312,0
61313,0
61316,0
61342,0
61343,0
61349,0
61353,1
61359,0
61370,0
61372,0
61374,0
61381,0
61392,0
61397,0
61400,0
61404,0
61405,0
61406,0
61411,0
61415,0
61421,0
61431,0
61436,0
61438,0
61439,0
61467,0
61470,0
61471,0
61476,0
61482,0
61483,0
61485,0
61488,0
61493,0
61495,0
61502,0
61506,0
61507,1
61511,0
61520,0
61524,0
61525,0
61540,0
61544,1
61547,0
61549,0
61564,0
61565,0
61573,0
61575,0
61577,0
61578,0
61579,0
61581,1
61582,0
61588,0
61589,0
61590,0
61593,0
61606,0
61615,0
61621,0
61624,0
61628,0
61642,0
61644,0
61645,0
61648,0
61654,0
61655,0
61660,0
61664,0
61665,0
61669,0
61680,0
61691,0
61694,0
61700,0
61701,0
61703,0
61704,0
61711,0
61714,0
61716,0
61721,0
61732,0
61757,0
61758,0
61760,0
61764,0
61765,0
61767,0
61768,0
61771,0
61772,0
61776,0
61781,0
61798,0
61820,0
61825,0
61827,0
61830,0
61836,1
61838,1
61842,0
61844,0
61855,0
61862,0
61865,0
61871,0
61873,0
61882,0
61883,0
61890,0
61894,0
61895,0
61904,0
61906,0
61910,0
61912,0
61914,0
61927,0
61941,0
61942,0
61951,0
61954,0
61956,0
61960,0
61963,0
61964,0
61968,0
61970,0
61979,0
61982,0
61995,0
61999,0
62006,0
62018,0
62022,0
62031,0
62033,0
62036,0
62050,0
62053,0
62058,0
62061,0
62063,0
62073,0
62074,0
62077,0
62089,0
62091,0
62092,0
62103,0
62111,0
62117,0
62122,0
62126,0
62133,1
62138,0
62140,1
62145,0
62146,0
62151,0
62152,0
62158,0
62160,0
62162,0
62163,0
62174,0
62178,0
62180,0
62183,0
62184,0
62187,0
62203,0
62210,0
62214,0
62226,0
62227,0
62228,1
62229,0
62231,0
62234,0
62236,0
62239,1
62242,0
62247,0
62250,0
62254,0
62267,0
62268,0
62269,0
62274,0
62276,0
62278,0
62287,0
62297,0
62307,0
62308,0
62317,0
62318,0
62325,0
62328,0
62331,0
62336,0
62337,0
62352,0
62358,0
62362,0
62368,0
62376,0
62378,0
62386,0
62387,0
62388,0
62390,0
62394,0
62397,0
62400,0
62401,0
62403,0
62404,0
62407,0
62410,0
62415,0
62420,0
62421,0
62427,0
62430,0
62433,0
62437,0
62439,0
62440,0
62459,0
62464,1
62467,0
62473,0
62483,0
62484,0
62485,0
62492,0
62509,0
62513,0
62519,0
62521,0
62522,0
62528,0
62532,0
62559,0
62561,0
62575,0
62578,0
62593,0
62608,0
62610,0
62614,0
62615,0
62620,0
62622,0
62627,0
62628,0
62637,0
62638,0
62653,0
62654,0
62658,0
62660,0
62663,0
62665,0
62666,0
62673,0
62674,0
62680,0
62683,0
62691,0
62697,0
62699,0
62710,0
62723,0
62724,0
62726,0
62729,0
62731,0
62749,0
62751,0
62754,0
62755,0
62756,0
62764,0
62770,0
62771,0
62772,0
62777,0
62778,0
62784,0
62785,0
62789,0
62793,0
62794,0
62796,0
62799,0
62800,0
62801,0
62804,0
62807,0
62816,0
62825,0
62827,0
62833,0
62835,0
62836,0
62841,0
62848,0
62849,0
62858,0
62859,0
62860,0
62865,0
62874,0
62880,0
62884,0
62900,0
62904,0
62924,0
62931,0
62943,0
62944,0
62953,0
62962,0
62968,0
62972,0
62981,0
62983,0
62989,0
62990,0
62991,0
62992,0
62997,0
62998,0
63000,0
63003,0
63004,0
63006,0
63022,1
63024,0
63034,0
63038,0
63042,0
63047,0
63050,0
63066,0
63069,0
63073,0
63081,0
63090,0
63093,0
63094,0
63098,0
63101,0
63105,0
63118,0
63119,0
63126,0
63131,0
63139,0
63145,0
63146,0
63157,0
63165,0
63166,0
63174,0
63188,0
63189,0
63193,0
63194,0
63195,0
63197,0
63201,0
63211,0
63216,0
63217,0
63219,0
63224,0
63237,0
63242,0
63243,0
63249,0
63253,0
63266,0
63269,0
63283,0
63285,0
63286,0
63293,0
63299,0
63314,0
63315,0
63320,0
63328,0
63329,0
63343,0
63355,0
63359,0
63364,0
63371,0
63378,0
63379,0
63399,0
63402,0
63403,1
63404,0
63405,0
63422,0
63423,0
63425,0
63427,0
63428,0
63429,0
63437,0
63447,0
63456,0
63457,0
63458,0
63470,0
63478,0
63486,0
63487,0
63491,0
63496,0
63497,0
63498,0
63505,0
63507,0
63518,0
63520,0
63524,0
63527,0
63530,0
63534,0
63544,0
63555,0
63561,0
63564,0
63568,0
63569,0
63577,0
63587,0
63589,0
63601,0
63603,0
63606,0
63611,0
63612,0
63624,0
63634,0
63636,0
63640,0
63641,0
63644,0
63645,0
63646,0
63649,0
63651,0
63652,1
63656,1
63658,0
63676,0
63687,0
63691,0
63696,0
63708,0
63712,0
63726,0
63734,0
63740,0
63745,0
63746,0
63754,0
63759,0
63763,0
63765,0
63769,0
63770,0
63772,0
63773,0
63775,0
63780,0
63782,0
63784,0
63791,0
63803,0
63805,0
63809,0
63819,0
63825,0
63829,1
63834,0
63839,0
63842,0
63847,0
63856,0
63861,0
63866,0
63877,1
63888,0
63890,0
63892,0
63893,0
63896,0
63897,0
63904,0
63914,0
63918,0
63919,0
63922,0
63925,0
63930,0
63935,0
63939,0
63940,0
63945,0
63955,0
63956,0
63965,0
63967,0
63977,0
63982,0
63985,0
63991,0
63995,0
63999,0
64004,0
64015,0
64021,0
64023,0
64031,0
64035,0
64038,0
64039,0
64048,0
64058,0
64075,0
64086,0
64094,0
64096,0
64112,0
64113,0
64122,0
64137,0
64140,0
64144,0
64154,0
64161,0
64163,0
64165,0
64172,0
64173,0
64187,0
64190,0
64200,0
64202,0
64206,0
64212,0
64215,0
64219,0
64225,0
64236,0
64239,0
64242,0
64243,0
64246,0
64247,0
64248,0
64249,0
64251,0
64256,0
64259,0
64260,0
64266,0
64274,0
64277,0
64289,0
64293,0
64297,0
64299,0
64301,0
64303,0
64305,0
64308,0
64313,0
64327,1
64336,0
64338,0
64348,0
64351,0
64355,0
64356,0
64358,0
64367,0
64368,0
64374,0
64383,0
64408,0
64417,0
64418,0
64433,0
64435,0
64439,0
64445,0
64456,0
64458,0
64463,0
64466,0
64467,0
64470,0
64473,0
64482,0
64484,0
64487,0
64497,0
64501,0
64520,0
64522,0
64532,0
64533,0
64538,0
64542,0
64546,0
64552,0
64555,0
64561,0
64570,0
64580,0
64585,0
64590,0
64593,0
64596,0
64597,0
64598,0
64602,0
64605,0
64606,0
64608,0
64615,0
64622,0
64623,0
64624,0
64630,0
64633,0
64648,0
64654,0
64657,0
64661,0
64667,0
64668,0
64669,0
64671,0
64673,0
64682,0
64685,0
64697,0
64698,0
64702,0
64703,0
64708,0
64709,0
64714,0
64717,0
64721,0
64727,0
64736,0
64746,0
64750,0
64753,0
64756,0
64766,0
64767,0
64777,0
64778,0
64780,0
64783,0
64784,0
64790,0
64793,0
64797,1
64805,0
64807,0
64810,0
64812,0
64822,0
64839,0
64844,0
64846,0
64850,0
64861,0
64863,0
64877,0
64886,0
64889,0
64891,0
64898,0
64902,0
64909,0
64916,0
64919,0
64923,0
64925,0
64927,0
64929,0
64933,0
64934,0
64937,0
64950,0
64951,0
64953,0
64956,0
64962,0
64971,0
64987,0
64991,0
64993,0
64994,0
64997,0
64998,0
65007,0
65013,0
65020,0
65024,0
65027,0
65028,0
65037,0
65039,0
65047,0
65056,0
65060,1
65070,0
65088,0
65103,0
65104,0
65108,0
65111,0
65113,0
65118,0
65121,1
65122,0
65134,0
65137,0
65152,0
65157,0
65158,0
65161,0
65162,0
65172,0
65178,0
65180,0
65182,0
65188,1
65189,0
65197,0
65198,0
65201,0
65204,0
65207,0
65209,0
65210,0
65212,0
65215,0
65217,0
65218,0
65221,0
65223,0
65233,0
65237,0
65244,0
65261,0
65263,0
65265,0
65267,0
65269,0
65283,0
65284,0
65285,0
65291,1
65296,0
65302,0
65305,0
65308,0
65312,0
65323,0
65325,0
65326,0
65333,0
65340,0
65344,0
65359,0
65362,0
65364,0
65365,0
65368,0
65369,0
65371,0
65377,0
65391,0
65396,0
65403,0
65409,0
65410,0
65414,0
65417,0
65422,0
65424,0
65428,0
65436,0
65441,0
65443,1
65445,0
65449,0
65454,0
65462,0
65465,0
65467,0
65470,0
65472,0
65484,0
65489,0
65497,0
65501,0
65502,0
65505,0
65507,0
65511,0
65512,0
65515,0
65517,0
65522,0
65526,0
65527,0
65530,0
65531,0
65533,0
65541,0
65544,0
65553,1
65555,0
65559,0
65563,0
65564,0
65569,0
65571,0
65588,0
65596,0
65617,0
65622,0
65631,0
65632,0
65635,0
65637,0
65643,0
65650,0
65652,0
65653,0
65655,0
65659,0
65666,0
65668,0
65688,0
65694,0
65697,0
65698,0
65704,1
65712,0
65713,0
65714,0
65715,0
65717,0
65720,0
65734,0
65736,0
65746,0
65762,0
65766,0
65771,0
65773,0
65775,0
65777,0
65778,0
65781,0
65783,0
65785,0
65787,0
65796,0
65804,0
65809,0
65810,0
65811,0
65816,0
65817,0
65819,0
65820,0
65826,0
65834,1
65838,0
65856,0
65859,0
65861,0
65873,0
65874,0
65875,0
65880,0
65882,0
65885,0
65892,0
65897,0
65901,0
65919,0
65924,0
65931,0
65937,0
65938,0
65946,0
65947,0
65959,0
65961,1
65963,1
65973,0
65976,1
65977,0
65985,0
65996,0
65998,0
66004,0
66037,0
66042,0
66044,0
66048,0
66050,0
66053,0
66056,0
66057,0
66058,0
66060,0
66063,0
66064,0
66066,0
66068,0
66071,0
66073,0
66076,0
66086,0
66088,0
66092,0
66097,0
66107,0
66116,0
66121,0
66124,0
66125,0
66126,0
66128,0
66129,0
66133,0
66138,0
66141,0
66142,0
66150,0
66153,0
66159,0
66162,0
66166,0
66170,0
66173,0
66180,0
66183,0
66184,0
66192,0
66200,0
66204,0
66213,0
66217,0
66222,0
66225,0
66226,0
66229,0
66233,0
66234,0
66242,0
66248,0
66264,0
66281,0
66286,0
66287,0
66289,0
66292,0
66299,1
66300,0
66302,0
66304,0
66306,1
66308,0
66310,0
66317,0
66325,0
66337,0
66339,0
66342,0
66344,0
66346,0
66365,0
66371,0
66382,0
66385,0
66388,0
66397,0
66401,0
66402,0
66410,0
66419,0
66425,0
66430,0
66437,0
66441,0
66444,0
66446,0
66452,0
66461,0
66463,0
66466,0
66468,0
66472,0
66479,0
66488,0
66489,0
66490,0
66497,0
66505,0
66507,0
66512,0
66516,0
66521,0
66524,0
66532,0
66541,0
66546,0
66547,0
66556,0
66558,0
66559,0
66561,0
66575,0
66577,0
66578,0
66584,0
66594,0
66595,0
66596,0
66604,0
66607,0
66611,0
66619,0
66633,0
66638,0
66639,0
66643,0
66647,0
66648,0
66651,0
66652,0
66659,0
66660,0
66661,0
66664,0
66670,0
66672,0
66674,0
66679,0
66684,0
66688,0
66689,0
66690,0
66694,0
66704,0
66706,0
66707,0
66719,0
66727,0
66728,0
66736,0
66744,0
66746,0
66747,0
66748,0
66759,0
66760,0
66768,0
66773,0
66790,0
66810,0
66813,0
66816,0
66819,0
66820,1
66826,0
66828,0
66835,0
66837,0
66838,0
66847,0
66848,0
66849,0
66853,0
66859,0
66873,0
66874,0
66875,0
66883,0
66895,0
66903,0
66904,0
66911,0
66912,0
66922,0
66927,0
66932,0
66936,0
66938,0
66946,0
66970,0
66980,0
66984,0
66988,0
66991,0
66999,0
67010,0
67018,0
67021,0
67024,0
67026,0
67039,0
67045,0
67048,0
67053,0
67057,0
67058,0
67059,0
67062,0
67073,0
67080,0
67084,0
67088,0
67089,0
67095,0
67099,0
67103,0
67107,0
67110,0
67120,0
67122,0
67131,0
67135,0
67141,0
67153,0
67162,0
67166,0
67168,0
67186,0
67189,0
67193,0
67196,0
67198,0
67213,0
67220,0
67221,0
67222,0
67225,0
67227,0
67228,0
67231,0
67240,0
67242,0
67252,0
67254,0
67256,0
67260,0
67286,0
67305,0
67309,0
67316,0
67318,0
67319,0
67325,0
67327,0
67329,0
67330,0
67332,0
67335,0
67336,0
67337,0
67345,0
67347,0
67355,0
67363,0
67364,0
67375,0
67387,0
67389,0
67409,0
67410,0
67416,0
67417,0
67422,0
67424,0
67426,0
67427,0
67428,0
67431,0
67433,0
67435,0
67439,1
67443,0
67452,0
67462,0
67475,0
67476,0
67478,1
67485,0
67487,0
67489,0
67490,0
67498,0
67501,0
67502,0
67503,0
67504,0
67505,0
67506,0
67508,0
67512,0
67520,1
67537,0
67540,1
67548,0
67559,0
67565,0
67566,0
67570,0
67572,0
67573,1
67574,0
67583,0
67589,0
67590,0
67592,0
67594,0
67600,0
67604,0
67606,0
67628,0
67641,0
67643,0
67651,0
67657,0
67661,0
67664,0
67666,0
67669,0
67675,0
67681,0
67687,0
67695,0
67699,0
67703,0
67715,0
67725,0
67728,0
67729,0
67735,0
67740,0
67741,0
67744,0
67748,0
67749,0
67752,0
67756,0
67763,0
67765,0
67769,0
67774,0
67776,0
67777,0
67782,0
67783,0
67784,0
67794,0
67802,0
67805,0
67812,0
67815,0
67820,0
67823,0
67824,0
67830,0
67838,0
67840,0
67841,0
67851,0
67852,0
67860,0
67862,0
67863,0
67867,0
67868,0
67870,0
67875,0
67882,0
67896,0
67897,1
67899,0
67900,0
67904,0
67910,0
67929,0
67933,0
67943,0
67945,0
67947,0
67953,0
67958,0
67961,0
67962,0
67973,0
67976,0
67977,0
67978,0
67981,0
67989,0
67991,0
67994,0
68000,0
68012,0
68017,0
68020,0
68021,0
68022,0
68023,0
68029,0
68032,0
68047,0
68048,0
68051,0
68052,1
68061,0
68064,0
68067,0
68068,0
68070,0
68072,0
68079,0
68091,0
68093,0
68097,0
68099,0
68100,0
68104,0
68106,0
68108,0
68117,0
68140,0
68144,0
68147,0
68162,0
68165,0
68169,0
68173,0
68176,0
68179,0
68184,0
68185,0
68187,0
68188,0
68192,0
68194,0
68208,0
68209,0
68216,0
68224,0
68225,0
68230,0
68235,0
68237,0
68241,0
68242,0
68251,0
68253,0
68269,0
68272,0
68275,0
68280,0
68283,0
68288,0
68304,0
68306,0
68308,0
68312,0
68324,0
68327,0
68328,0
68339,0
68344,0
68348,0
68350,0
68352,0
68353,0
68355,0
68356,0
68359,0
68360,0
68367,0
68369,0
68370,0
68376,0
68377,0
68381,1
68389,0
68392,0
68396,0
68414,0
68415,0
68423,0
68425,0
68434,1
68441,0
68449,0
68460,0
68467,0
68472,0
68475,0
68484,0
68486,0
68491,0
68502,0
68505,0
68506,0
68513,0
68516,0
68524,0
68528,0
68529,0
68531,0
68532,0
68533,0
68538,0
68539,0
68549,0
68552,0
68555,0
68557,0
68560,0
68563,0
68571,0
68581,0
68585,0
68588,0
68592,0
68600,0
68601,0
68602,0
68605,0
68606,0
68608,0
68609,0
68613,0
68615,0
68620,0
68641,0
68645,0
68647,0
68648,0
68649,0
68651,0
68653,0
68656,0
68662,0
68664,0
68665,0
68668,0
68673,0
68675,0
68688,0
68698,0
68702,0
68726,0
68729,0
68730,1
68745,0
68755,1
68760,0
68761,0
68762,0
68768,0
68771,0
68783,0
68792,0
68795,0
68796,0
68798,0
68800,0
68801,0
68802,0
68805,0
68808,0
68813,0
68817,0
68820,0
68823,0
68834,0
68838,1
68844,0
68847,0
68852,0
68866,0
68873,0
68887,0
68890,0
68893,0
68898,0
68899,0
68908,0
68913,0
68922,0
68927,0
68928,0
68936,0
68939,0
68956,0
68960,0
68961,0
68963,0
68965,0
68973,0
68981,0
68986,0
68999,0
69004,0
69006,0
69010,0
69027,0
69033,0
69044,0
69045,0
69049,0
69050,0
69053,0
69055,0
69056,0
69066,0
69067,0
69074,0
69083,0
69088,0
69092,0
69100,0
69130,0
69131,0
69136,0
69139,0
69141,0
69142,0
69147,0
69156,0
69160,0
69173,0
69174,0
69177,0
69189,0
69197,0
69199,0
69201,0
69208,0
69211,0
69220,0
69221,0
69222,0
69228,0
69237,0
69239,0
69241,0
69247,1
69250,0
69256,0
69261,0
69263,0
69266,0
69279,0
69281,0
69285,0
69288,0
69291,0
69308,0
69315,0
69316,0
69332,0
69341,0
69352,0
69354,0
69367,0
69371,0
69374,0
69377,0
69378,0
69379,0
69380,0
69389,0
69390,0
69393,0
69396,0
69397,0
69403,0
69406,0
69422,0
69424,0
69427,0
69430,0
69438,0
69445,0
69450,0
69454,0
69476,0
69477,0
69486,0
69498,0
69506,0
69519,0
69522,0
69526,0
69529,0
69530,0
69534,0
69537,1
69544,0
69546,0
69547,0
69555,0
69560,0
69569,0
69571,0
69572,0
69573,0
69576,0
69579,0
69592,0
69606,0
69618,0
69626,0
69627,1
69636,1
69637,0
69638,0
69639,0
69640,1
69649,0
69650,0
69658,0
69661,0
69675,0
69676,0
69680,0
69683,0
69689,0
69690,0
69694,0
69695,0
69701,0
69703,0
69705,0
69707,0
69725,0
69727,0
69728,0
69736,0
69743,0
69744,0
69748,0
69749,0
69754,0
69768,0
69771,0
69775,0
69783,0
69796,0
69798,0
69799,0
69801,0
69809,0
69821,0
69824,0
69827,0
69832,0
69837,0
69844,0
69861,0
69862,0
69877,0
69893,0
69900,0
69906,0
69931,0
69935,0
69940,0
69956,0
69957,0
69958,0
69969,0
69970,0
69976,0
69977,0
69981,0
69983,0
69990,0
69991,0
70003,0
70016,0
70019,0
70026,0
70038,0
70041,0
70043,0
70046,0
70047,0
70053,0
70058,0
70060,1
70062,0
70064,0
70066,0
70067,0
70089,0
70094,0
70096,0
70099,0
70100,0
70108,0
70118,0
70119,0
70134,0
70137,0
70139,0
70150,0
70151,1
70164,0
70166,0
70169,0
70170,0
70171,0
70173,0
70207,0
70212,0
70226,0
70228,0
70230,0
70233,0
70246,0
70248,0
70252,0
70257,0
70258,0
70259,0
70260,0
70263,0
70264,0
70267,0
70277,0
70282,0
70290,0
70292,0
70299,0
70300,0
70311,0
70314,0
70316,0
70325,0
70330,0
70346,0
70357,0
70358,0
70362,0
70364,0
70365,0
70370,0
70372,0
70373,0
70375,0
70377,0
70380,0
70382,0
70385,0
70390,0
70398,0
70405,0
70408,1
70413,0
70415,0
70424,0
70433,0
70444,0
70456,0
70465,0
70468,0
70472,0
70485,0
70486,0
70495,0
70499,0
70500,0
70503,0
70505,0
70510,0
70514,0
70515,0
70521,0
70523,0
70525,0
70526,0
70527,0
70529,0
70535,0
70539,0
70541,0
70543,0
70544,0
70550,0
70566,0
70567,0
70568,0
70570,0
70581,0
70584,0
70586,0
70598,0
70604,0
70609,0
70623,0
70629,0
70630,0
70633,0
70635,0
70640,0
70644,0
70648,0
70655,0
70660,0
70668,0
70670,0
70674,0
70682,0
70683,0
70692,0
70696,0
70697,0
70698,0
70705,0
70709,0
70715,0
70720,0
70727,0
70728,0
70731,0
70732,0
70734,0
70746,0
70747,0
70754,0
70757,0
70759,0
70760,1
70761,0
70763,0
70765,0
70768,0
70770,0
70771,0
70772,0
70774,0
70780,0
70785,0
70789,0
70795,0
70796,0
70800,1
70801,0
70810,0
70813,0
70816,0
70824,0
70827,0
70830,0
70837,1
70845,1
70861,0
70868,0
70876,0
70877,0
70883,0
70889,0
70890,0
70893,0
70894,0
70896,1
70904,0
70905,0
70907,0
70909,0
70911,0
70913,0
70916,0
70917,0
70922,0
70925,0
70930,0
70940,0
70945,0
70946,0
70948,0
70956,0
70963,0
70968,0
70974,0
70981,0
71003,0
71011,0
71013,0
71014,0
71015,0
71023,0
71024,0
71027,0
71035,0
71038,0
71040,0
71047,0
71050,0
71052,1
71058,1
71061,0
71066,0
71078,0
71082,0
71084,1
71087,0
71091,0
71093,0
71098,0
71099,0
71101,0
71111,0
71113,0
71116,0
71133,0
71136,0
71137,0
71146,0
71157,0
71173,0
71180,0
71182,0
71183,0
71186,0
71192,0
71193,0
71201,0
71202,0
71206,0
71210,0
71212,0
71219,0
71224,0
71237,0
71239,0
71242,0
71248,0
71260,0
71262,0
71269,1
71271,1
71274,0
71279,0
71281,0
71282,0
71286,0
71296,1
71298,0
71301,0
71303,0
71307,0
71308,0
71311,0
71313,0
71321,0
71324,0
71337,0
71338,0
71349,0
71350,0
71351,0
71358,0
71361,0
71362,0
71365,0
71367,0
71368,0
71370,0
71387,0
71390,0
71408,0
71412,0
71420,0
71427,0
71442,0
71444,0
71447,0
71466,0
71467,0
71479,0
71487,0
71489,0
71494,0
71497,1
71500,0
71503,0
71511,0
71513,0
71518,0
71520,0
71522,0
71534,0
71535,0
71538,1
71543,0
71545,0
71549,0
71551,0
71554,0
71559,0
71560,0
71561,0
71569,0
71571,1
71572,0
71574,0
71575,0
71580,0
71583,0
71585,0
71589,0
71591,0
71594,0
71618,0
71631,0
71636,0
71639,0
71642,0
71645,0
71646,0
71648,0
71653,0
71655,0
71657,0
71658,0
71669,0
71670,0
71679,0
71681,0
71684,1
71689,0
71704,0
71705,0
71707,0
71711,0
71720,0
71735,0
71740,0
71744,0
71745,0
71747,0
71760,0
71762,0
71763,0
71768,0
71769,0
71772,0
71776,0
71805,0
71808,0
71810,0
71815,0
71819,0
71828,0
71839,0
71847,0
71851,0
71855,0
71856,0
71858,0
71860,0
71866,0
71868,0
71871,0
71878,0
71879,0
71881,0
71908,0
71910,0
71917,0
71921,0
71925,0
71927,0
71930,0
71933,0
71940,0
71943,0
71949,0
71950,0
71957,1
71965,0
71976,0
71979,0
71981,0
71982,0
71983,0
71985,0
71991,0
71995,0
71996,0
71997,0
72006,0
72030,0
72032,0
72033,0
72034,0
72041,0
72050,0
72055,0
72061,0
72062,0
72072,0
72082,0
72085,0
72093,0
72095,0
72102,0
72106,0
72115,0
72118,0
72119,0
72123,0
72124,0
72134,0
72144,0
72147,0
72153,0
72157,0
72161,0
72173,0
72181,0
72190,0
72191,0
72203,0
72209,0
72214,0
72218,0
72228,0
72234,0
72241,0
72254,0
72256,0
72258,0
72259,0
72266,0
72286,0
72289,0
72290,0
72295,0
72298,0
72301,0
72302,0
72304,0
72309,0
72324,0
72325,0
72327,0
72330,0
72331,0
72332,0
72338,0
72343,0
72348,0
72357,0
72373,0
72380,0
72383,0
72391,0
72401,0
72403,0
72404,0
72412,0
72413,0
72416,0
72423,0
72427,0
72431,0
72434,0
72435,0
72440,0
72465,0
72477,0
72479,0
72495,0
72507,0
72511,0
72512,0
72515,0
72519,0
72521,0
72526,0
72527,0
72528,0
72529,0
72531,0
72538,0
72542,0
72546,0
72547,0
72549,1
72550,0
72553,0
72558,0
72563,0
72564,0
72569,0
72572,0
72573,0
72575,0
72582,0
72585,0
72587,0
72591,0
72593,0
72603,0
72612,0
72613,0
72621,0
72628,0
72636,0
72644,0
72646,0
72650,0
72651,0
72653,0
72658,0
72660,0
72663,0
72671,0
72675,0
72677,0
72680,0
72684,0
72686,0
72687,0
72689,0
72699,0
72702,0
72703,0
72706,0
72711,0
72714,0
72723,0
72724,0
72727,0
72728,1
72732,0
72733,0
72736,0
72747,0
72751,0
72753,0
72759,0
72764,0
72767,0
72769,0
72770,0
72773,0
72774,0
72777,0
72788,0
72796,0
72809,1
72811,0
72812,0
72816,0
72817,0
72818,0
72820,0
72823,0
72827,0
72832,0
72833,0
72838,0
72840,0
72850,0
72853,0
72857,0
72860,0
72870,0
72878,0
72884,0
72889,0
72895,0
72897,0
72901,0
72908,0
72915,0
72916,0
72919,0
72923,0
72930,0
72931,0
72942,0
72945,0
72947,0
72949,0
72950,0
72952,0
72957,0
72958,0
72965,0
72970,0
72974,0
72978,1
72985,0
72993,0
72994,0
72997,0
73009,0
73010,0
73011,0
73020,0
73022,0
73023,0
73025,0
73030,1
73041,0
73042,0
73044,0
73050,0
73051,0
73053,0
73066,0
73068,0
73071,0
73076,0
73083,0
73089,0
73094,0
73105,0
73113,0
73117,0
73119,0
73136,0
73152,0
73155,0
73161,0
73162,0
73163,0
73164,0
73170,0
73171,0
73173,0
73176,0
73186,0
73188,0
73189,0
73193,0
73197,0
73198,0
73204,0
73208,0
73231,0
73234,0
73236,0
73244,0
73246,0
73249,0
73251,0
73262,0
73267,0
73280,0
73283,0
73292,0
73293,0
73297,0
73299,0
73309,0
73311,0
73317,0
73322,0
73324,0
73327,0
73340,0
73344,0
73346,0
73355,0
73356,0
73363,0
73365,0
73367,0
73374,0
73377,0
73379,0
73380,0
73384,0
73385,0
73391,0
73401,0
73408,0
73413,0
73426,0
73430,0
73431,0
73435,0
73457,0
73459,0
73460,0
73466,0
73467,0
73473,0
73477,0
73478,0
73480,0
73482,0
73494,0
73499,0
73500,0
73501,0
73513,0
73520,0
73522,0
73542,0
73545,0
73553,0
73556,0
73560,0
73563,0
73564,0
73568,0
73571,0
73573,0
73585,0
73588,0
73590,0
73592,0
73602,0
73613,0
73615,1
73618,0
73620,0
73621,1
73625,0
73634,0
73640,0
73641,0
73645,0
73654,0
73656,0
73658,0
73661,0
73668,0
73672,0
73696,0
73697,0
73699,0
73703,0
73705,0
73708,0
73720,0
73728,0
73729,0
73733,0
73736,0
73743,0
73750,0
73752,0
73755,0
73756,0
73761,0
73768,0
73772,0
73774,0
73781,0
73782,0
73796,0
73798,0
73802,0
73810,0
73819,0
73838,0
73839,0
73845,0
73853,0
73856,0
73859,0
73861,0
73865,0
73869,0
73870,0
73876,0
73881,0
73887,0
73892,0
73897,0
73899,0
73900,0
73901,0
73903,0
73904,0
73912,0
73913,0
73932,0
73934,0
73938,0
73957,0
73967,0
73970,0
73972,0
73976,0
73979,0
73990,0
73997,0
74010,0
74016,0
74018,0
74033,0
74051,0
74054,0
74055,0
74057,0
74059,0
74062,0
74066,0
74069,0
74074,0
74077,0
74085,0
74087,0
74090,0
74091,0
74107,0
74110,0
74115,0
74116,0
74139,0
74140,0
74154,0
74157,0
74175,0
74179,0
74182,0
74183,0
74187,0
74188,0
74190,0
74194,0
74199,0
74204,0
74207,0
74209,1
74213,0
74216,0
74217,0
74232,0
74233,0
74242,0
74247,0
74248,0
74249,0
74259,0
74266,0
74276,0
74281,0
74282,0
74288,0
74289,0
74291,0
74300,0
74311,0
74313,0
74317,0
74322,1
74335,0
74348,0
74355,0
74361,0
74367,0
74369,0
74370,0
74374,0
74376,0
74392,0
74394,0
74400,0
74405,0
74408,0
74421,0
74426,0
74429,0
74430,0
74433,0
74438,0
74440,0
74445,0
74447,0
74450,0
74452,0
74453,0
74457,0
74465,0
74466,0
74474,0
74476,0
74480,0
74483,0
74492,0
74494,0
74497,0
74500,0
74503,0
74505,0
74507,0
74530,0
74533,0
74539,0
74540,0
74542,0
74556,0
74558,0
74563,0
74566,0
74579,0
74583,1
74595,0
74597,0
74598,0
74600,0
74605,0
74615,0
74618,0
74624,0
74638,0
74646,0
74647,0
74658,0
74662,0
74663,0
74665,0
74671,0
74674,0
74676,0
74683,0
74695,0
74701,0
74709,0
74711,0
74714,0
74715,0
74727,0
74733,0
74743,0
74744,0
74755,0
74757,0
74761,0
74770,0
74773,0
74775,0
74779,0
74781,0
74785,0
74786,0
74793,0
74808,0
74810,0
74814,0
74816,0
74817,0
74818,0
74819,0
74823,0
74826,0
74832,0
74837,0
74842,0
74852,0
74856,0
74867,0
74875,0
74876,0
74878,0
74880,0
74890,0
74909,0
74927,0
74930,0
74935,0
74944,0
74946,0
74955,0
74956,0
74957,0
74968,0
74976,0
74978,0
74980,0
74989,0
74997,0
75001,0
75007,0
75012,0
75013,0
75015,0
75019,0
75023,0
75043,1
75050,0
75053,0
75070,0
75088,0
75093,0
75096,0
75112,0
75113,0
75120,0
75132,0
75150,0
75151,0
75153,0
75155,0
75163,0
75164,0
75165,1
75167,0
75171,0
75174,0
75177,0
75178,0
75189,0
75192,0
75199,0
75201,0
75202,0
75208,0
75214,0
75222,0
75228,0
75242,0
75245,0
75251,0
75252,0
75262,0
75265,0
75267,0
75272,0
75273,0
75290,0
75296,0
75303,0
75305,1
75307,0
75308,0
75311,0
75321,0
75322,0
75328,0
75335,0
75338,0
75354,0
75360,0
75361,0
75365,0
75372,0
75379,0
75381,0
75383,0
75384,0
75389,0
75394,0
75397,0
75406,0
75414,0
75418,0
75419,0
75420,0
75423,0
75430,0
75435,0
75443,0
75446,0
75470,0
75472,0
75483,0
75491,0
75495,0
75497,0
75500,0
75503,0
75505,0
75506,0
75507,0
75510,0
75518,0
75520,0
75530,0
75531,0
75532,0
75535,0
75542,0
75559,0
75565,0
75566,0
75572,0
75580,0
75583,0
75587,0
75596,0
75604,0
75613,0
75616,0
75618,0
75635,0
75645,0
75654,1
75664,0
75665,0
75668,0
75669,0
75672,0
75673,0
75679,0
75688,0
75690,0
75694,0
75699,0
75713,0
75720,0
75722,0
75723,0
75724,0
75727,0
75728,0
75729,0
75730,0
75736,0
75737,0
75740,0
75743,0
75750,0
75751,1
75752,0
75753,0
75759,0
75762,0
75763,0
75773,0
75774,0
75779,0
75792,0
75797,0
75799,0
75801,0
75802,0
75816,0
75821,0
75825,0
75834,0
75839,0
75842,0
75843,0
75847,0
75874,0
75875,0
75882,0
75887,0
75899,0
75901,1
75907,0
75911,0
75932,0
75934,0
75951,0
75952,0
75959,0
75965,0
75967,0
75979,0
75989,1
75993,0
75994,0
75997,0
75998,0
76002,0
76003,0
76004,0
76008,0
76016,0
76017,0
76021,0
76031,0
76034,0
76041,0
76047,0
76054,0
76057,0
76072,0
76074,0
76079,0
76085,0
76097,0
76100,0
76102,0
76111,0
76114,1
76115,0
76119,0
76120,0
76127,0
76129,0
76132,0
76133,0
76136,0
76137,0
76142,0
76143,0
76145,1
76152,0
76162,0
76179,0
76193,1
76195,0
76196,0
76202,0
76205,0
76209,0
76216,0
76221,0
76225,0
76232,0
76243,0
76247,0
76253,0
76256,0
76258,0
76272,0
76276,0
76281,0
76305,0
76306,0
76318,0
76321,0
76323,0
76324,0
76329,0
76331,0
76339,0
76344,0
76349,0
76352,0
76357,0
76362,0
76365,0
76370,0
76400,0
76406,1
76410,0
76411,0
76415,0
76419,0
76434,0
76440,0
76445,0
76455,0
76459,0
76461,0
76472,0
76474,0
76485,0
76486,0
76494,0
76496,0
76500,0
76503,0
76507,0
76532,0
76533,0
76541,0
76543,0
76544,0
76557,0
76559,0
76561,0
76563,0
76565,0
76572,0
76580,0
76583,0
76587,0
76589,0
76590,0
76592,0
76595,1
76600,0
76603,0
76609,0
76615,0
76621,0
76623,0
76624,0
76628,0
76632,0
76637,0
76638,0
76642,0
76648,0
76651,0
76660,0
76678,0
76693,0
76696,0
76700,0
76702,0
76703,0
76704,0
76710,0
76715,0
76718,0
76724,0
76740,0
76745,0
76757,0
76760,0
76762,0
76768,0
76771,0
76777,0
76778,0
76789,0
76792,0
76798,0
76799,0
76802,0
76811,0
76814,0
76816,0
76817,0
76821,0
76827,0
76838,1
76841,0
76843,0
76847,0
76848,0
76853,0
76854,0
76856,0
76861,0
76864,0
76866,0
76868,0
76870,0
76871,0
76872,0
76874,0
76875,0
76879,0
76883,0
76895,0
76897,0
76898,0
76899,0
76902,0
76905,0
76907,0
76912,0
76913,0
76922,0
76927,0
76943,0
76946,0
76953,0
76954,0
76958,0
76964,0
76966,0
76968,0
76980,0
76984,0
76986,0
76990,0
77007,0
77010,0
77021,0
77030,0
77033,0
77043,0
77044,0
77045,0
77046,0
77053,0
77054,0
77057,0
77067,0
77082,0
77083,0
77089,0
77092,0
77093,0
77098,0
77102,0
77108,0
77111,1
77120,0
77125,0
77129,0
77136,0
77141,0
77143,0
77144,0
77145,0
77148,0
77149,0
77155,0
77165,0
77168,0
77177,0
77180,0
77187,0
77193,0
77196,0
77197,0
77198,0
77200,0
77205,0
77210,0
77217,0
77221,0
77224,0
77226,0
77230,1
77232,0
77243,0
77251,0
77254,0
77259,0
77261,0
77263,0
77273,0
77280,0
77286,0
77288,0
77296,0
77297,0
77309,0
77316,0
77320,0
77328,0
77329,0
77334,0
77335,0
77337,0
77348,1
77357,0
77359,0
77375,0
77377,0
77378,0
77380,0
77387,0
77388,0
77391,0
77398,0
77406,0
77410,0
77411,0
77413,0
77435,0
77439,0
77441,0
77444,0
77446,0
77450,0
77456,0
77460,0
77465,0
77468,0
77471,0
77472,0
77475,0
77478,1
77482,1
77490,0
77493,0
77512,0
77521,0
77523,0
77529,0
77530,0
77543,0
77544,0
77547,0
77560,0
77565,0
77566,0
77581,1
77597,0
77606,0
77610,0
77621,0
77628,0
77630,0
77632,0
77637,0
77640,0
77642,0
77644,0
77651,0
77652,0
77664,0
77668,0
77669,0
77670,0
77685,0
77688,0
77690,0
77692,0
77696,0
77699,0
77702,0
77707,0
77717,0
77722,0
77727,0
77730,0
77731,0
77736,0
77737,0
77742,0
77745,0
77752,0
77755,0
77764,0
77766,0
77769,0
77772,0
77783,0
77788,0
77791,0
77792,0
77793,0
77796,0
77798,0
77807,0
77809,0
77810,0
77817,0
77827,0
77828,0
77833,0
77841,0
77852,0
77853,0
77859,0
77860,0
77862,0
77877,0
77881,0
77891,0
77895,0
77896,0
77899,0
77910,0
77915,0
77924,0
77929,0
77930,0
77931,0
77941,0
77954,0
77959,0
77963,0
77964,0
77965,0
77968,0
77984,1
77988,0
77991,0
77992,0
77994,0
78005,0
78010,0
78014,0
78020,0
78023,0
78024,0
78034,0
78039,0
78040,0
78053,0
78059,0
78072,0
78075,1
78080,0
78081,0
78084,0
78091,0
78092,0
78093,0
78096,0
78097,0
78099,0
78105,0
78111,0
78115,0
78120,0
78127,0
78130,0
78133,0
78136,0
78140,0
78142,0
78143,0
78144,0
78152,0
78155,0
78159,0
78164,0
78168,0
78172,0
78173,0
78183,0
78188,0
78191,0
78192,0
78193,0
78194,0
78197,0
78198,0
78200,0
78215,0
78223,0
78224,0
78226,0
78230,0
78233,0
78237,0
78243,0
78254,0
78255,0
78257,0
78260,0
78268,0
78271,1
78276,0
78281,0
78288,0
78290,0
78292,0
78293,0
78297,0
78304,0
78314,0
78326,0
78348,0
78352,0
78356,1
78362,0
78367,0
78370,0
78381,0
78388,0
78392,0
78397,0
78398,0
78403,0
78410,0
78412,0
78420,0
78421,0
78427,0
78468,0
78471,0
78473,0
78474,0
78475,0
78500,0
78502,0
78503,0
78515,0
78520,0
78526,0
78532,0
78543,0
78550,0
78551,0
78553,0
78560,0
78563,0
78568,0
78569,0
78572,0
78590,0
78598,0
78622,0
78623,0
78624,0
78636,0
78638,0
78639,0
78642,0
78643,0
78646,0
78648,0
78652,0
78662,0
78665,0
78666,0
78667,0
78670,0
78671,0
78672,0
78676,0
78679,0
78681,0
78684,0
78689,0
78692,0
78707,0
78709,0
78710,0
78720,0
78721,0
78725,0
78730,1
78740,0
78741,0
78742,0
78744,0
78748,0
78750,0
78752,0
78753,0
78759,0
78761,0
78769,0
78770,0
78773,0
78776,0
78781,0
78785,0
78788,0
78791,0
78799,0
78807,0
78808,0
78811,0
78815,0
78817,0
78824,0
78829,0
78832,0
78841,0
78844,0
78848,0
78851,0
78859,0
78877,0
78879,0
78885,0
78888,0
78889,0
78894,0
78899,0
78900,0
78901,0
78904,0
78905,0
78913,0
78925,0
78930,0
78932,0
78934,0
78936,0
78945,0
78946,0
78948,0
78955,0
78957,0
78959,0
78971,0
78973,0
78979,0
78983,0
78984,0
78987,0
79017,0
79018,0
79021,0
79022,0
79028,0
79031,0
79045,0
79046,0
79054,0
79057,0
79059,0
79063,0
79067,0
79074,0
79076,0
79081,0
79084,0
79094,0
79095,0
79103,0
79107,0
79111,0
79128,0
79130,0
79134,0
79139,0
79143,0
79144,0
79147,0
79154,0
79156,0
79157,1
79158,0
79161,0
79163,0
79168,0
79173,0
79176,0
79178,0
79208,0
79215,0
79216,0
79225,0
79226,0
79234,0
79239,0
79252,0
79255,0
79256,0
79261,0
79273,0
79274,0
79280,0
79284,0
79289,0
79291,0
79296,0
79302,0
79303,0
79304,0
79316,0
79322,0
79330,0
79331,0
79333,0
79335,0
79336,0
79340,0
79341,0
79347,0
79348,0
79349,0
79351,0
79353,0
79356,0
79358,0
79363,0
79367,0
79368,0
79371,0
79377,0
79386,0
79391,0
79395,0
79405,0
79407,0
79414,0
79415,0
79421,0
79423,0
79426,0
79432,0
79434,0
79437,0
79438,0
79439,0
79440,0
79441,1
79448,0
79458,0
79459,0
79460,0
79470,0
79471,0
79479,0
79484,0
79486,0
79491,0
79495,0
79500,0
79507,0
79522,0
79530,0
79531,0
79533,0
79538,0
79541,0
79542,0
79547,0
79549,0
79554,0
79560,0
79565,0
79566,0
79570,1
79587,0
79591,0
79595,0
79598,0
79601,0
79607,0
79608,0
79610,0
79612,0
79617,0
79619,0
79624,0
79627,0
79628,0
79638,0
79641,1
79642,0
79647,0
79648,0
79649,1
79668,0
79675,0
79689,0
79692,0
79695,0
79696,0
79697,0
79699,0
79705,0
79710,0
79713,0
79714,0
79718,0
79719,0
79720,0
79725,0
79732,0
79737,0
79740,0
79741,0
79743,0
79744,0
79745,0
79749,0
79752,0
79757,0
79764,0
79766,0
79768,0
79772,0
79777,0
79789,0
79796,0
79800,0
79810,0
79813,0
79815,0
79820,0
79832,0
79835,0
79840,0
79841,0
79845,0
79847,0
79849,0
79850,0
79851,0
79867,0
79869,0
79871,0
79876,0
79877,0
79883,0
79886,0
79891,0
79908,0
79911,0
79914,0
79915,0
79923,0
79929,0
79931,0
79932,0
79935,0
79941,0
79946,0
79957,0
79963,0
79970,0
79971,0
79976,0
79979,1
79983,0
79986,0
79988,0
79994,0
79998,0
80006,0
80015,0
80019,0
80020,0
80022,0
80023,0
80030,0
80031,0
80060,0
80061,0
80065,0
80073,0
80079,0
80080,0
80083,0
80090,0
80093,0
80094,0
80096,0
80098,0
80100,0
80109,0
80112,0
80117,0
80118,0
80123,0
80124,0
80129,0
80136,0
80141,0
80146,0
80147,0
80149,0
80164,0
80168,1
80177,0
80184,0
80191,0
80194,0
80198,0
80204,0
80209,0
80221,0
80223,0
80229,0
80230,0
80241,0
80243,0
80244,0
80247,0
80251,0
80254,0
80276,0
80277,0
80278,0
80279,0
80281,0
80282,0
80283,0
80285,0
80286,0
80295,0
80296,0
80298,0
80299,0
80309,0
80310,0
80312,0
80327,0
80328,0
80336,0
80337,0
80339,0
80340,0
80347,0
80351,0
80357,0
80366,0
80369,0
80371,0
80375,0
80378,0
80383,0
80384,1
80386,0
80396,0
80406,0
80415,0
80423,0
80427,0
80429,0
80431,0
80433,0
80439,0
80442,0
80444,0
80446,0
80450,0
80454,0
80459,0
80462,0
80472,0
80477,0
80478,0
80479,0
80482,0
80488,0
80496,0
80503,0
80506,0
80514,0
80530,0
80531,0
80539,0
80543,0
80544,0
80546,0
80549,0
80554,0
80561,1
80562,0
80571,1
80575,0
80576,0
80578,0
80585,0
80588,0
80594,0
80596,0
80611,0
80612,0
80613,0
80616,0
80618,0
80619,0
80623,0
80629,1
80634,0
80640,0
80644,0
80653,0
80660,0
80674,0
80677,0
80679,0
80681,0
80690,0
80691,0
80697,0
80702,0
80707,0
80715,0
80717,0
80725,0
80731,0
80735,0
80743,0
80747,0
80749,0
80753,0
80756,0
80758,0
80761,0
80765,0
80768,0
80771,0
80772,0
80777,0
80778,0
80784,0
80785,0
80788,0
80790,0
80796,0
80798,0
80802,0
80803,0
80811,0
80822,0
80827,0
80838,0
80839,0
80840,0
80848,0
80853,0
80857,0
80858,0
80861,0
80864,0
80884,0
80888,0
80889,0
80892,0
80893,0
80894,0
80900,0
80903,0
80904,0
80908,0
80913,0
80919,0
80921,0
80935,0
80940,0
80945,0
80950,0
80959,0
80970,0
80982,0
80983,0
80987,0
80990,0
81000,0
81007,0
81012,0
81013,0
81020,0
81034,0
81036,0
81037,0
81040,0
81045,0
81050,0
81058,0
81060,0
81062,0
81063,0
81066,0
81068,0
81071,0
81072,0
81075,0
81077,0
81085,0
81086,0
81099,0
81100,0
81114,0
81125,0
81134,0
81136,0
81137,1
81139,0
81140,0
81144,0
81150,0
81157,0
81161,0
81166,0
81180,0
81181,0
81182,0
81189,0
81194,0
81200,0
81203,1
81214,0
81219,0
81229,0
81233,0
81236,0
81238,0
81243,0
81247,0
81250,0
81256,0
81266,0
81268,0
81283,0
81284,0
81285,0
81288,0
81291,0
81307,0
81308,0
81310,0
81311,0
81314,0
81315,0
81335,0
81339,0
81345,0
81351,0
81366,0
81370,0
81374,0
81383,0
81390,0
81391,0
81393,0
81394,0
81396,0
81400,0
81401,0
81402,0
81413,0
81418,0
81423,0
81426,0
81440,0
81453,0
81460,0
81466,0
81477,0
81503,0
81516,0
81518,0
81531,0
81535,0
81540,0
81541,0
81546,0
81548,0
81551,0
81555,0
81560,0
81563,0
81564,0
81570,0
81575,0
81580,0
81590,0
81593,0
81599,0
81616,0
81617,0
81622,0
81625,0
81629,0
81650,0
81655,0
81657,0
81668,0
81670,0
81673,0
81682,0
81683,0
81686,0
81692,0
81693,0
81703,0
81713,0
81717,0
81719,0
81743,0
81750,0
81757,1
81759,0
81762,0
81763,0
81800,0
81812,0
81819,0
81830,1
81837,0
81839,0
81843,0
81844,0
81845,0
81846,0
81847,0
81852,0
81853,0
81877,0
81880,0
81882,0
81889,0
81890,0
81895,0
81896,0
81900,0
81901,0
81904,0
81916,0
81919,0
81930,0
81932,0
81938,0
81942,0
81946,0
81951,0
81953,0
81957,0
81958,0
81960,0
81961,0
81962,0
81965,0
81966,0
81981,0
81982,0
81983,0
81987,0
81990,0
81995,1
82003,0
82007,0
82019,0
82028,0
82031,0
82040,0
82046,0
82047,0
82064,0
82078,0
82079,0
82081,0
82087,0
82093,0
82104,0
82105,0
82106,0
82112,0
82118,0
82119,0
82132,0
82135,0
82138,0
82149,0
82153,0
82157,0
82174,0
82183,0
82191,1
82192,0
82193,0
82195,0
82197,0
82207,0
82215,0
82220,0
82223,0
82226,0
82237,0
82238,0
82246,0
82254,0
82259,0
82260,0
82263,0
82273,0
82282,0
82283,0
82292,0
82296,0
82301,0
82310,0
82319,0
82332,0
82342,0
82344,0
82348,0
82351,0
82352,0
82353,0
82361,1
82364,0
82370,0
82373,0
82374,0
82378,0
82379,0
82384,0
82385,0
82388,0
82394,0
82395,0
82396,0
82410,1
82412,0
82427,0
82434,0
82436,0
82441,0
82446,0
82447,0
82450,0
82454,0
82455,0
82462,0
82467,0
82481,0
82500,0
82505,0
82515,0
82517,0
82518,0
82527,0
82531,0
82536,0
82538,0
82540,0
82541,0
82543,0
82549,0
82551,0
82554,0
82561,0
82567,0
82568,0
82577,0
82588,0
82599,0
82600,0
82602,0
82603,0
82610,0
82611,0
82613,0
82624,0
82625,0
82627,0
82628,0
82629,0
82637,0
82639,0
82653,0
82656,0
82659,0
82662,0
82673,0
82679,0
82687,0
82689,0
82695,0
82696,0
82700,0
82703,0
82705,1
82708,0
82712,0
82715,0
82719,0
82721,0
82727,0
82730,0
82738,0
82739,0
82741,0
82743,0
82745,0
82751,0
82755,0
82757,0
82758,0
82773,0
82774,0
82780,0
82781,0
82783,0
82786,0
82790,0
82792,0
82812,0
82814,0
82816,0
82828,0
82836,0
82843,0
82878,0
82898,0
82902,0
82907,0
82912,0
82915,0
82919,0
82921,0
82923,0
82931,0
82936,0
82940,0
82945,0
82948,0
82955,0
82956,0
82962,0
82965,0
82971,0
82975,0
82988,0
82993,0
83000,0
83003,0
83007,0
83011,0
83013,0
83021,0
83032,0
83044,0
83050,0
83051,0
83055,0
83061,0
83063,0
83070,0
83071,1
83072,0
83073,0
83074,0
83075,0
83076,0
83087,1
83088,0
83099,0
83104,0
83107,0
83110,0
83113,0
83116,0
83124,0
83125,0
83128,0
83136,0
83140,0
83141,0
83144,0
83158,0
83159,0
83162,0
83180,0
83182,0
83187,0
83188,0
83194,0
83195,0
83201,0
83209,0
83216,0
83229,0
83234,0
83235,0
83239,0
83240,0
83248,0
83267,0
83268,0
83272,0
83280,0
83283,0
83288,0
83294,0
83301,0
83305,0
83307,0
83310,0
83313,0
83335,0
83337,0
83350,0
83355,0
83368,0
83375,0
83376,1
83378,0
83384,0
83388,0
83389,0
83399,0
83407,0
83410,0
83412,0
83413,0
83416,0
83419,0
83420,0
83423,0
83426,0
83429,0
83442,0
83443,0
83445,0
83448,0
83460,0
83466,0
83472,0
83481,0
83482,0
83487,0
83489,0
83491,0
83493,0
83496,0
83506,0
83513,1
83523,0
83524,0
83526,0
83529,0
83533,0
83543,0
83550,0
83552,0
83559,0
83564,0
83575,0
83582,0
83587,0
83589,0
83590,0
83598,0
83599,0
83601,0
83608,0
83609,0
83611,0
83613,0
83620,0
83625,0
83631,1
83632,0
83642,0
83650,0
83653,0
83660,0
83661,0
83662,0
83669,0
83672,0
83673,0
83681,0
83682,0
83684,0
83685,0
83692,0
83693,0
83698,0
83703,0
83709,0
83717,0
83721,0
83727,0
83729,0
83732,0
83742,0
83744,0
83746,0
83748,0
83759,0
83768,0
83773,0
83788,0
83794,0
83804,0
83814,0
83819,0
83824,0
83829,0
83837,0
83841,0
83844,0
83845,0
83854,0
83855,0
83856,0
83859,0
83862,0
83866,0
83882,0
83883,0
83887,0
83911,0
83929,0
83934,0
83946,0
83947,0
83954,0
83958,0
83961,0
83967,0
83974,0
83977,0
83980,0
83983,0
83985,0
83987,0
83988,0
83989,0
83990,0
83991,0
83992,0
83998,0
84012,0
84015,0
84018,0
84027,0
84029,1
84035,0
84036,0
84042,0
84043,0
84054,0
84065,0
84068,0
84071,0
84082,0
84086,0
84088,0
84091,0
84098,0
84100,0
84104,0
84108,0
84113,0
84115,0
84117,0
84130,0
84132,0
84139,0
84143,0
84145,0
84146,0
84149,0
84155,0
84160,0
84167,0
84173,0
84186,0
84192,0
84197,0
84200,0
84204,0
84206,0
84220,0
84240,0
84248,0
84263,0
84264,0
84266,0
84269,0
84270,0
84273,1
84274,0
84279,0
84297,0
84301,0
84307,0
84312,0
84313,0
84314,0
84317,0
84320,0
84321,0
84322,0
84330,0
84334,0
84336,0
84343,0
84344,0
84349,0
84350,0
84353,0
84356,0
84359,0
84361,0
84362,0
84373,0
84377,0
84382,0
84384,0
84389,0
84391,0
84398,0
84410,0
84414,0
84426,0
84430,0
84433,0
84434,0
84437,0
84438,1
84440,0
84445,0
84446,0
84454,0
84462,0
84467,0
84468,0
84470,0
84475,0
84492,0
84493,0
84506,0
84511,0
84517,0
84531,0
84546,0
84553,0
84564,0
84566,0
84574,0
84577,0
84581,0
84583,0
84589,0
84590,0
84591,0
84604,0
84608,0
84612,0
84619,0
84620,0
84622,0
84630,0
84642,0
84648,0
84651,0
84655,0
84660,0
84666,0
84668,0
84671,0
84676,0
84689,0
84692,0
84702,0
84708,0
84710,0
84718,0
84730,0
84739,0
84740,0
84743,0
84745,0
84750,0
84758,0
84761,0
84781,0
84784,1
84788,0
84791,0
84792,0
84812,0
84819,0
84827,0
84829,0
84831,0
84838,0
84840,0
84841,0
84847,0
84848,0
84852,0
84861,0
84870,0
84876,0
84877,0
84888,0
84893,1
84898,0
84906,0
84908,0
84909,0
84912,0
84916,0
84922,0
84923,0
84925,0
84936,0
84943,0
84952,0
84961,0
84964,0
84967,0
84978,0
84981,0
84985,0
84998,0
85003,0
85007,0
85009,0
85011,0
85012,0
85013,0
85024,1
85030,0
85032,0
85033,0
85035,0
85037,0
85043,0
85049,0
85051,0
85055,0
85062,0
85063,0
85064,0
85067,0
85070,0
85071,0
85075,0
85081,0
85082,0
85085,0
85089,0
85092,0
85093,0
85098,0
85099,0
85100,0
85104,0
85111,0
85119,0
85123,0
85126,0
85129,0
85141,0
85166,0
85171,0
85174,0
85185,0
85191,0
85197,0
85204,0
85207,0
85209,0
85213,0
85218,0
85219,0
85222,0
85227,0
85235,0
85251,0
85269,0
85291,0
85294,0
85295,0
85305,0
85314,0
85316,0
85321,0
85326,0
85331,0
85337,0
85339,0
85341,0
85345,0
85347,0
85350,0
85357,0
85361,0
85365,0
85367,0
85368,0
85371,0
85373,0
85375,1
85377,0
85381,0
85384,0
85386,0
85392,0
85395,0
85399,0
85404,0
85410,0
85412,0
85416,0
85425,0
85426,0
85439,0
85447,0
85455,0
85458,0
85462,0
85464,0
85468,0
85471,0
85472,0
85474,0
85477,0
85483,0
85487,0
85491,0
85502,0
85503,0
85520,0
85524,0
85528,0
85532,0
85536,0
85549,0
85566,0
85569,0
85572,0
85588,0
85589,0
85592,0
85593,0
85600,0
85601,0
85602,0
85605,0
85608,0
85615,0
85625,0
85630,0
85656,0
85659,0
85676,0
85686,0
85687,0
85689,0
85692,0
85693,0
85698,0
85711,0
85727,0
85734,0
85736,0
85739,0
85742,0
85743,0
85744,0
85749,0
85754,0
85768,0
85774,0
85780,0
85782,0
85793,0
85797,0
85798,0
85801,0
85805,0
85810,0
85817,0
85824,1
85827,0
85840,0
85843,0
85849,0
85850,0
85851,0
85856,0
85862,0
85866,1
85872,0
85883,0
85884,0
85886,0
85887,0
85892,0
85905,0
85908,0
85910,0
85911,0
85924,0
85927,0
85929,0
85931,0
85932,0
85944,0
85952,0
85954,0
85957,0
85960,0
85961,0
85969,0
85970,0
85972,0
85973,0
85974,0
85979,1
85982,0
85985,0
85986,0
85993,0
85994,0
85997,0
86003,1
86004,0
86008,0
86011,0
86018,0
86025,0
86026,0
86030,0
86032,0
86034,0
86036,0
86038,0
86041,1
86045,0
86047,0
86053,0
86056,0
86064,0
86070,0
86074,0
86079,0
86085,0
86091,0
86095,0
86107,0
86109,0
86112,0
86119,0
86123,0
86125,0
86131,0
86133,0
86134,0
86136,0
86137,0
86153,0
86159,0
86168,0
86169,0
86179,0
86182,0
86187,0
86188,0
86199,0
86203,0
86204,0
86210,0
86216,0
86217,0
86220,0
86221,0
86223,0
86225,0
86226,0
86227,0
86228,0
86239,1
86245,0
86246,0
86253,0
86254,0
86271,0
86275,0
86277,0
86279,0
86280,0
86291,0
86292,0
86294,0
86306,0
86316,0
86317,0
86324,0
86327,0
86328,0
86342,0
86349,0
86353,0
86357,0
86359,0
86360,0
86361,0
86364,1
86365,0
86367,0
86369,0
86375,0
86376,0
86378,0
86379,0
86386,0
86387,0
86408,0
86409,0
86414,0
86415,0
86417,0
86420,0
86423,0
86433,0
86434,0
86442,0
86444,0
86449,0
86452,0
86462,0
86471,0
86482,0
86485,0
86488,0
86489,0
86490,0
86496,0
86498,0
86499,0
86500,0
86501,0
86508,0
86518,0
86519,0
86521,0
86523,0
86524,0
86526,0
86528,0
86538,0
86540,0
86547,0
86549,0
86555,0
86559,0
86574,0
86580,0
86582,0
86585,0
86598,0
86601,0
86605,0
86616,0
86623,0
86628,0
86630,0
86636,0
86649,1
86652,0
86654,0
86663,0
86666,0
86667,0
86672,0
86680,0
86691,0
86693,0
86695,0
86696,1
86701,1
86710,0
86717,0
86719,0
86721,0
86722,0
86734,0
86738,0
86746,0
86750,0
86754,0
86755,0
86762,0
86766,0
86768,0
86770,0
86771,0
86773,0
86775,0
86780,0
86781,0
86783,0
86792,0
86796,0
86798,0
86805,0
86811,0
86812,0
86825,0
86835,0
86838,0
86844,0
86848,0
86851,0
86885,0
86895,0
86900,0
86920,0
86929,0
86935,0
86936,0
86937,0
86944,0
86954,0
86964,0
86967,0
86971,0
86972,0
86974,0
86976,0
86980,0
86996,0
87006,0
87008,0
87011,0
87012,0
87025,0
87034,0
87036,0
87043,0
87048,0
87057,0
87061,0
87064,0
87065,0
87067,0
87078,0
87091,0
87093,0
87097,0
87101,0
87109,0
87111,0
87114,0
87122,0
87128,0
87133,0
87134,0
87141,0
87148,0
87150,0
87158,0
87168,0
87182,0
87183,0
87184,0
87190,0
87193,0
87215,0
87217,0
87218,0
87229,0
87232,0
87233,1
87234,0
87235,0
87246,0
87248,0
87257,0
87260,1
87265,0
87268,0
87280,0
87282,0
87285,0
87290,0
87291,0
87296,0
87300,0
87312,0
87316,0
87320,0
87326,0
87347,0
87349,0
87350,0
87352,0
87356,0
87359,0
87362,0
87364,0
87366,0
87370,0
87374,0
87376,0
87381,0
87382,0
87384,0
87385,0
87397,0
87399,0
87405,0
87407,0
87410,0
87415,0
87420,0
87421,0
87425,0
87427,0
87428,0
87430,0
87434,0
87442,0
87450,0
87453,0
87456,0
87465,0
87480,0
87485,0
87496,0
87512,0
87515,0
87517,0
87522,0
87523,0
87525,0
87532,0
87534,0
87547,0
87552,0
87554,1
87555,0
87565,0
87566,0
87570,0
87573,0
87579,0
87581,0
87582,0
87583,0
87592,0
87600,0
87602,0
87608,0
87610,0
87616,0
87617,0
87618,0
87625,0
87634,0
87639,0
87649,0
87653,0
87657,0
87666,0
87669,0
87672,0
87678,0
87679,0
87684,0
87693,0
87697,0
87698,0
87699,0
87703,0
87704,0
87705,0
87706,0
87707,0
87709,0
87715,0
87717,0
87718,0
87720,0
87721,0
87725,0
87730,0
87733,0
87737,0
87738,0
87744,0
87757,0
87758,1
87759,0
87760,0
87762,1
87764,0
87768,0
87769,0
87773,0
87774,0
87779,0
87791,0
87795,0
87798,0
87808,0
87818,0
87821,0
87824,0
87828,0
87840,0
87841,0
87850,0
87860,0
87861,0
87862,0
87866,0
87873,0
87875,0
87879,0
87903,0
87905,0
87928,0
87934,0
87936,0
87945,0
87950,0
87953,1
87956,0
87960,0
87973,0
87980,0
87991,0
87994,0
87995,0
87996,0
87999,0
88007,0
88008,0
88010,0
88011,0
88012,0
88017,0
88027,0
88033,0
88036,0
88042,0
88045,0
88053,0
88061,1
88062,0
88065,0
88066,0
88068,0
88070,0
88073,0
88077,0
88078,0
88079,0
88089,0
88090,0
88102,0
88120,0
88122,0
88138,0
88144,0
88158,0
88172,0
88177,0
88178,0
88180,0
88184,0
88196,1
88200,1
88203,0
88205,0
88211,0
88225,0
88231,0
88243,0
88248,0
88251,0
88254,0
88257,0
88258,0
88261,0
88272,0
88274,0
88277,0
88282,0
88284,0
88286,0
88288,0
88290,0
88296,1
88304,0
88313,0
88327,0
88330,0
88332,0
88353,0
88354,0
88355,0
88356,0
88363,0
88371,0
88373,0
88387,0
88389,0
88391,0
88393,0
88398,0
88399,0
88403,0
88418,0
88422,0
88425,0
88426,0
88430,1
88431,0
88432,0
88434,0
88436,0
88437,0
88438,1
88443,0
88446,0
88450,0
88451,1
88452,0
88453,0
88458,0
88462,0
88465,0
88470,0
88476,0
88484,1
88495,0
88499,0
88501,0
88506,0
88508,0
88511,0
88519,0
88530,0
88534,0
88539,0
88549,0
88550,0
88551,0
88560,0
88564,0
88573,1
88578,0
88579,0
88585,0
88597,0
88598,0
88619,0
88623,0
88632,0
88642,0
88643,0
88649,0
88654,0
88655,0
88657,0
88672,0
88673,0
88674,0
88675,0
88677,0
88678,1
88679,0
88683,0
88690,0
88702,0
88711,0
88712,0
88725,0
88730,0
88731,0
88732,0
88736,0
88739,0
88740,0
88746,0
88760,0
88765,1
88772,0
88776,0
88783,0
88784,0
88789,1
88807,0
88810,0
88812,0
88816,1
88821,0
88829,0
88835,0
88842,0
88844,0
88850,0
88862,0
88868,0
88876,0
88877,0
88880,1
88881,0
88896,0
88899,0
88906,0
88907,0
88913,0
88914,0
88919,0
88922,0
88929,0
88939,0
88940,0
88943,0
88944,0
88948,0
88964,0
88968,0
88970,0
88978,0
88982,0
88984,0
88986,0
88989,0
89007,0
89021,0
89027,0
89037,0
89039,0
89045,0
89046,0
89047,0
89049,0
89054,0
89058,0
89080,0
89081,0
89091,0
89092,0
89096,0
89103,0
89104,0
89106,0
89107,0
89113,0
89120,0
89121,0
89122,0
89123,0
89124,0
89130,0
89139,0
89145,0
89150,0
89175,0
89178,0
89179,1
89182,0
89183,0
89185,0
89191,0
89194,1
89196,0
89202,0
89203,0
89205,0
89206,0
89214,0
89216,0
89219,0
89230,0
89231,0
89235,0
89236,0
89238,0
89240,0
89245,0
89249,0
89251,0
89263,0
89272,0
89279,0
89285,0
89288,0
89292,0
89293,0
89296,0
89307,0
89312,0
89315,0
89321,0
89322,0
89338,0
89345,0
89349,0
89350,0
89353,0
89363,0
89365,0
89367,0
89378,0
89382,0
89383,0
89384,0
89390,0
89395,0
89398,0
89400,0
89409,0
89414,0
89420,0
89424,0
89433,0
89434,0
89441,0
89447,0
89452,0
89453,0
89455,0
89456,0
89458,0
89460,0
89462,0
89484,0
89493,0
89495,0
89496,0
89505,0
89506,0
89511,0
89516,0
89534,0
89536,0
89545,0
89557,0
89560,0
89562,0
89563,0
89567,0
89581,0
89589,0
89601,0
89618,0
89619,0
89621,0
89623,0
89631,0
89632,0
89644,0
89651,0
89652,0
89657,0
89662,0
89664,0
89666,0
89672,0
89673,1
89674,0
89676,0
89688,0
89690,0
89700,0
89701,0
89721,0
89725,0
89727,0
89728,0
89731,0
89745,0
89752,0
89753,0
89756,0
89758,0
89760,0
89762,0
89775,0
89782,0
89789,0
89790,0
89794,0
89799,0
89800,0
89806,0
89807,0
89811,0
89814,0
89818,0
89834,0
89836,0
89839,0
89843,0
89844,0
89849,0
89854,0
89862,0
89865,0
89870,0
89871,0
89872,0
89878,0
89880,0
89881,0
89888,0
89889,0
89895,0
89896,0
89927,0
89930,0
89934,0
89937,0
89938,0
89944,0
89947,0
89949,0
89958,0
89961,0
89967,0
89972,0
89979,0
89984,0
89985,0
89991,0
89995,0
90004,0
90006,0
90010,0
90011,0
90014,0
90015,0
90016,0
90019,0
90025,0
90029,0
90030,0
90031,0
90035,0
90037,0
90042,0
90058,0
90059,0
90069,0
90070,0
90076,0
90077,0
90079,0
90080,0
90083,0
90086,0
90087,0
90092,0
90097,0
90099,0
90101,0
90111,0
90114,0
90124,0
90132,0
90135,0
90140,0
90149,0
90150,0
90155,0
90157,0
90168,0
90171,0
90179,0
90185,0
90193,0
90197,0
90199,0
90208,0
90214,0
90220,0
90230,1
90236,0
90240,0
90248,0
90253,0
90256,0
90257,0
90258,0
90259,0
90264,0
90273,0
90274,0
90277,0
90280,0
90284,0
90288,0
90292,0
90298,0
90311,0
90327,0
90332,0
90333,0
90335,0
90336,0
90338,0
90342,0
90343,0
90345,0
90357,0
90359,0
90362,0
90366,0
90373,0
90374,0
90384,0
90391,0
90396,0
90399,0
90401,0
90405,0
90410,0
90413,0
90434,0
90435,0
90438,0
90442,0
90445,0
90465,0
90470,0
90490,0
90491,0
90492,0
90496,0
90499,0
90500,0
90502,0
90507,0
90517,0
90518,0
90523,0
90524,0
90528,0
90530,0
90543,0
90551,1
90554,0
90559,0
90566,0
90570,0
90574,0
90575,0
90585,0
90588,0
90592,0
90600,0
90603,0
90605,0
90609,1
90610,0
90615,0
90616,0
90620,0
90621,0
90623,0
90624,0
90627,0
90629,0
90632,0
90633,0
90641,0
90643,0
90650,0
90666,0
90674,0
90684,0
90688,0
90700,0
90701,0
90702,0
90705,0
90707,0
90709,0
90718,0
90721,0
90725,0
90728,0
90731,0
90737,0
90738,0
90741,0
90743,0
90746,0
90753,0
90760,0
90765,0
90768,0
90783,0
90794,0
90796,0
90797,0
90805,0
90807,0
90809,0
90814,0
90828,0
90830,0
90831,0
90833,0
90835,0
90841,0
90843,1
90849,0
90854,0
90856,0
90857,0
90868,0
90875,0
90878,0
90884,0
90887,0
90888,0
90890,0
90891,0
90895,0
90903,0
90908,0
90910,0
90917,0
90934,0
90942,0
90949,0
90951,0
90959,0
90960,0
90962,0
90971,0
90978,0
90989,0
90990,0
90992,0
90993,0
91011,0
91013,0
91015,0
91037,0
91040,0
91044,0
91051,0
91054,0
91059,0
91060,0
91061,0
91063,0
91066,0
91069,0
91072,0
91073,0
91074,0
91077,0
91078,1
91079,0
91085,0
91090,0
91096,0
91101,0
91107,0
91110,0
91112,0
91116,0
91120,0
91126,0
91132,0
91138,0
91143,0
91167,0
91171,1
91179,0
91184,0
91187,0
91194,0
91199,0
91200,0
91205,0
91213,0
91214,0
91215,1
91220,0
91221,0
91222,0
91232,0
91234,0
91235,0
91242,0
91243,0
91244,0
91249,0
91250,0
91257,0
91264,0
91274,0
91278,0
91282,0
91286,0
91294,0
91295,0
91314,0
91316,0
91324,0
91330,0
91337,0
91340,0
91342,0
91350,0
91366,0
91368,0
91369,0
91371,1
91375,0
91378,0
91383,0
91386,0
91388,0
91389,0
91390,1
91394,0
91400,0
91403,0
91410,0
91417,0
91422,0
91423,0
91430,0
91433,0
91434,0
91441,0
91448,0
91468,0
91469,0
91481,0
91484,0
91492,0
91494,0
91503,0
91507,0
91518,0
91520,0
91521,0
91527,0
91528,0
91529,0
91530,0
91536,0
91537,0
91544,0
91550,0
91555,0
91567,0
91580,1
91581,0
91584,0
91588,0
91613,0
91625,0
91631,0
91646,0
91657,0
91660,0
91667,0
91678,0
91680,0
91682,0
91691,1
91699,0
91702,0
91711,0
91713,0
91715,0
91718,0
91721,0
91729,0
91740,0
91742,0
91749,0
91751,0
91756,0
91764,0
91769,0
91771,0
91777,0
91781,0
91786,0
91788,0
91793,0
91799,0
91806,0
91814,0
91817,0
91819,0
91821,0
91837,0
91846,1
91852,0
91864,0
91874,0
91875,0
91876,0
91898,0
91901,0
91905,0
91912,0
91913,0
91915,0
91918,0
91923,0
91929,0
91938,0
91939,0
91941,0
91949,0
91959,0
91960,0
91965,0
91969,0
91981,0
91985,0
91988,0
91993,0
91994,0
91999,0
92011,0
92013,0
92017,0
92027,0
92045,0
92048,0
92056,0
92059,0
92062,0
92065,0
92066,0
92067,0
92073,0
92076,0
92077,0
92088,0
92097,0
92109,0
92111,0
92117,0
92125,0
92133,0
92138,0
92152,0
92160,0
92170,0
92175,0
92180,0
92183,0
92191,0
92197,0
92204,0
92205,0
92208,0
92209,0
92211,0
92219,0
92220,0
92222,0
92224,0
92227,0
92234,0
92241,0
92242,0
92244,0
92245,0
92248,0
92252,0
92257,1
92263,0
92271,0
92272,0
92278,0
92287,0
92290,0
92306,0
92311,0
92316,0
92317,0
92320,0
92331,0
92334,0
92340,0
92345,0
92352,0
92353,0
92358,0
92364,0
92367,0
92385,0
92386,0
92388,0
92389,0
92398,0
92401,0
92402,0
92406,0
92407,0
92411,0
92412,0
92414,0
92418,0
92419,0
92426,0
92427,0
92431,0
92438,0
92441,0
92442,0
92460,0
92463,0
92465,0
92470,0
92478,0
92483,0
92491,0
92497,0
92509,0
92513,0
92518,0
92524,0
92525,0
92526,0
92530,0
92531,0
92533,0
92534,0
92535,0
92538,0
92545,0
92547,0
92551,0
92553,0
92565,0
92568,0
92571,0
92575,0
92580,0
92589,0
92594,0
92595,0
92598,0
92599,0
92606,0
92611,0
92612,0
92614,0
92624,0
92626,0
92635,0
92636,0
92638,0
92639,0
92646,0
92657,0
92658,0
92659,0
92660,0
92664,0
92666,0
92668,0
92675,0
92676,0
92679,1
92681,0
92700,0
92714,0
92717,0
92719,0
92723,0
92729,0
92743,0
92744,0
92746,0
92747,0
92759,0
92770,0
92771,0
92774,0
92784,0
92786,0
92790,0
92793,0
92796,0
92798,0
92807,0
92808,0
92813,0
92818,0
92822,0
92823,0
92824,0
92825,1
92827,0
92833,0
92838,0
92842,0
92849,0
92854,0
92859,0
92861,0
92875,0
92876,0
92893,0
92895,0
92899,0
92910,0
92914,1
92928,0
92938,0
92939,0
92944,0
92959,0
92967,0
92968,0
92976,0
92979,0
92980,0
92985,0
93001,0
93006,0
93009,0
93013,0
93019,0
93020,0
93023,0
93030,0
93035,0
93040,0
93043,0
93044,0
93051,0
93052,0
93055,0
93060,0
93067,0
93073,0
93074,0
93084,0
93087,0
93088,0
93094,0
93104,0
93110,0
93121,0
93123,0
93125,0
93126,0
93128,0
93129,0
93132,0
93133,0
93135,0
93138,0
93140,0
93141,0
93150,0
93152,0
93158,0
93169,0
93172,0
93181,0
93190,0
93199,0
93200,0
93203,0
93206,0
93221,0
93228,0
93231,0
93239,0
93241,1
93243,0
93247,0
93250,0
93257,0
93270,0
93272,0
93292,0
93295,0
93298,0
93300,0
93302,0
93306,0
93312,0
93318,0
93325,0
93336,0
93337,0
93341,0
93342,0
93343,0
93350,0
93353,0
93354,0
93356,0
93358,0
93362,0
93365,0
93373,0
93380,0
93386,0
93398,0
93399,0
93400,0
93414,0
93418,0
93421,0
93436,0
93437,0
93442,0
93455,0
93460,0
93471,0
93478,0
93480,0
93483,0
93487,0
93499,0
93503,0
93504,0
93510,0
93513,0
93527,0
93535,0
93537,0
93543,0
93550,0
93552,0
93560,0
93561,0
93562,0
93567,0
93576,0
93584,0
93594,0
93598,0
93601,0
93610,0
93623,0
93628,0
93630,0
93632,0
93654,0
93658,1
93665,0
93666,0
93669,0
93677,0
93679,0
93691,0
93695,0
93697,0
93701,0
93703,0
93707,0
93731,0
93733,0
93740,0
93744,1
93750,0
93752,0
93754,0
93770,0
93773,0
93786,0
93787,0
93793,0
93794,0
93797,0
93799,0
93801,0
93802,0
93808,0
93811,0
93827,0
93846,0
93847,0
93849,0
93852,0
93855,0
93857,0
93859,0
93865,0
93873,0
93881,0
93889,0
93891,0
93897,0
93904,1
93905,0
93906,0
93909,0
93911,0
93912,0
93916,0
93920,0
93921,0
93928,0
93929,0
93933,0
93934,0
93935,0
93941,0
93948,0
93963,0
93964,0
93968,0
93970,0
93978,0
93979,0
93997,0
93998,0
94015,1
94019,0
94031,0
94038,0
94039,0
94049,0
94050,0
94068,0
94070,0
94071,0
94072,0
94076,0
94077,0
94088,0
94092,0
94095,0
94104,0
94106,0
94107,0
94111,0
94112,0
94126,0
94131,0
94133,0
94137,1
94151,0
94156,0
94159,0
94160,0
94174,0
94185,0
94189,0
94203,0
94205,0
94207,0
94209,0
94215,0
94218,0
94232,0
94233,0
94234,0
94235,0
94239,0
94241,0
94262,0
94269,0
94271,0
94278,0
94282,0
94295,0
94298,0
94300,0
94302,0
94304,0
94306,0
94308,0
94312,0
94314,0
94315,0
94318,0
94321,0
94322,0
94327,0
94340,0
94341,0
94360,0
94363,0
94366,0
94369,0
94380,0
94390,0
94399,0
94402,0
94404,0
94408,1
94410,0
94414,0
94416,0
94422,0
94436,0
94438,0
94440,0
94445,0
94447,0
94450,0
94453,1
94457,0
94459,0
94469,0
94470,0
94480,0
94487,0
94497,0
94499,0
94500,0
94505,0
94513,0
94518,0
94525,0
94531,0
94534,0
94538,0
94561,0
94566,0
94573,0
94575,0
94576,0
94589,0
94600,0
94601,0
94604,0
94607,0
94609,0
94610,0
94613,0
94615,0
94621,0
94632,0
94635,0
94639,0
94643,0
94649,0
94651,0
94658,0
94661,0
94665,0
94671,0
94673,0
94675,0
94679,0
94681,0
94712,0
94713,0
94714,0
94717,0
94718,0
94719,0
94724,0
94730,0
94734,0
94740,0
94741,0
94744,0
94749,0
94756,0
94761,0
94764,0
94776,0
94782,0
94787,0
94788,0
94791,0
94792,0
94793,0
94796,0
94798,0
94805,0
94808,0
94810,0
94815,0
94816,0
94822,0
94826,0
94827,0
94830,0
94832,0
94834,0
94835,0
94841,0
94850,0
94855,0
94860,0
94876,0
94877,0
94880,0
94883,0
94891,0
94899,0
94904,0
94906,0
94909,0
94910,0
94916,0
94924,0
94927,0
94930,0
94937,0
94938,0
94946,0
94954,0
94959,0
94967,0
94971,0
94977,0
94978,0
94982,0
94983,0
94989,0
95001,0
95005,0
95010,0
95011,0
95021,0
95030,0
95031,0
95036,0
95043,0
95046,0
95047,0
95051,0
95053,0
95066,0
95070,0
95074,0
95076,0
95078,0
95092,0
95093,0
95094,0
95098,0
95107,0
95116,0
95117,0
95118,0
95121,0
95129,0
95134,0
95141,0
95142,0
95148,0
95149,0
95154,0
95157,0
95166,0
95167,0
95170,0
95172,0
95182,0
95191,0
95197,0
95202,0
95206,0
95214,0
95219,1
95225,0
95236,0
95239,0
95246,0
95253,0
95259,0
95263,0
95275,0
95281,0
95299,0
95301,0
95311,0
95317,0
95318,0
95320,0
95321,0
95326,0
95329,0
95331,0
95347,0
95348,0
95353,0
95359,0
95364,0
95366,0
95367,0
95371,0
95374,0
95383,0
95388,0
95391,0
95393,0
95395,0
95399,0
95400,0
95410,0
95413,0
95416,0
95420,0
95421,0
95422,0
95424,0
95436,0
95440,0
95442,0
95444,0
95450,0
95464,0
95470,0
95476,0
95481,0
95485,0
95486,0
95492,0
95498,0
95499,0
95510,0
95513,0
95517,0
95518,0
95535,0
95536,0
95537,0
95542,0
95544,0
95546,0
95548,0
95550,0
95564,0
95567,0
95572,0
95576,0
95578,0
95587,0
95588,0
95599,0
95601,0
95609,0
95613,0
95615,0
95617,0
95632,0
95634,0
95655,0
95660,0
95664,0
95669,0
95691,0
95692,0
95695,0
95700,0
95714,0
95715,0
95722,0
95724,0
95725,0
95726,0
95738,0
95743,0
95747,0
95751,0
95755,0
95756,0
95758,0
95770,0
95772,0
95779,0
95786,0
95789,0
95791,0
95797,0
95798,0
95801,0
95802,0
95806,0
95808,0
95809,0
95812,0
95817,0
95825,0
95827,0
95834,0
95835,0
95838,0
95862,0
95869,0
95870,0
95884,0
95885,0
95888,0
95920,0
95928,0
95932,0
95941,0
95949,0
95950,0
95962,0
95974,0
95976,0
95977,0
95978,0
95988,0
95989,0
95992,0
95993,0
95999,0
96023,0
96031,0
96039,0
96048,0
96058,0
96061,0
96063,0
96070,0
96081,0
96105,0
96106,0
96107,0
96109,0
96111,0
96118,0
96124,0
96134,0
96141,0
96143,1
96147,0
96152,0
96153,0
96159,0
96162,0
96165,0
96167,1
96172,0
96174,0
96179,0
96187,0
96188,0
96190,0
96195,0
96201,1
96202,0
96203,0
96206,0
96209,0
96231,0
96244,0
96250,1
96252,0
96257,0
96261,0
96265,0
96266,0
96267,0
96268,0
96271,0
96273,0
96284,0
96307,0
96308,0
96309,0
96311,0
96312,0
96314,0
96315,0
96322,0
96325,0
96332,0
96338,0
96343,0
96350,0
96352,0
96355,0
96356,0
96358,0
96359,0
96361,0
96367,0
96371,0
96374,0
96375,0
96380,0
96381,0
96383,0
96384,0
96385,0
96407,0
96408,0
96409,0
96414,0
96416,0
96418,0
96420,0
96427,0
96431,0
96436,0
96444,1
96446,0
96447,0
96459,0
96464,0
96470,0
96475,0
96476,0
96485,0
96489,0
96496,0
96503,0
96506,0
96510,0
96524,1
96532,0
96534,0
96535,0
96546,0
96548,0
96557,0
96560,0
96563,0
96569,0
96571,0
96572,0
96579,0
96580,0
96581,0
96583,0
96584,0
96586,0
96587,0
96604,0
96609,0
96615,0
96620,0
96621,0
96629,0
96630,0
96639,0
96642,0
96644,0
96648,0
96650,0
96653,0
96662,0
96672,0
96675,0
96686,1
96687,0
96695,0
96696,0
96710,0
96712,0
96713,0
96718,0
96720,0
96723,0
96726,0
96727,0
96732,0
96736,0
96739,0
96746,0
96751,0
96755,0
96756,1
96763,0
96768,0
96770,0
96771,0
96785,0
96787,0
96796,0
96798,0
96800,0
96803,0
96805,0
96818,0
96821,0
96825,0
96826,0
96838,0
96839,0
96841,0
96851,0
96856,0
96864,1
96865,0
96868,0
96871,0
96879,0
96882,0
96887,0
96890,0
96895,0
96906,0
96917,0
96923,0
96925,0
96929,1
96933,0
96936,0
96937,0
96938,1
96939,0
96947,0
96952,0
96958,0
96962,0
96963,1
96971,0
96977,0
96983,0
96986,0
96990,0
97000,0
97009,0
97010,1
97011,0
97022,0
97030,0
97032,0
97037,0
97040,0
97041,0
97043,0
97044,0
97050,0
97051,0
97054,0
97059,0
97062,0
97063,0
97064,0
97068,0
97072,0
97073,0
97074,0
97075,0
97080,0
97082,0
97089,0
97093,0
97096,0
97110,0
97111,0
97113,0
97118,0
97124,0
97143,0
97144,0
97145,0
97146,0
97168,0
97169,0
97179,0
97181,1
97184,0
97186,0
97188,0
97192,0
97211,0
97216,0
97223,0
97232,0
97240,0
97243,0
97247,0
97250,0
97251,0
97252,0
97259,0
97264,0
97266,0
97267,0
97275,0
97285,0
97289,0
97303,0
97306,0
97317,0
97320,0
97329,0
97332,0
97334,0
97341,0
97352,0
97353,0
97360,0
97361,0
97362,0
97366,0
97371,0
97377,0
97378,0
97389,0
97391,0
97401,0
97403,0
97415,0
97417,0
97420,0
97425,0
97439,0
97443,0
97447,0
97455,0
97458,0
97461,0
97464,0
97467,0
97470,0
97482,0
97483,0
97486,0
97493,0
97496,0
97500,0
97503,0
97518,0
97527,0
97530,0
97533,0
97539,0
97540,0
97551,0
97552,0
97553,0
97554,1
97555,0
97556,0
97557,0
97562,0
97563,1
97572,0
97586,0
97595,0
97596,0
97597,0
97598,0
97599,0
97603,0
97604,0
97612,0
97613,0
97620,0
97621,0
97625,0
97648,0
97659,0
97661,0
97665,0
97681,0
97687,0
97689,0
97693,0
97700,1
97705,0
97707,0
97716,0
97718,0
97725,0
97730,0
97734,0
97735,0
97738,0
97739,0
97740,0
97742,0
97747,0
97748,0
97752,0
97754,0
97773,0
97791,0
97793,0
97800,0
97802,0
97810,0
97812,0
97813,0
97815,0
97816,0
97818,0
97834,0
97835,0
97838,0
97839,0
97842,0
97848,0
97851,0
97863,0
97864,0
97867,0
97871,0
97876,0
97880,0
97882,0
97883,0
97887,0
97888,0
97893,0
97895,0
97899,0
97901,0
97904,0
97906,0
97909,0
97911,0
97914,0
97915,0
97916,0
97919,0
97930,0
97934,0
97943,0
97952,0
97957,0
97963,0
97968,0
97974,0
97977,0
97995,0
98004,0
98019,0
98025,0
98031,0
98032,0
98055,0
98062,0
98074,0
98076,0
98087,0
98089,0
98103,0
98118,0
98119,0
98122,0
98130,0
98132,0
98142,0
98143,0
98145,0
98147,0
98152,0
98153,0
98163,0
98168,0
98171,0
98176,0
98181,0
98182,0
98195,0
98201,0
98204,1
98205,0
98206,0
98211,0
98212,0
98215,0
98217,0
98220,0
98221,0
98223,0
98225,0
98226,0
98232,0
98233,0
98235,0
98240,0
98241,1
98250,0
98258,0
98259,0
98263,0
98268,0
98274,0
98279,0
98289,0
98294,0
98296,0
98297,0
98307,0
98308,1
98316,0
98318,0
98321,0
98324,0
98328,0
98330,0
98335,0
98341,0
98348,0
98352,0
98355,0
98356,0
98362,0
98363,0
98369,0
98376,0
98382,0
98396,0
98402,0
98413,0
98425,0
98426,0
98427,0
98429,0
98433,0
98434,0
98446,0
98454,0
98455,0
98457,0
98460,0
98468,0
98469,0
98470,0
98479,0
98480,0
98496,1
98504,0
98507,0
98508,0
98509,0
98524,0
98530,0
98531,0
98539,0
98540,0
98544,0
98552,0
98558,0
98577,0
98584,0
98588,0
98597,0
98602,0
98606,0
98613,0
98621,0
98632,0
98639,0
98650,0
98651,0
98653,0
98658,0
98672,0
98674,0
98679,0
98681,0
98683,0
98700,0
98704,0
98718,0
98720,0
98730,0
98735,0
98736,1
98738,0
98746,0
98748,0
98750,0
98756,0
98759,0
98764,0
98765,0
98769,0
98780,0
98782,0
98783,0
98794,0
98796,0
98802,0
98804,0
98809,0
98811,0
98815,0
98821,0
98825,0
98836,0
98844,0
98845,0
98848,0
98852,0
98855,0
98859,0
98860,0
98868,0
98872,0
98884,0
98889,0
98890,0
98893,0
98894,0
98896,0
98903,0
98905,0
98915,0
98916,0
98925,0
98936,0
98944,0
98952,0
98953,0
98956,0
98958,0
98960,1
98989,0
98998,0
98999,0
99000,0
99001,0
99018,0
99019,0
99023,0
99027,0
99043,0
99044,1
99048,0
99051,0
99057,0
99059,0
99060,0
99066,0
99068,0
99071,0
99073,0
99079,0
99080,0
99092,0
99094,0
99102,0
99103,0
99105,0
99108,0
99114,0
99126,0
99134,0
99136,0
99143,0
99149,0
99159,0
99168,0
99171,0
99172,0
99175,0
99179,0
99191,0
99195,0
99197,0
99202,0
99205,0
99210,0
99214,0
99215,0
99221,0
99222,0
99228,0
99229,0
99230,0
99237,0
99240,0
99242,0
99246,0
99254,0
99256,0
99259,0
99260,0
99264,0
99270,1
99272,0
99273,0
99280,0
99281,0
99283,0
99289,0
99292,0
99306,0
99319,0
99320,0
99323,1
99329,0
99336,0
99337,0
99341,0
99342,0
99345,0
99346,0
99354,0
99376,0
99377,0
99379,0
99380,0
99389,0
99392,0
99394,0
99395,0
99396,0
99397,0
99398,0
99400,0
99409,0
99419,0
99420,0
99427,0
99438,0
99449,0
99464,0
99468,0
99475,0
99476,0
99478,0
99479,0
99480,0
99481,0
99502,0
99521,0
99523,0
99529,0
99532,0
99546,0
99550,0
99551,0
99552,0
99555,0
99560,0
99566,0
99570,0
99571,0
99576,0
99579,0
99583,0
99584,0
99594,0
99602,0
99609,1
99611,0
99613,0
99616,0
99617,0
99621,0
99625,1
99627,0
99629,0
99641,0
99647,0
99649,0
99656,0
99661,0
99666,0
99669,0
99671,0
99672,0
99685,0
99688,0
99696,0
99701,0
99711,0
99714,0
99716,0
99717,0
99729,0
99732,0
99738,0
99742,0
99753,0
99757,0
99771,0
99775,0
99777,0
99780,0
99792,0
99802,0
99815,0
99816,0
99817,1
99820,0
99828,0
99831,0
99837,0
99839,0
99846,0
99852,0
99856,0
99857,0
99861,0
99863,0
99864,0
99875,0
99876,0
99881,0
99882,0
99887,0
99888,0
99902,0
99903,0
99914,0
99915,0
99920,0
99922,0
99927,0
99928,1
99929,0
99931,0
99935,0
99936,0
99937,0
99941,1
99953,0
99958,0
99964,0
99970,0
99974,0
99975,0
99978,0
99981,0
99987,0
99989,0
99990,0
99991,0
99992,0
100002,0
100010,0
100011,0
100022,0
100024,0
100025,0
100026,0
100027,0
100036,0
100037,0
100039,0
100041,0
100045,1
100046,0
100052,0
100061,0
100064,0
100067,0
100069,0
100084,0
100087,0
100088,0
100090,0
100092,0
100105,0
100108,0
100111,1
100114,0
100116,0
100118,0
100124,0
100125,0
100128,0
100138,0
100148,0
100149,0
100154,0
100157,0
100159,0
100165,0
100169,0
100172,0
100174,0
100184,0
100185,0
100189,0
100191,0
100198,0
100205,0
100208,0
100209,0
100210,0
100217,0
100218,0
100221,0
100224,0
100226,0
100227,0
100228,0
100236,0
100239,0
100261,0
100276,0
100283,0
100288,0
100289,0
100291,0
100292,0
100294,0
100298,0
100301,0
100312,0
100317,0
100320,0
100326,0
100333,0
100342,0
100354,0
100356,0
100362,0
100364,0
100367,0
100368,1
100373,0
100380,0
100384,0
100397,0
100401,0
100403,0
100404,0
100418,0
100427,0
100440,0
100445,0
100453,0
100463,1
100464,0
100466,0
100473,0
100497,1
100498,0
100505,0
100507,0
100508,0
100510,0
100518,0
100521,0
100523,0
100532,0
100537,0
100556,0
100558,0
100568,0
100569,0
100574,0
100588,1
100592,0
100595,0
100599,0
100604,0
100606,0
100611,0
100613,0
100618,0
100621,0
100624,0
100627,0
100630,0
100635,0
100636,0
100637,0
100640,0
100642,0
100643,0
100651,0
100654,0
100662,0
100665,0
100669,0
100670,0
100671,0
100675,0
100678,0
100679,0
100680,1
100689,0
100693,0
100700,0
100701,0
100704,0
100708,0
100712,0
100729,0
100735,0
100738,0
100739,0
100752,0
100755,0
100767,0
100768,0
100772,0
100776,0
100779,0
100784,0
100794,0
100795,0
100797,0
100799,0
100802,1
100806,0
100811,0
100818,0
100821,0
100823,0
100825,0
100831,0
100839,0
100846,0
100847,0
100849,0
100855,0
100864,0
100867,0
100870,0
100873,0
100876,0
100880,0
100882,0
100886,0
100893,0
100894,1
100896,0
100900,0
100904,0
100924,0
100927,0
100929,0
100934,1
100935,1
100939,0
100941,0
100942,0
100945,0
100952,0
100955,0
100957,0
100959,0
100966,0
100972,0
100985,0
100986,0
100993,0
100998,0
101003,0
101005,0
101006,0
101009,0
101010,0
101013,0
101016,0
101017,0
101021,0
101022,0
101023,0
101024,0
101027,0
101029,0
101030,0
101031,0
101035,0
101037,0
101046,0
101051,0
101083,1
101087,0
101091,0
101095,0
101110,0
101118,0
101121,0
101123,0
101128,0
101135,0
101143,0
101145,0
101146,0
101153,0
101155,0
101161,0
101183,0
101188,0
101195,0
101205,0
101209,0
101214,0
101224,0
101227,0
101231,0
101236,0
101240,0
101244,0
101245,1
101253,0
101256,0
101259,0
101267,0
101272,0
101280,0
101285,0
101286,0
101292,0
101301,0
101302,0
101309,0
101314,0
101321,0
101326,0
101329,0
101356,0
101373,0
101375,0
101389,0
101392,0
101394,0
101403,0
101408,0
101412,0
101417,0
101418,0
101420,0
101429,0
101431,0
101440,0
101443,0
101445,0
101448,0
101451,0
101452,0
101459,1
101460,0
101461,0
101464,0
101471,0
101474,1
101477,0
101483,0
101492,0
101494,0
101495,0
101498,0
101503,0
101506,0
101509,0
101511,0
101512,0
101514,0
101516,0
101518,0
101523,0
101525,0
101536,0
101541,0
101542,0
101543,0
101560,0
101563,0
101576,0
101581,0
101587,0
101590,1
101591,0
101593,0
101595,0
101597,0
101598,0
101599,0
101618,0
101644,0
101651,0
101652,0
101653,0
101663,0
101666,0
101667,0
101670,0
101674,0
101678,0
101695,0
101696,0
101711,0
101716,0
101718,1
101720,0
101721,0
101722,0
101739,0
101746,0
101760,0
101762,0
101775,0
101776,0
101778,0
101782,0
101786,0
101799,0
101801,0
101802,0
101803,0
101804,0
101805,0
101814,0
101817,0
101820,0
101824,1
101833,0
101834,0
101836,0
101837,0
101844,0
101845,0
101847,0
101848,0
101864,0
101865,0
101869,0
101870,0
101875,1
101877,0
101878,0
101886,0
101895,0
101901,0
101909,0
101910,0
101920,0
101921,0
101934,0
101935,0
101947,0
101965,0
101968,0
101971,0
101981,0
101999,0
102000,0
102001,0
102004,0
102006,0
102011,0
102013,0
102021,0
102022,0
102029,0
102031,0
102035,0
102036,0
102038,0
102046,0
102049,0
102057,0
102060,0
102062,0
102063,0
102066,0
102071,0
102074,0
102079,0
102081,0
102104,0
102112,0
102119,0
102120,0
102130,0
102131,0
102134,0
102142,0
102152,0
102158,0
102161,0
102162,0
102166,0
102170,0
102171,0
102185,0
102196,0
102198,0
102200,0
102204,0
102206,0
102207,0
102208,0
102209,0
102214,0
102219,0
102221,0
102226,0
102227,0
102230,0
102242,0
102246,0
102250,0
102256,0
102260,0
102271,0
102277,0
102279,0
102281,0
102287,0
102294,0
102295,0
102306,0
102307,0
102311,0
102315,0
102317,0
102320,0
102323,0
102324,0
102335,0
102337,0
102340,0
102347,0
102349,0
102351,0
102354,1
102365,0
102366,0
102370,0
102373,0
102375,0
102381,0
102387,0
102388,0
102391,0
102393,0
102403,0
102406,0
102407,0
102411,0
102414,0
102416,0
102417,1
102419,0
102422,0
102445,0
102449,0
102452,0
102455,0
102462,0
102463,0
102467,0
102474,0
102478,0
102480,0
102481,0
102482,0
102486,0
102488,0
102490,0
102491,0
102494,0
102500,1
102502,0
102504,0
102506,0
102514,0
102518,0
102528,0
102529,0
102533,0
102544,0
102548,0
102551,0
102570,0
102580,0
102584,0
102585,0
102589,0
102594,0
102596,1
102599,0
102603,0
102605,0
102615,0
102621,0
102623,0
102632,0
102636,0
102640,0
102642,0
102646,0
102650,0
102651,0
102655,0
102656,0
102662,0
102666,0
102671,0
102699,0
102700,0
102703,0
102705,0
102717,0
102719,0
102720,0
102723,0
102729,0
102734,0
102740,0
102742,0
102752,0
102754,0
102760,0
102766,0
102771,0
102773,0
102774,0
102775,1
102776,0
102781,0
102782,0
102783,0
102795,0
102805,0
102809,0
102815,0
102816,0
102818,0
102819,0
102824,0
102844,0
102849,1
102855,0
102858,0
102868,0
102872,0
102878,0
102880,0
102882,0
102889,0
102893,0
102895,0
102896,0
102902,0
102903,0
102908,0
102909,0
102916,0
102919,0
102935,0
102937,0
102941,0
102950,0
102951,1
102953,0
102955,0
102957,0
102958,0
102966,0
102968,0
102972,0
102976,0
102979,0
102980,0
102981,0
102982,0
102988,0
102996,1
102997,0
103001,0
103006,0
103010,0
103018,0
103020,0
103023,0
103034,0
103042,0
103058,0
103059,0
103060,0
103061,0
103065,0
103077,0
103103,0
103126,1
103130,0
103136,0
103139,0
103143,0
103151,0
103153,0
103156,0
103162,0
103170,0
103176,0
103179,0
103199,0
103205,0
103209,0
103211,0
103218,0
103220,0
103228,0
103234,0
103235,0
103237,0
103242,0
103243,0
103247,0
103252,0
103257,0
103274,0
103287,1
103291,0
103293,0
103296,0
103308,0
103314,1
103316,0
103326,0
103327,0
103333,0
103334,0
103340,1
103343,0
103356,0
103365,0
103367,0
103375,0
103376,0
103382,0
103389,0
103392,1
103395,0
103399,0
103401,0
103402,0
103403,0
103407,0
103410,0
103412,0
103417,0
103437,0
103443,0
103447,0
103454,0
103457,0
103467,0
103479,0
103481,0
103482,0
103485,0
103489,0
103491,0
103495,0
103496,0
103512,0
103517,0
103524,0
103525,0
103526,0
103527,0
103552,0
103559,0
103567,0
103569,0
103570,0
103571,0
103574,0
103575,0
103577,1
103583,1
103588,0
103592,0
103601,0
103605,0
103614,0
103615,0
103630,0
103642,0
103644,0
103658,0
103672,0
103675,0
103678,0
103683,0
103686,0
103691,0
103700,0
103701,0
103703,0
103706,0
103708,0
103710,0
103712,0
103713,0
103714,0
103715,0
103718,0
103721,0
103722,0
103723,0
103731,0
103741,1
103742,0
103747,0
103751,0
103753,0
103755,0
103759,0
103768,0
103775,0
103780,0
103784,0
103788,0
103790,0
103794,0
103795,0
103802,0
103803,0
103804,0
103814,0
103820,0
103825,0
103831,0
103834,0
103850,0
103856,0
103859,0
103860,0
103870,0
103880,0
103891,0
103892,0
103897,0
103899,0
103902,0
103905,0
103912,0
103913,0
103914,0
103921,0
103922,0
103926,0
103931,0
103936,0
103940,0
103948,0
103951,0
103956,0
103970,0
103977,0
103980,0
103987,0
103997,0
104000,0
104003,0
104018,0
104021,0
104022,0
104023,0
104028,0
104037,0
104038,0
104040,0
104044,0
104046,0
104048,0
104054,0
104057,0
104060,0
104065,0
104073,0
104074,0
104076,0
104094,0
104095,0
104102,0
104108,0
104109,0
104115,0
104129,0
104136,0
104140,0
104148,0
104149,0
104152,0
104155,0
104168,0
104170,0
104178,0
104190,0
104203,0
104206,0
104207,0
104213,0
104219,0
104237,0
104247,0
104256,0
104258,0
104259,1
104263,0
104268,0
104269,0
104275,0
104282,0
104285,0
104290,0
104296,0
104300,0
104301,0
104302,0
104304,0
104320,0
104325,0
104326,0
104329,0
104330,0
104342,0
104354,0
104357,0
104359,0
104361,0
104376,0
104380,0
104391,0
104394,0
104407,0
104408,0
104427,0
104438,0
104439,0
104447,0
104448,0
104460,0
104461,0
104469,0
104471,0
104472,0
104478,0
104493,0
104494,0
104497,0
104499,0
104502,0
104506,0
104507,0
104519,0
104531,0
104532,0
104535,0
104539,0
104540,0
104558,0
104569,0
104589,0
104592,0
104593,0
104596,0
104601,0
104618,0
104624,0
104625,0
104629,0
104630,0
104631,0
104636,0
104640,0
104647,0
104654,0
104655,0
104669,1
104675,0
104676,0
104681,0
104685,0
104691,0
104700,0
104701,1
104702,0
104703,0
104705,0
104706,0
104707,0
104709,0
104712,0
104713,0
104717,0
104740,0
104741,0
104745,0
104747,1
104748,0
104751,0
104756,0
104769,0
104791,0
104794,0
104801,0
104806,0
104809,0
104810,0
104813,0
104822,0
104827,0
104828,0
104830,0
104833,0
104837,0
104848,0
104849,0
104853,0
104855,0
104857,0
104859,0
104864,0
104877,0
104880,0
104885,0
104890,0
104897,1
104898,0
104901,0
104907,0
104924,0
104925,0
104933,0
104936,0
104938,0
104939,1
104940,0
104943,0
104947,0
104948,0
104956,0
104957,0
104959,0
104961,0
104964,0
104966,0
104971,1
104973,0
104977,0
104988,0
104991,0
104997,0
105006,0
105007,0
105011,0
105013,0
105018,0
105019,0
105020,0
105028,0
105030,0
105035,0
105036,1
105039,0
105046,0
105048,0
105052,0
105053,0
105056,0
105060,0
105063,1
105064,0
105065,0
105066,0
105071,0
105078,0
105079,0
105082,0
105084,0
105089,0
105090,0
105100,0
105101,0
105103,0
105106,0
105107,0
105116,0
105131,0
105134,0
105140,0
105149,1
105156,0
105165,0
105177,0
105180,0
105183,0
105189,0
105191,0
105211,0
105227,0
105230,0
105233,0
105239,0
105246,0
105260,0
105261,0
105262,0
105265,0
105277,0
105279,0
105280,0
105284,0
105289,0
105291,0
105294,0
105296,0
105298,0
105304,0
105319,0
105323,0
105326,0
105335,0
105336,0
105338,0
105344,0
105354,0
105361,0
105365,0
105368,0
105373,0
105385,0
105396,0
105403,0
105404,0
105405,0
105406,0
105408,0
105414,1
105421,0
105424,0
105426,0
105430,0
105433,0
105443,0
105456,0
105463,0
105476,0
105479,0
105485,0
105501,0
105528,0
105530,0
105531,0
105536,0
105539,0
105554,0
105555,0
105557,0
105577,0
105579,0
105580,0
105586,0
105587,0
105589,0
105591,0
105593,0
105612,0
105623,1
105626,0
105628,0
105631,0
105634,0
105637,0
105642,0
105651,0
105653,0
105665,0
105681,0
105690,0
105691,0
105695,0
105696,0
105699,0
105702,0
105714,0
105718,0
105719,0
105724,0
105729,0
105731,0
105732,0
105736,0
105745,0
105747,0
105768,0
105775,0
105777,0
105778,0
105780,0
105782,0
105788,0
105791,0
105794,0
105795,0
105796,0
105797,0
105800,0
105803,0
105809,0
105812,1
105814,0
105823,0
105824,1
105825,0
105828,0
105832,0
105833,0
105834,0
105840,0
105846,0
105853,0
105854,0
105863,0
105864,0
105873,0
105879,0
105885,0
105886,0
105887,0
105893,0
105908,0
105911,0
105918,0
105921,0
105923,0
105927,0
105928,0
105932,0
105933,0
105947,0
105955,0
105957,0
105960,0
105961,0
105964,0
105970,0
105973,0
105976,0
105990,0
105994,0
105996,0
106009,0
106014,0
106023,0
106027,0
106036,0
106037,0
106041,0
106044,0
106045,0
106049,0
106053,0
106054,0
106057,0
106059,0
106072,0
106087,0
106091,0
106094,0
106096,0
106100,0
106105,0
106107,0
106109,0
106110,0
106113,0
106123,0
106126,0
106134,0
106141,0
106150,0
106153,0
106159,0
106163,0
106171,0
106173,0
106183,0
106184,0
106188,0
106190,0
106202,0
106219,0
106223,0
106225,1
106227,0
106228,0
106230,0
106236,0
106238,1
106239,0
106242,0
106250,0
106254,0
106257,1
106263,0
106278,0
106283,0
106292,0
106293,0
106294,0
106295,0
106297,0
106298,0
106306,0
106315,0
106317,0
106330,0
106339,0
106355,0
106373,0
106374,0
106382,0
106383,0
106387,0
106388,0
106396,0
106397,0
106405,0
106411,0
106412,0
106416,0
106417,0
106421,0
106428,0
106436,0
106441,0
106449,0
106450,0
106452,0
106458,0
106461,0
106462,0
106463,0
106467,0
106471,0
106476,0
106477,0
106480,0
106483,0
106494,0
106505,0
106506,0
106511,0
106518,0
106521,0
106522,0
106525,0
106530,0
106531,0
106534,0
106536,0
106537,0
106540,0
106542,0
106546,0
106549,0
106550,0
106566,0
106578,0
106588,0
106593,0
106598,0
106602,0
106607,0
106620,0
106622,0
106627,0
106630,0
106632,0
106635,0
106644,0
106650,0
106655,0
106658,0
106661,0
106663,1
106667,0
106670,0
106676,0
106678,0
106680,0
106687,0
106688,0
106690,0
106692,0
106703,0
106705,0
106706,0
106714,0
106718,0
106720,0
106723,0
106727,0
106738,0
106745,0
106751,0
106754,1
106758,0
106766,0
106768,0
106769,0
106770,0
106771,0
106775,1
106797,0
106798,0
106803,0
106806,0
106807,0
106820,0
106835,0
106837,0
106838,0
106842,0
106852,0
106855,1
106861,0
106866,0
106869,0
106871,0
106873,0
106874,0
106878,0
106886,0
106889,0
106892,0
106895,0
106901,0
106905,0
106906,0
106907,0
106910,0
106913,0
106917,0
106921,0
106932,0
106938,0
106940,0
106945,0
106946,0
106959,0
106967,0
106968,0
106973,0
106975,0
106980,0
107002,0
107014,0
107017,0
107024,1
107042,0
107046,0
107047,0
107050,0
107063,0
107065,0
107068,0
107078,0
107079,0
107089,0
107093,0
107095,0
107096,0
107098,0
107102,0
107105,0
107124,0
107130,0
107134,0
107138,0
107144,0
107146,0
107147,1
107152,0
107153,0
107158,0
107168,0
107170,0
107171,0
107176,0
107179,0
107180,0
107181,0
107183,0
107184,0
107187,0
107190,0
107193,0
107194,0
107197,0
107199,0
107204,0
107207,0
107208,0
107220,0
107223,0
107226,0
107229,0
107231,0
107238,0
107251,0
107252,0
107254,0
107258,1
107264,0
107275,0
107276,0
107287,0
107288,0
107293,0
107294,0
107295,0
107299,0
107303,0
107308,0
107313,0
107314,0
107322,0
107325,0
107327,0
107331,0
107334,0
107337,0
107342,0
107355,0
107365,0
107367,0
107376,0
107392,0
107399,0
107402,0
107403,0
107410,0
107415,0
107419,0
107424,0
107425,0
107428,0
107438,0
107457,0
107476,0
107487,0
107488,0
107490,0
107491,0
107508,0
107512,0
107514,0
107516,0
107517,0
107520,0
107523,0
107524,0
107528,0
107529,0
107530,0
107541,0
107544,0
107545,0
107546,0
107554,0
107555,0
107571,0
107574,0
107576,0
107578,0
107597,0
107602,0
107604,0
107615,0
107624,0
107628,0
107633,0
107644,0
107646,0
107647,0
107648,0
107649,0
107655,0
107661,0
107670,0
107671,0
107673,0
107677,0
107679,0
107691,0
107695,0
107699,0
107716,0
107717,0
107721,0
107736,0
107744,0
107749,0
107759,0
107773,0
107774,0
107776,0
107781,0
107788,0
107811,0
107815,0
107816,0
107820,0
107821,0
107824,0
107825,0
107826,0
107829,0
107830,0
107833,0
107836,0
107843,0
107853,0
107860,0
107869,0
107870,0
107871,0
107877,0
107879,0
107882,0
107886,0
107902,0
107906,0
107913,0
107929,0
107941,0
107948,0
107954,0
107957,0
107960,0
107963,0
107965,0
107972,0
107976,0
107981,0
107984,0
107995,0
107996,0
107997,0
107998,0
108003,0
108014,0
108019,0
108028,0
108030,0
108032,0
108047,0
108049,0
108051,0
108052,0
108056,0
108058,0
108061,0
108064,0
108075,1
108076,1
108083,0
108086,0
108093,0
108100,0
108110,0
108111,0
108122,0
108123,1
108126,0
108133,0
108142,0
108143,0
108151,0
108153,0
108154,0
108157,0
108163,0
108176,1
108177,0
108184,0
108192,0
108194,0
108195,0
108200,0
108216,0
108219,0
108220,0
108231,0
108240,0
108241,0
108244,0
108251,0
108252,0
108261,0
108262,0
108275,0
108278,1
108279,0
108282,0
108286,0
108289,0
108302,0
108303,0
108307,0
108311,0
108313,0
108316,0
108324,0
108325,0
108329,0
108330,0
108332,0
108340,0
108347,0
108349,1
108350,0
108351,0
108353,0
108359,0
108361,1
108362,0
108363,0
108370,0
108377,0
108379,0
108382,0
108386,0
108387,0
108388,0
108408,0
108409,0
108412,0
108415,0
108418,0
108426,0
108428,0
108435,0
108437,0
108440,0
108441,0
108448,0
108453,0
108463,0
108468,0
108470,0
108473,0
108477,0
108481,0
108489,0
108492,1
108496,0
108502,0
108507,0
108509,0
108510,0
108513,0
108532,0
108533,0
108536,0
108537,1
108540,0
108542,0
108546,1
108553,0
108561,0
108563,0
108566,0
108575,0
108589,0
108595,0
108602,0
108603,0
108604,0
108607,0
108609,0
108613,0
108614,0
108628,1
108635,0
108638,0
108641,0
108645,0
108649,0
108653,0
108654,0
108658,0
108668,0
108681,0
108683,0
108690,0
108700,0
108706,0
108707,0
108710,0
108712,0
108715,0
108721,0
108735,0
108746,0
108750,0
108754,0
108756,0
108760,0
108781,0
108792,0
108798,0
108799,0
108800,0
108802,0
108803,0
108804,0
108813,1
108821,0
108822,0
108824,0
108832,0
108834,0
108839,0
108841,0
108856,0
108857,0
108858,0
108864,0
108865,0
108867,0
108869,0
108870,0
108879,0
108880,0
108881,0
108883,0
108885,0
108888,0
108910,0
108913,0
108914,0
108916,0
108918,0
108939,0
108941,0
108946,0
108947,0
108948,0
108958,0
108959,0
108963,0
108980,0
108982,0
108995,0
108998,0
109016,0
109018,0
109024,0
109033,0
109037,0
109042,0
109043,0
109046,0
109048,0
109063,0
109065,0
109070,0
109072,0
109078,0
109082,0
109087,0
109094,0
109095,0
109097,0
109098,0
109105,0
109118,0
109119,0
109121,0
109123,0
109124,0
109129,0
109133,0
109138,0
109141,0
109142,0
109143,0
109152,0
109156,0
109158,0
109160,0
109168,0
109169,0
109175,0
109177,0
109182,0
109183,0
109190,0
109197,0
109199,0
109200,0
109204,0
109210,0
109211,0
109216,0
109218,0
109231,0
109234,0
109246,0
109247,0
109256,0
109263,0
109266,0
109268,0
109270,0
109278,0
109281,0
109283,0
109287,0
109288,0
109300,0
109303,0
109313,0
109316,0
109321,0
109329,0
109332,0
109356,0
109365,0
109369,1
109380,0
109381,0
109382,0
109383,0
109384,0
109396,0
109402,0
109404,0
109414,0
109416,0
109421,0
109424,0
109428,0
109430,0
109434,0
109439,0
109440,0
109441,0
109449,0
109459,0
109464,0
109469,0
109471,0
109475,0
109476,0
109487,0
109489,0
109490,0
109493,0
109494,0
109500,0
109512,0
109530,0
109533,0
109537,0
109540,0
109542,0
109553,0
109561,0
109569,0
109570,0
109573,1
109581,0
109583,0
109587,1
109604,1
109606,0
109607,0
109608,0
109610,0
109614,0
109616,0
109618,0
109625,0
109627,0
109635,0
109639,0
109640,0
109648,0
109649,0
109650,0
109653,0
109655,0
109658,0
109670,0
109679,0
109684,0
109685,0
109689,0
109696,0
109700,0
109701,0
109707,0
109708,0
109714,0
109718,0
109720,0
109721,0
109726,0
109739,0
109745,0
109746,0
109748,0
109750,1
109756,0
109779,0
109781,0
109786,0
109787,0
109799,0
109805,0
109818,0
109825,0
109843,1
109849,0
109850,0
109855,0
109860,0
109862,0
109863,0
109866,0
109871,0
109872,0
109875,0
109880,0
109890,0
109902,0
109904,0
109909,0
109916,0
109922,1
109928,0
109940,0
109942,0
109944,1
109948,0
109971,0
109982,0
109985,0
109986,0
110000,0
110002,0
110007,0
110013,0
110016,0
110017,0
110018,0
110020,0
110027,0
110031,0
110041,0
110046,0
110052,0
110056,0
110060,0
110073,0
110074,0
110077,0
110087,0
110089,0
110095,0
110096,0
110097,0
110102,0
110104,0
110106,0
110107,0
110108,0
110109,0
110110,0
110111,0
110125,0
110128,0
110136,0
110137,0
110138,0
110148,0
110150,0
110151,0
110156,0
110159,0
110163,0
110170,0
110173,0
110190,0
110200,0
110204,0
110205,0
110215,0
110217,0
110222,0
110226,0
110239,0
110244,0
110249,0
110252,0
110259,0
110267,0
110282,0
110302,0
110305,0
110307,0
110316,0
110320,0
110324,0
110325,0
110335,0
110337,0
110345,0
110355,0
110357,0
110362,0
110366,0
110384,0
110390,0
110391,0
110402,0
110406,0
110407,0
110417,0
110418,0
110426,0
110432,0
110436,0
110440,0
110448,1
110451,0
110455,0
110457,0
110475,0
110478,0
110481,0
110486,1
110490,1
110491,0
110497,0
110512,1
110517,0
110526,0
110534,0
110535,0
110542,0
110546,0
110548,0
110549,1
110553,0
110560,0
110573,0
110574,0
110586,0
110606,1
110607,0
110612,0
110616,0
110618,0
110621,0
110626,0
110628,0
110629,0
110637,0
110641,0
110646,0
110651,0
110656,0
110668,0
110674,0
110681,0
110687,0
110692,0
110695,0
110697,0
110700,0
110706,0
110709,0
110713,0
110719,0
110726,0
110737,0
110751,0
110753,0
110756,0
110759,0
110762,0
110771,0
110778,0
110779,0
110784,0
110786,0
110810,0
110813,0
110818,0
110819,0
110821,0
110826,0
110829,0
110842,0
110848,0
110853,1
110854,0
110856,0
110858,0
110863,0
110871,0
110879,0
110883,0
110884,0
110898,0
110904,0
110906,0
110907,0
110911,0
110912,0
110916,0
110918,0
110923,0
110930,0
110943,0
110952,0
110964,0
110971,0
110974,0
111000,0
111006,0
111010,0
111016,0
111031,0
111033,0
111040,0
111048,0
111049,0
111057,0
111059,0
111061,0
111068,0
111069,0
111073,0
111074,0
111077,0
111093,0
111099,0
111103,0
111111,0
111112,0
111115,0
111126,0
111133,0
111149,0
111151,0
111162,0
111169,0
111171,0
111181,0
111183,0
111186,0
111193,0
111194,0
111200,0
111202,0
111209,0
111220,0
111223,0
111231,0
111236,0
111240,0
111259,0
111261,0
111265,0
111266,0
111274,0
111275,0
111280,0
111282,0
111283,1
111285,0
111293,0
111302,0
111306,0
111319,0
111335,0
111336,0
111337,1
111340,0
111346,0
111348,0
111350,0
111352,0
111356,0
111360,0
111363,0
111367,0
111377,0
111380,0
111382,0
111388,0
111401,0
111403,0
111404,0
111406,0
111410,0
111412,0
111423,1
111426,0
111431,0
111433,0
111439,0
111447,0
111448,0
111452,0
111456,0
111457,0
111459,0
111467,0
111469,0
111478,0
111479,0
111480,0
111487,0
111492,0
111502,0
111505,0
111506,0
111512,0
111514,0
111517,0
111519,0
111525,1
111533,0
111536,0
111545,0
111552,0
111556,0
111561,0
111564,0
111565,0
111569,0
111572,0
111578,0
111579,0
111580,0
111587,0
111592,0
111593,0
111601,0
111604,0
111607,0
111611,0
111612,0
111615,0
111617,0
111619,0
111620,0
111630,0
111631,0
111632,0
111641,0
111642,0
111644,0
111650,0
111656,0
111662,0
111676,0
111706,0
111714,0
111722,0
111732,0
111742,0
111750,0
111754,0
111761,0
111764,0
111765,0
111769,0
111775,0
111778,0
111790,0
111810,0
111817,0
111818,0
111822,0
111826,0
111829,0
111855,0
111858,0
111876,0
111877,0
111878,0
111883,0
111886,0
111892,0
111896,0
111897,0
111900,0
111902,0
111903,0
111904,0
111905,0
111915,0
111918,0
111927,0
111933,0
111939,0
111945,0
111947,0
111949,0
111955,0
111970,1
111973,0
111974,0
111976,0
111977,0
111978,0
111984,0
111997,0
112010,0
112016,0
112018,0
112022,0
112025,0
112029,0
112037,0
112042,0
112044,0
112047,0
112054,0
112059,0
112061,0
112074,0
112086,0
112092,0
112100,0
112104,0
112115,0
112120,0
112126,1
112127,0
112128,0
112134,0
112136,0
112141,1
112143,0
112149,0
112152,0
112157,0
112159,0
112161,0
112164,0
112165,0
112173,0
112181,0
112185,0
112198,0
112202,0
112205,0
112214,0
112219,0
112221,0
112223,0
112233,0
112235,0
112240,0
112245,0
112251,0
112252,0
112253,0
112255,0
112256,0
112258,0
112277,0
112278,0
112285,0
112288,0
112299,0
112307,0
112316,0
112320,0
112322,0
112326,0
112327,0
112334,0
112337,0
112338,0
112341,0
112347,0
112359,0
112360,0
112362,0
112372,0
112377,0
112380,0
112382,0
112394,0
112396,0
112402,0
112407,0
112409,0
112413,0
112416,0
112417,0
112422,0
112429,1
112432,0
112443,0
112450,1
112460,0
112462,0
112475,0
112482,0
112484,0
112486,0
112488,0
112489,0
112495,0
112496,0
112497,0
112498,0
112501,0
112508,0
112521,0
112523,0
112530,0
112531,0
112536,0
112545,0
112549,0
112562,0
112572,0
112580,0
112582,0
112585,0
112587,0
112593,0
112595,0
112596,0
112597,0
112602,0
112603,0
112612,0
112620,0
112629,0
112631,0
112634,0
112640,0
112646,0
112647,0
112652,0
112659,0
112661,0
112663,0
112672,0
112675,0
112688,0
112690,0
112691,0
112696,0
112698,0
112699,0
112703,0
112707,0
112721,0
112724,0
112727,0
112736,0
112739,0
112749,0
112750,0
112760,0
112761,0
112762,0
112764,0
112767,0
112768,0
112774,0
112783,0
112784,0
112788,0
112793,0
112798,0
112809,0
112816,0
112821,0
112822,0
112825,0
112831,0
112832,0
112834,0
112837,0
112839,0
112845,0
112848,0
112850,0
112879,0
112881,0
112885,0
112890,0
112891,0
112893,0
112896,0
112897,0
112905,0
112911,0
112913,0
112916,0
112926,0
112929,0
112936,0
112941,0
112946,0
112962,0
112972,0
112973,0
112979,0
112982,0
112984,0
112993,0
112998,0
113002,0
113010,0
113020,0
113021,0
113023,0
113031,0
113045,0
113051,0
113053,0
113055,0
113058,0
113063,0
113066,0
113069,0
113085,0
113104,0
113109,0
113120,0
113121,0
113122,0
113146,0
113147,0
113149,0
113154,0
113156,0
113161,0
113170,0
113171,0
113172,0
113173,0
113174,0
113176,0
113182,0
113186,0
113195,0
113203,0
113209,0
113216,0
113218,0
113219,0
113224,0
113225,0
113227,0
113228,0
113231,0
113232,0
113244,0
113250,0
113273,0
113278,0
113279,0
113280,0
113281,0
113287,0
113295,0
113298,0
113302,0
113313,0
113321,0
113333,0
113335,0
113345,0
113346,0
113349,0
113351,0
113354,0
113360,0
113362,0
113379,0
113387,0
113395,0
113401,0
113407,0
113408,0
113414,0
113419,0
113420,0
113423,0
113426,0
113432,0
113437,0
113442,0
113444,0
113447,0
113449,0
113457,0
113458,1
113459,0
113471,0
113477,0
113478,0
113483,0
113487,1
113494,0
113496,0
113497,0
113499,0
113503,0
113507,0
113516,0
113524,0
113528,0
113541,0
113543,0
113547,0
113548,0
113551,0
113554,0
113565,0
113570,0
113573,0
113584,0
113585,0
113586,0
113587,0
113589,0
113604,0
113611,0
113617,0
113618,0
113619,0
113629,0
113632,0
113644,0
113652,0
113678,0
113682,0
113685,0
113686,0
113690,0
113693,0
113694,0
113701,0
113702,0
113711,0
113713,0
113724,0
113726,0
113731,0
113732,0
113742,0
113745,0
113749,0
113750,0
113758,0
113764,0
113771,0
113781,0
113783,0
113784,0
113799,0
113802,0
113804,0
113808,0
113814,0
113815,0
113816,0
113820,0
113828,0
113845,0
113852,0
113856,0
113862,0
113871,0
113877,0
113880,0
113883,0
113887,0
113892,0
113894,0
113897,0
113900,0
113907,0
113911,0
113912,0
113914,0
113924,0
113929,0
113938,0
113944,0
113947,0
113958,0
113959,0
113962,0
113966,0
113967,0
113972,0
113977,0
113983,0
113984,0
113990,0
113996,0
114012,0
114022,0
114023,0
114027,0
114028,1
114030,0
114034,0
114035,0
114044,0
114060,0
114068,0
114069,0
114073,0
114074,0
114076,0
114079,0
114083,0
114084,0
114095,0
114096,0
114101,0
114105,0
114106,0
114114,0
114115,0
114116,0
114138,0
114144,0
114151,0
114156,0
114158,0
114161,0
114166,0
114174,0
114175,0
114179,0
114181,0
114182,0
114183,0
114184,0
114199,0
114202,0
114206,0
114207,0
114209,0
114214,0
114217,0
114218,0
114222,1
114226,0
114228,0
114231,0
114233,0
114234,0
114241,0
114246,0
114262,0
114263,0
114266,0
114269,0
114278,0
114290,1
114297,0
114298,0
114309,0
114312,0
114316,0
114317,0
114323,1
114329,0
114333,0
114336,0
114339,0
114346,0
114353,0
114354,0
114356,0
114357,0
114358,0
114362,0
114373,0
114380,0
114384,0
114393,0
114402,0
114407,0
114414,0
114423,0
114424,0
114428,0
114442,0
114450,0
114452,0
114455,0
114468,0
114472,1
114482,0
114485,0
114492,0
114494,0
114502,0
114503,0
114506,0
114507,0
114511,0
114513,0
114521,1
114527,0
114536,0
114537,0
114544,0
114547,0
114556,0
114564,0
114566,0
114577,0
114578,0
114580,0
114586,0
114588,0
114590,0
114594,0
114597,0
114598,0
114607,0
114609,0
114614,0
114627,0
114629,0
114633,0
114638,0
114643,0
114645,0
114646,0
114649,0
114655,0
114664,0
114670,0
114672,0
114677,0
114679,0
114685,0
114692,0
114706,0
114717,1
114719,0
114729,0
114734,0
114735,0
114739,0
114740,0
114745,0
114746,0
114751,0
114772,0
114774,0
114782,0
114783,0
114796,0
114798,0
114799,0
114818,0
114819,0
114821,0
114827,0
114828,0
114829,0
114835,0
114837,0
114846,0
114850,0
114852,0
114855,0
114859,0
114864,0
114874,0
114882,0
114885,0
114889,0
114901,0
114907,0
114914,0
114916,0
114919,0
114920,0
114922,0
114930,0
114935,0
114940,0
114941,0
114943,0
114945,0
114950,0
114962,0
114963,0
114964,0
114970,0
114972,0
114973,0
114977,0
114980,0
114987,0
114995,0
114998,0
114999,0
115003,0
115006,0
115008,0
115012,0
115017,0
115021,0
115030,0
115033,0
115035,0
115042,0
115044,0
115050,0
115063,0
115072,0
115082,0
115086,0
115090,0
115092,0
115093,0
115095,0
115096,0
115103,0
115109,0
115110,0
115118,0
115122,0
115126,0
115128,0
115130,0
115134,0
115138,0
115141,0
115151,0
115156,0
115160,0
115162,0
115164,0
115171,0
115173,0
115176,0
115179,0
115188,0
115191,0
115194,0
115198,0
115224,0
115226,1
115228,0
115239,0
115241,0
115242,0
115245,0
115251,0
115258,0
115260,0
115271,0
115282,0
115283,0
115289,0
115293,0
115296,0
115297,0
115298,0
115299,0
115323,0
115331,0
115332,0
115336,0
115342,0
115344,0
115345,0
115348,0
115353,0
115354,0
115359,0
115360,0
115361,0
115367,0
115375,0
115376,0
115391,0
115398,0
115407,0
115411,0
115414,0
115416,0
115420,0
115424,0
115425,0
115438,0
115440,0
115443,0
115447,0
115449,0
115451,0
115452,0
115454,0
115455,0
115460,0
115463,0
115473,0
115475,0
115477,0
115483,0
115499,0
115504,0
115510,0
115529,0
115533,0
115534,0
115538,0
115543,0
115546,0
115547,0
115550,0
115556,0
115561,0
115564,0
115565,1
115567,0
115570,0
115574,0
115579,0
115584,0
115587,0
115595,0
115596,0
115617,0
115619,1
115627,1
115630,0
115633,0
115638,0
115644,0
115660,0
115663,0
115664,0
115671,0
115675,0
115678,0
115681,0
115684,0
115685,0
115697,0
115700,0
115707,0
115710,0
115712,0
115728,0
115730,0
115741,0
115748,0
115749,0
115766,0
115769,0
115779,0
115781,0
115796,0
115807,0
115809,0
115810,0
115818,0
115820,0
115822,0
115830,0
115843,0
115848,0
115851,0
115853,1
115854,0
115865,0
115868,0
115884,0
115887,0
115890,0
115897,0
115910,0
115912,0
115916,0
115920,0
115924,0
115925,0
115932,0
115935,0
115941,0
115945,0
115950,0
115957,0
115959,0
115960,0
115962,0
115968,0
115969,0
115971,0
115989,0
115998,0
116010,0
116018,0
116019,0
116020,0
116023,0
116032,0
116034,0
116035,0
116041,0
116042,0
116045,0
116046,0
116058,0
116067,0
116068,0
116070,0
116076,0
116097,0
116098,0
116100,0
116107,0
116111,0
116115,0
116136,0
116141,0
116146,0
116147,0
116151,0
116153,0
116169,0
116172,0
116178,0
116181,0
116182,0
116192,0
116196,0
116198,0
116204,0
116208,0
116210,0
116217,0
116221,0
116223,0
116224,0
116227,0
116229,0
116231,0
116236,0
116237,0
116239,0
116242,0
116243,0
116244,0
116258,0
116263,0
116265,0
116267,0
116268,0
116272,0
116274,0
116285,0
116293,0
116295,0
116302,0
116305,0
116307,0
116308,0
116321,0
116322,0
116324,0
116328,0
116330,0
116334,0
116340,0
116341,0
116342,0
116349,0
116366,0
116367,0
116368,0
116374,0
116375,0
116376,0
116395,1
116397,0
116402,0
116420,0
116423,0
116425,0
116427,0
116438,0
116441,0
116450,0
116451,0
116460,0
116465,0
116467,0
116471,1
116472,0
116488,0
116497,0
116504,0
116505,0
116506,0
116508,0
116509,0
116514,0
116525,0
116531,0
116537,0
116543,0
116546,0
116555,0
116560,0
116565,0
116566,0
116568,1
116575,0
116577,0
116581,0
116582,1
116584,0
116586,0
116589,0
116597,0
116599,0
116604,0
116609,0
116620,0
116621,0
116622,0
116623,0
116631,0
116632,0
116635,0
116638,0
116639,0
116642,0
116644,0
116651,0
116657,0
116662,0
116675,0
116684,0
116688,0
116690,0
116693,0
116707,0
116708,0
116713,0
116715,0
116716,0
116719,0
116720,0
116725,0
116731,0
116741,1
116742,0
116749,1
116754,0
116769,0
116770,0
116771,0
116773,0
116775,0
116777,0
116780,0
116789,0
116793,0
116809,0
116810,0
116811,0
116813,0
116817,0
116821,0
116840,0
116848,0
116853,0
116857,0
116867,0
116874,0
116879,0
116883,1
116884,0
116886,0
116892,0
116894,0
116895,0
116909,0
116915,0
116916,0
116917,0
116919,0
116920,0
116922,0
116929,0
116934,0
116935,0
116946,0
116948,0
116954,0
116956,0
116970,0
116972,0
116973,0
116975,0
116984,0
116986,0
116992,0
116996,0
116997,0
117004,0
117032,0
117033,1
117037,0
117044,0
117046,0
117049,0
117056,0
117059,0
117062,0
117064,0
117065,0
117076,0
117077,0
117079,0
117080,0
117081,0
117083,0
117089,0
117091,0
117093,0
117095,0
117098,0
117100,0
117102,0
117103,0
117107,1
117120,0
117124,0
117137,0
117140,0
117142,0
117144,0
117145,0
117148,0
117150,0
117152,0
117162,0
117165,0
117168,0
117171,0
117177,0
117180,0
117183,0
117191,0
117193,0
117201,0
117202,0
117220,0
117222,0
117223,0
117235,0
117242,0
117244,0
117253,0
117258,0
117263,0
117267,0
117268,0
117270,0
117275,0
117284,0
117296,0
117298,0
117309,0
117310,0
117317,0
117321,0
117322,0
117327,0
117333,0
117336,0
117340,0
117355,0
117357,0
117358,0
117363,0
117367,0
117369,0
117374,0
117381,0
117384,0
117395,0
117398,0
117400,0
117403,0
117404,0
117405,0
117410,0
117416,0
117439,0
117443,0
117444,0
117448,0
117449,0
117451,0
117454,0
117464,0
117471,0
117473,0
117479,0
117484,0
117485,0
117487,0
117491,0
117492,0
117499,0
117511,0
117531,1
117536,0
117538,0
117546,0
117553,0
117554,0
117557,1
117558,0
117560,1
117564,0
117566,0
117569,0
117578,0
117586,0
117588,0
117592,0
117596,0
117599,0
117611,0
117615,0
117616,0
117625,0
117628,0
117633,0
117638,0
117644,0
117646,0
117647,0
117648,0
117654,0
117655,0
117667,0
117668,0
117669,0
117673,0
117675,0
117676,0
117687,0
117690,0
117695,0
117710,0
117714,0
117715,0
117720,0
117735,0
117745,0
117746,0
117747,0
117749,0
117750,0
117753,0
117758,0
117759,0
117772,0
117776,0
117787,0
117788,0
117794,0
117798,0
117807,0
117809,0
117811,0
117823,0
117830,0
117831,0
117833,0
117838,0
117841,0
117848,0
117857,0
117858,0
117860,0
117861,0
117870,0
117878,0
117881,0
117891,0
117892,0
117896,0
117897,0
117900,0
117901,0
117907,0
117915,0
117917,0
117921,0
117927,0
117929,1
117932,0
117939,0
117941,0
117943,1
117946,0
117957,0
117958,0
117961,1
117964,0
117980,0
117981,0
117993,0
117994,0
117995,0
117996,1
117997,0
117999,0
118003,0
118013,0
118021,0
118024,0
118027,0
118032,0
118034,0
118041,0
118050,0
118057,0
118061,0
118063,0
118064,0
118080,0
118083,0
118090,0
118092,0
118095,0
118097,0
118112,0
118116,0
118120,0
118127,0
118129,0
118130,0
118131,0
118132,0
118136,0
118146,0
118147,0
118156,0
118166,0
118172,0
118173,0
118174,0
118175,0
118181,0
118182,0
118190,0
118195,0
118197,0
118198,0
118203,0
118207,0
118211,0
118213,0
118223,0
118230,0
118236,0
118241,0
118242,0
118244,0
118245,0
118246,0
118247,0
118249,0
118250,0
118253,0
118257,0
118260,0
118261,0
118262,0
118268,0
118271,0
118272,0
118285,0
118291,0
118320,0
118322,0
118339,0
118347,0
118351,0
118355,0
118360,0
118379,0
118381,0
118388,0
118391,0
118392,0
118395,1
118399,0
118402,0
118404,0
118409,0
118413,0
118421,0
118434,0
118440,0
118442,0
118445,1
118446,0
118452,0
118454,0
118455,0
118463,0
118473,0
118474,0
118478,0
118492,0
118495,0
118501,0
118503,0
118508,0
118512,0
118524,0
118525,1
118528,0
118530,0
118531,0
118532,0
118537,0
118539,0
118545,0
118550,0
118554,0
118555,0
118560,0
118561,0
118562,0
118566,0
118567,0
118572,0
118573,0
118578,0
118580,0
118591,0
118606,0
118609,0
118610,0
118618,0
118620,0
118624,0
118627,0
118631,0
118645,0
118651,0
118652,0
118654,0
118663,0
118664,0
118668,0
118682,0
118691,0
118692,0
118693,0
118695,0
118698,0
118700,0
118701,0
118719,0
118723,0
118728,0
118729,1
118732,0
118734,0
118735,0
118740,0
118746,0
118750,0
118756,0
118760,0
118767,0
118780,0
118783,0
118785,0
118788,0
118802,0
118803,0
118806,0
118817,0
118823,0
118830,0
118831,0
118849,0
118857,0
118866,0
118868,0
118870,0
118880,0
118885,0
118889,0
118893,1
118896,0
118901,0
118907,0
118909,0
118910,0
118933,0
118935,0
118936,0
118947,0
118952,0
118953,0
118957,0
118965,0
118968,0
118969,0
118986,0
118992,0
119004,0
119006,0
119009,0
119015,0
119020,0
119023,0
119032,0
119034,0
119037,0
119038,0
119042,0
119044,0
119051,0
119053,0
119061,0
119063,0
119066,0
119067,0
119069,0
119075,0
119077,0
119103,0
119112,0
119115,0
119118,0
119135,0
119138,0
119144,0
119166,0
119167,0
119168,0
119169,0
119175,0
119179,0
119180,0
119191,0
119193,0
119202,0
119215,0
119218,0
119219,0
119224,0
119227,0
119236,0
119249,0
119252,0
119255,1
119257,0
119267,0
119268,0
119271,0
119273,0
119275,0
119276,0
119279,0
119285,0
119286,0
119287,0
119288,0
119289,0
119290,0
119292,0
119294,0
119317,0
119318,0
119324,0
119326,0
119328,0
119330,0
119331,0
119334,0
119342,0
119348,0
119363,0
119385,0
119391,0
119395,0
119401,0
119404,0
119409,0
119412,0
119413,0
119414,0
119417,0
119425,0
119428,0
119431,0
119433,0
119435,0
119447,0
119450,0
119453,0
119459,0
119465,0
119478,0
119497,0
119501,0
119508,0
119512,0
119513,0
119515,0
119530,0
119546,0
119551,0
119562,0
119570,0
119572,0
119573,0
119575,0
119585,0
119586,0
119591,0
119595,0
119598,0
119606,0
119609,0
119611,0
119612,0
119616,0
119626,0
119633,0
119639,0
119644,0
119655,0
119659,0
119668,0
119675,0
119689,0
119709,0
119715,0
119722,1
119725,0
119729,0
119741,1
119742,0
119745,0
119747,0
119753,0
119756,0
119771,0
119773,0
119776,0
119785,0
119788,0
119793,1
119794,0
119807,0
119814,0
119816,0
119822,0
119826,0
119834,0
119835,0
119837,0
119848,0
119854,0
119864,0
119869,0
119880,0
119886,0
119888,0
119892,0
119893,0
119905,0
119909,0
119911,0
119914,0
119916,0
119920,0
119924,0
119931,0
119934,0
119935,0
119938,0
119942,0
119943,0
119946,0
119950,0
119967,0
119968,0
119972,0
119980,0
119984,0
119990,1
120003,0
120004,0
120010,0
120012,0
120014,0
120019,0
120025,0
120027,0
120030,0
120039,0
120068,0
120082,0
120083,0
120087,0
120088,0
120091,0
120095,0
120096,0
120104,0
120109,0
120114,0
120116,0
120125,0
120141,0
120143,0
120150,0
120151,0
120158,0
120162,0
120167,0
120172,0
120189,0
120193,0
120197,0
120203,0
120209,0
120210,0
120212,0
120213,0
120214,0
120216,1
120224,0
120233,0
120235,0
120237,0
120239,0
120242,0
120244,0
120252,0
120269,0
120270,0
120291,0
120299,0
120307,0
120311,0
120316,0
120323,0
120325,0
120335,0
120350,0
120355,0
120362,0
120365,0
120366,0
120373,1
120376,0
120381,0
120386,0
120387,0
120394,0
120399,0
120405,0
120412,1
120419,0
120420,0
120421,0
120424,0
120425,0
120428,0
120429,0
120444,0
120448,0
120454,0
120462,0
120463,0
120468,0
120474,0
120477,0
120483,0
120485,0
120487,0
120492,0
120502,0
120503,0
120507,0
120522,0
120530,0
120531,0
120532,0
120535,0
120540,1
120554,0
120555,0
120565,0
120571,0
120579,0
120582,0
120583,0
120590,0
120595,0
120599,0
120609,0
120614,0
120615,0
120619,0
120623,0
120629,0
120632,0
120639,0
120644,0
120650,0
120656,0
120666,0
120668,0
120670,0
120678,0
120682,0
120689,0
120698,0
120705,0
120706,0
120713,0
120715,0
120716,0
120721,0
120722,0
120723,0
120724,0
120729,0
120733,0
120735,0
120739,0
120744,0
120747,0
120749,0
120758,0
120759,0
120760,0
120762,0
120768,0
120775,0
120780,0
120791,0
120792,0
120793,0
120801,0
120819,0
120828,1
120834,0
120836,1
120848,1
120849,0
120857,0
120867,0
120882,0
120885,0
120888,0
120891,0
120895,0
120896,0
120897,0
120898,0
120903,0
120905,0
120906,0
120914,0
120918,0
120920,0
120921,0
120922,0
120923,0
120925,0
120931,0
120935,0
120941,0
120955,0
120956,0
120958,0
120959,0
120960,0
120964,0
120972,0
120974,0
120986,0
120988,0
120990,0
120995,0
120998,0
121000,0
121002,0
121006,0
121016,0
121017,0
121018,0
121022,0
121024,0
121026,0
121034,0
121039,0
121041,0
121044,0
121047,0
121050,0
121053,0
121055,0
121063,0
121064,0
121068,0
121072,0
121074,0
121077,0
121080,0
121089,0
121091,0
121094,0
121095,0
121096,0
121101,0
121102,0
121108,0
121110,0
121114,0
121119,0
121121,0
121123,0
121128,0
121129,0
121131,0
121140,0
121145,0
121147,0
121148,0
121149,0
121150,0
121154,0
121155,0
121156,0
121159,0
121168,0
121172,0
121176,0
121191,0
121192,0
121207,0
121213,0
121215,0
121216,0
121219,0
121220,0
121225,0
121231,0
121249,0
121250,0
121255,0
121259,0
121263,0
121273,0
121285,0
121294,0
121306,0
121307,0
121308,0
121314,0
121315,0
121319,0
121321,0
121326,0
121329,0
121350,0
121365,0
121368,0
121372,0
121374,0
121383,0
121384,0
121390,0
121392,0
121402,0
121405,0
121411,0
121413,0
121421,0
121422,0
121426,0
121427,0
121442,0
121444,0
121447,0
121448,0
121449,0
121452,0
121458,0
121459,0
121463,0
121466,0
121468,0
121471,0
121477,0
121478,0
121479,0
121480,1
121484,0
121489,0
121490,0
121492,0
121496,0
121499,0
121508,0
121512,0
121517,0
121518,0
121528,0
121534,0
121536,0
121548,1
121551,1
121562,0
121567,0
121569,0
121579,0
121581,0
121584,0
121586,0
121592,0
121600,0
121609,0
121616,0
121620,0
121640,0
121642,0
121648,0
121651,0
121657,0
121659,0
121670,0
121673,0
121674,0
121688,0
121690,0
121700,1
121706,0
121710,0
121715,0
121720,0
121722,0
121730,0
121731,0
121739,0
121741,0
121751,0
121755,0
121760,0
121774,0
121777,0
121779,0
121790,0
121813,0
121816,0
121818,0
121821,0
121822,0
121823,0
121828,0
121833,0
121840,0
121846,0
121855,0
121861,0
121867,0
121868,0
121882,0
121884,0
121887,0
121912,0
121915,0
121917,0
121926,0
121928,0
121931,0
121937,0
121943,0
121948,0
121953,0
121959,0
121964,0
121967,0
121969,0
121975,0
121985,0
121987,0
121992,0
121998,0
121999,0
122005,0
122007,0
122013,0
122014,0
122015,0
122023,0
122027,0
122028,0
122036,0
122045,0
122046,0
122050,0
122056,0
122059,0
122065,0
122077,0
122080,0
122089,0
122094,0
122095,0
122102,0
122104,0
122106,0
122109,0
122126,0
122130,0
122132,0
122138,0
122141,0
122143,1
122146,0
122148,0
122150,0
122157,0
122169,0
122172,0
122174,0
122177,0
122179,0
122181,0
122187,0
122195,0
122203,0
122214,0
122217,0
122221,0
122223,0
122233,0
122235,0
122236,1
122240,0
122241,0
122242,1
122247,0
122248,0
122255,0
122257,0
122274,0
122278,0
122281,0
122283,0
122287,0
122288,0
122293,0
122311,0
122313,0
122317,0
122327,0
122328,0
122331,0
122338,0
122339,0
122343,0
122346,0
122349,0
122351,0
122369,0
122376,0
122379,0
122381,0
122382,0
122383,0
122385,0
122386,0
122388,0
122393,0
122394,0
122397,0
122403,0
122405,0
122413,0
122417,0
122419,0
122423,0
122434,0
122437,0
122442,0
122447,0
122461,0
122466,0
122468,0
122471,0
122473,0
122474,0
122476,0
122479,0
122484,0
122485,0
122491,0
122492,0
122494,0
122502,0
122504,0
122509,0
122514,0
122518,0
122522,0
122523,0
122533,0
122540,0
122545,0
122549,0
122550,0
122551,0
122562,0
122563,0
122565,0
122568,0
122569,0
122578,0
122579,0
122583,0
122588,0
122589,0
122592,0
122595,0
122598,0
122599,0
122611,0
122616,0
122627,1
122637,0
122638,0
122639,0
122641,0
122644,0
122650,0
122651,0
122656,0
122657,0
122668,0
122669,0
122672,0
122680,0
122683,0
122688,0
122691,0
122692,0
122698,0
122703,0
122709,0
122710,0
122713,0
122718,0
122723,1
122731,1
122732,0
122734,0
122747,0
122751,0
122754,0
122756,0
122760,0
122764,0
122771,0
122773,0
122780,0
122785,0
122789,0
122790,0
122792,0
122794,0
122801,0
122808,0
122810,0
122813,0
122817,0
122822,0
122823,1
122834,0
122836,0
122845,0
122859,0
122869,0
122873,1
122874,0
122876,0
122878,0
122879,0
122880,0
122885,1
122903,0
122905,0
122925,0
122930,0
122936,0
122938,0
122940,0
122964,0
122965,0
122969,0
122971,0
122986,0
122990,0
122998,0
123000,0
123007,0
123014,1
123023,0
123025,0
123026,0
123033,0
123037,0
123039,0
123040,0
123063,0
123064,0
123070,0
123079,0
123080,0
123081,0
123089,0
123093,0
123095,0
123100,0
123117,0
123120,0
123127,0
123133,1
123135,0
123138,0
123148,0
123150,0
123157,0
123160,0
123162,0
123167,0
123169,0
123175,0
123194,0
123197,0
123204,0
123210,0
123215,0
123216,0
123217,0
123229,0
123233,0
123246,0
123247,0
123251,0
123253,0
123255,0
123256,0
123261,0
123271,0
123274,0
123279,0
123291,1
123296,0
123303,0
123305,0
123306,0
123312,0
123324,0
123330,0
123331,0
123340,0
123341,0
123342,0
123343,0
123351,0
123353,0
123360,0
123363,0
123371,0
123375,0
123377,0
123379,0
123389,0
123393,0
123395,0
123396,0
123398,0
123412,0
123414,0
123425,0
123429,0
123433,0
123438,0
123452,0
123456,0
123468,0
123470,0
123474,0
123476,1
123478,0
123491,0
123495,0
123496,0
123509,0
123510,0
123512,0
123518,0
123523,0
123525,0
123528,0
123532,0
123535,0
123537,0
123541,0
123547,0
123558,0
123568,0
123584,0
123587,0
123590,0
123606,0
123609,0
123610,0
123614,0
123631,0
123632,0
123643,0
123644,1
123663,0
123670,0
123672,0
123681,0
123683,0
123686,0
123687,0
123696,0
123701,0
123702,0
123704,0
123713,0
123721,0
123727,0
123730,0
123738,0
123740,0
123741,0
123745,0
123752,0
123755,0
123764,0
123766,0
123770,0
123772,0
123775,0
123776,0
123777,0
123785,0
123797,0
123803,0
123828,0
123833,0
123834,0
123837,0
123839,0
123847,0
123850,0
123862,0
123866,0
123869,0
123875,0
123876,0
123883,0
123890,0
123893,0
123895,0
123896,0
123902,0
123907,0
123909,0
123912,0
123922,0
123929,0
123930,0
123931,0
123932,0
123937,0
123944,0
123959,0
123960,0
123964,0
123965,0
123971,0
123973,0
123992,0
123996,0
124002,0
124004,0
124011,0
124013,0
124016,0
124019,0
124024,0
124030,0
124032,0
124033,0
124042,0
124048,0
124049,0
124051,0
124052,0
124057,0
124061,0
124065,0
124067,0
124076,0
124083,0
124084,0
124093,0
124095,0
124100,0
124108,0
124117,0
124127,0
124128,0
124130,0
124136,0
124151,0
124154,0
124156,0
124160,0
124175,0
124196,0
124197,0
124201,0
124210,0
124216,0
124218,0
124222,0
124224,0
124225,0
124228,0
124237,0
124245,0
124253,0
124260,0
124261,0
124266,0
124289,0
124290,0
124291,0
124297,0
124301,0
124302,0
124306,0
124310,0
124313,0
124316,0
124318,0
124323,0
124324,0
124333,0
124338,0
124344,0
124347,0
124350,0
124357,0
124359,0
124361,0
124364,0
124370,0
124385,0
124390,0
124406,0
124409,0
124412,0
124416,0
124424,0
124427,0
124432,0
124438,0
124440,0
124447,0
124453,0
124464,0
124465,1
124472,0
124477,0
124479,0
124483,0
124491,0
124494,0
124495,0
124503,0
124512,0
124513,0
124527,0
124529,0
124536,0
124538,0
124541,1
124543,0
124545,0
124546,0
124559,0
124562,0
124566,0
124574,0
124581,0
124587,0
124597,0
124604,0
124605,0
124611,0
124617,0
124622,0
124624,0
124626,0
124630,0
124632,0
124646,0
124647,0
124648,0
124655,0
124656,0
124657,0
124658,0
124660,0
124661,0
124672,1
124682,0
124688,0
124689,0
124692,0
124701,0
124702,0
124704,0
124707,0
124709,0
124715,0
124722,0
124728,0
124729,0
124731,0
124745,0
124753,0
124756,0
124757,0
124758,0
124760,0
124762,0
124776,0
124778,0
124791,0
124798,0
124801,0
124804,0
124805,0
124814,0
124828,0
124830,0
124831,0
124834,0
124835,0
124836,0
124843,0
124847,0
124852,0
124860,0
124865,0
124880,0
124884,0
124885,0
124889,0
124891,0
124897,0
124903,0
124905,1
124910,0
124913,0
124918,0
124924,0
124929,0
124930,0
124935,0
124936,0
124940,0
124944,0
124945,0
124952,0
124959,0
124960,0
124961,0
124963,0
124967,1
124968,0
124975,0
124983,0
124987,0
124989,0
125000,0
125024,0
125027,0
125032,0
125035,0
125039,0
125042,0
125043,0
125048,0
125049,0
125053,0
125056,0
125057,0
125058,0
125060,0
125063,0
125068,0
125074,0
125076,0
125079,0
125081,0
125093,0
125104,0
125106,0
125107,0
125127,0
125131,0
125139,0
125143,0
125145,0
125147,0
125148,0
125153,0
125157,0
125166,0
125170,0
125175,0
125179,1
125183,0
125185,0
125195,0
125200,0
125207,0
125216,0
125222,0
125225,0
125227,0
125231,0
125238,0
125243,0
125244,0
125245,0
125246,0
125248,0
125251,0
125256,1
125259,0
125260,0
125261,0
125263,0
125267,0
125287,0
125288,0
125290,0
125297,0
125298,0
125300,0
125311,0
125312,0
125317,0
125321,0
125329,0
125341,1
125350,0
125361,0
125375,0
125389,0
125396,0
125397,0
125401,0
125408,0
125416,0
125430,0
125431,0
125433,0
125437,0
125446,0
125452,0
125457,0
125460,0
125464,0
125467,0
125469,0
125472,0
125483,0
125488,0
125492,1
125494,0
125499,0
125500,0
125502,0
125503,0
125508,0
125511,0
125521,0
125536,0
125540,0
125543,0
125555,0
125557,0
125559,0
125561,0
125564,0
125565,0
125574,0
125578,0
125581,0
125582,0
125586,0
125589,0
125597,0
125598,0
125602,0
125603,0
125610,0
125613,0
125615,0
125617,0
125620,0
125626,0
125633,0
125634,0
125646,0
125649,0
125651,0
125656,0
125657,1
125658,0
125664,0
125667,1
125673,0
125677,0
125683,0
125690,0
125697,0
125700,0
125712,0
125723,0
125726,0
125729,0
125732,0
125739,0
125743,0
125749,0
125751,0
125755,0
125761,0
125774,1
125778,0
125779,0
125785,0
125786,0
125790,0
125791,0
125799,0
125801,0
125808,0
125810,0
125812,0
125814,0
125826,0
125827,0
125829,0
125833,0
125837,0
125841,0
125845,0
125850,0
125853,0
125861,0
125869,0
125876,0
125881,0
125882,0
125891,0
125895,0
125909,0
125910,0
125916,0
125948,0
125966,0
125972,0
125973,0
125974,0
125983,0
125984,0
125986,0
125996,0
125997,0
126000,0
126005,0
126017,0
126022,0
126026,0
126031,0
126033,0
126035,0
126037,0
126040,0
126044,0
126050,0
126052,0
126053,0
126054,0
126058,1
126060,0
126063,0
126064,1
126065,0
126066,0
126070,0
126074,0
126075,0
126079,0
126089,1
126099,0
126103,0
126104,0
126110,0
126112,0
126117,0
126124,0
126127,0
126128,1
126132,0
126135,0
126139,0
126141,0
126142,0
126144,0
126157,0
126159,0
126165,0
126176,0
126178,0
126183,0
126186,0
126188,0
126191,0
126194,0
126195,0
126198,0
126202,0
126203,0
126207,0
126212,0
126215,0
126217,0
126221,0
126223,0
126225,0
126227,0
126233,0
126236,0
126241,0
126242,0
126244,0
126255,0
126256,0
126257,0
126266,0
126268,0
126273,0
126274,0
126277,0
126280,0
126296,0
126297,0
126302,0
126305,0
126309,0
126311,0
126317,0
126322,0
126324,0
126348,0
126353,0
126358,0
126359,0
126360,1
126363,0
126373,0
126375,0
126378,0
126381,0
126383,0
126388,0
126396,0
126398,0
126406,0
126410,0
126411,0
126420,0
126421,0
126429,0
126431,0
126445,0
126448,0
126461,0
126463,0
126469,0
126476,0
126480,0
126481,0
126483,0
126504,0
126505,0
126511,0
126520,0
126521,0
126526,0
126528,0
126529,0
126543,0
126545,0
126550,0
126551,0
126552,0
126556,0
126560,0
126562,0
126565,0
126571,0
126574,0
126577,0
126581,0
126584,0
126587,0
126595,0
126596,0
126602,0
126613,0
126620,0
126621,0
126628,0
126632,0
126638,0
126640,0
126644,0
126655,0
126664,0
126667,0
126673,0
126675,0
126679,0
126703,0
126707,0
126712,0
126714,0
126717,0
126720,0
126723,0
126726,0
126728,1
126731,0
126738,0
126744,0
126746,0
126750,0
126760,0
126773,0
126775,0
126777,0
126782,0
126786,0
126788,0
126789,0
126791,0
126792,0
126801,0
126804,0
126814,0
126827,0
126828,0
126847,0
126850,0
126851,0
126860,0
126861,0
126871,0
126872,0
126879,0
126884,0
126888,0
126889,0
126891,0
126902,0
126915,0
126916,0
126918,0
126923,0
126926,0
126929,0
126931,0
126940,0
126949,0
126955,0
126960,0
126962,0
126963,0
126967,0
126968,0
126973,0
126980,0
126983,0
126988,0
126991,0
126993,0
126998,0
127007,0
127014,0
127018,0
127023,0
127029,0
127038,0
127039,0
127042,0
127044,0
127048,0
127053,0
127057,0
127070,0
127078,0
127080,0
127086,0
127089,0
127102,0
127107,0
127109,0
127112,0
127124,0
127131,0
127138,0
127149,0
127153,0
127154,0
127159,0
127160,0
127163,0
127169,0
127173,0
127174,0
127177,0
127182,0
127192,0
127198,0
127199,0
127201,0
127203,1
127208,0
127212,0
127219,0
127224,0
127228,0
127231,0
127237,0
127240,0
127241,0
127247,0
127248,0
127253,0
127254,1
127255,0
127257,0
127260,0
127261,0
127269,0
127274,0
127277,0
127278,0
127282,0
127291,0
127299,0
127304,0
127308,0
127313,0
127317,0
127322,0
127327,0
127340,0
127348,0
127357,0
127360,1
127361,0
127367,0
127380,0
127386,0
127389,0
127391,0
127394,0
127396,0
127408,0
127410,0
127416,0
127423,0
127432,0
127433,0
127437,0
127443,0
127444,0
127447,0
127453,0
127454,0
127455,0
127460,1
127462,0
127479,0
127481,0
127488,0
127492,0
127502,0
127508,0
127509,0
127510,0
127511,0
127513,0
127516,0
127519,0
127525,0
127529,0
127535,0
127539,0
127545,0
127546,0
127549,0
127551,0
127557,0
127562,0
127574,0
127588,0
127591,0
127595,0
127596,1
127597,0
127608,0
127620,0
127621,0
127625,0
127634,0
127648,0
127656,0
127662,0
127666,0
127667,0
127670,1
127674,0
127683,0
127691,0
127697,0
127704,0
127707,0
127708,0
127710,0
127714,0
127718,0
127724,0
127726,0
127732,0
127736,0
127745,0
127749,0
127757,0
127764,0
127766,0
127767,0
127768,0
127771,0
127776,0
127778,0
127785,0
127786,0
127799,0
127821,0
127826,0
127828,0
127829,0
127842,0
127849,0
127855,0
127856,0
127857,0
127858,0
127862,0
127865,0
127866,0
127870,0
127891,1
127895,0
127897,0
127902,0
127903,0
127904,0
127905,0
127907,0
127914,0
127921,0
127922,0
127925,0
127928,0
127932,0
127936,0
127938,0
127939,0
127940,0
127958,0
127970,0
127973,0
127975,0
127978,0
127979,0
127980,0
127993,0
127997,0
127998,0
127999,0
128020,0
128026,0
128037,0
128042,0
128043,0
128044,0
128046,0
128052,0
128058,0
128059,0
128068,0
128070,0
128075,0
128078,0
128088,0
128090,0
128094,0
128095,0
128096,0
128101,0
128104,0
128110,0
128116,0
128121,0
128123,0
128127,0
128139,0
128142,0
128146,1
128150,0
128157,0
128160,0
128162,0
128165,0
128168,0
128169,0
128174,0
128180,0
128183,0
128197,0
128202,0
128208,0
128210,0
128211,0
128213,0
128220,0
128225,0
128228,0
128231,0
128232,0
128240,0
128244,0
128246,0
128252,0
128254,0
128264,0
128266,0
128270,0
128272,0
128278,0
128280,0
128289,0
128290,0
128292,0
128296,0
128306,0
128311,0
128324,0
128325,0
128329,0
128330,0
128331,0
128337,0
128338,0
128343,0
128352,0
128354,0
128358,0
128362,0
128366,0
128368,0
128374,0
128375,1
128377,0
128381,0
128385,0
128387,0
128390,0
128391,0
128398,0
128399,0
128401,0
128407,0
128410,0
128416,0
128418,0
128420,0
128435,1
128441,0
128458,0
128459,0
128463,0
128465,0
128467,0
128473,0
128475,0
128479,0
128480,0
128482,0
128487,0
128489,0
128496,0
128504,0
128508,0
128509,0
128511,0
128519,0
128524,0
128525,0
128529,0
128532,0
128557,0
128559,0
128564,0
128565,0
128566,0
128571,0
128572,0
128573,0
128576,0
128578,0
128580,0
128584,0
128593,0
128597,0
128598,0
128600,0
128602,0
128609,0
128619,0
128639,0
128641,0
128647,0
128653,1
128654,0
128665,0
128666,1
128668,0
128674,0
128675,0
128680,0
128683,0
128684,0
128687,0
128689,0
128695,0
128697,0
128699,0
128711,0
128714,0
128716,1
128721,0
128730,0
128734,0
128735,0
128737,0
128741,0
128746,0
128747,0
128749,0
128751,0
128768,0
128781,0
128782,0
128783,0
128784,0
128786,0
128798,0
128803,0
128817,0
128819,0
128825,0
128832,0
128835,0
128841,0
128848,0
128851,0
128856,0
128857,0
128864,0
128870,0
128894,0
128895,0
128905,0
128907,0
128908,0
128912,0
128913,0
128914,0
128919,1
128920,0
128922,0
128925,0
128930,0
128943,0
128944,0
128951,0
128958,0
128960,0
128965,0
128967,0
128970,0
128978,0
128981,0
128983,0
128995,0
129000,0
129001,0
129007,0
129008,0
129012,0
129013,0
129015,0
129021,0
129022,0
129025,0
129030,0
129031,0
129042,1
129045,0
129048,0
129053,0
129058,0
129061,0
129068,0
129072,0
129073,0
129075,0
129096,0
129107,0
129116,0
129124,0
129131,0
129146,0
129147,0
129149,0
129161,0
129165,0
129166,0
129171,0
129173,0
129181,0
129182,0
129184,0
129185,0
129186,0
129192,0
129193,0
129194,0
129205,0
129214,0
129218,0
129229,0
129233,0
129234,0
129238,0
129242,0
129247,0
129250,0
129255,0
129258,0
129259,0
129260,0
129269,0
129276,0
129279,0
129280,0
129290,0
129296,0
129297,0
129315,0
129323,0
129333,0
129334,0
129337,0
129350,0
129360,0
129362,0
129364,0
129374,0
129379,0
129380,0
129381,0
129382,0
129402,0
129405,0
129408,0
129409,0
129416,0
129422,0
129424,0
129426,0
129431,0
129436,0
129448,0
129449,0
129461,0
129469,0
129476,0
129483,0
129488,0
129495,0
129499,0
129502,0
129507,0
129517,0
129520,0
129522,0
129525,0
129530,0
129537,0
129542,0
129545,0
129555,0
129557,0
129558,0
129566,0
129567,0
129575,0
129581,0
129595,0
129596,0
129601,0
129612,0
129626,0
129630,0
129632,0
129633,0
129638,0
129639,0
129641,0
129647,0
129649,0
129658,0
129665,0
129669,0
129670,0
129672,0
129673,0
129678,0
129681,0
129688,0
129696,0
129698,0
129699,0
129700,0
129701,0
129708,0
129709,0
129713,0
129722,0
129732,0
129733,0
129735,0
129741,0
129754,0
129762,1
129764,0
129767,0
129776,1
129786,0
129788,0
129790,0
129793,0
129796,0
129802,0
129813,0
129824,0
129830,0
129831,0
129832,0
129833,0
129840,0
129841,0
129845,0
129846,0
129853,0
129864,0
129868,0
129886,0
129893,0
129894,0
129900,0
129902,0
129919,0
129926,0
129931,0
129937,0
129945,0
129954,1
129961,0
129963,0
129968,0
129971,0
129972,0
129992,0
129997,0
130004,0
130009,0
130015,0
130024,0
130025,0
130028,0
130032,0
130033,0
130039,0
130041,0
130043,0
130045,0
130048,0
130054,0
130059,0
130081,0
130086,0
130090,0
130092,0
130093,0
130099,0
130107,0
130108,0
130109,0
130110,0
130114,0
130115,0
130116,0
130122,0
130125,0
130129,0
130135,0
130144,0
130149,0
130150,0
130154,0
130161,0
130163,0
130166,0
130167,0
130173,0
130174,0
130186,1
130200,0
130208,0
130209,0
130216,0
130227,0
130232,1
130235,0
130243,0
130251,0
130255,0
130271,0
130273,0
130277,0
130281,0
130283,0
130308,0
130310,0
130312,0
130315,0
130316,0
130320,0
130321,0
130322,0
130323,0
130324,0
130332,0
130335,0
130336,1
130339,0
130340,0
130349,0
130352,0
130353,0
130358,0
130359,0
130361,0
130369,0
130371,0
130375,0
130381,0
130382,0
130387,0
130396,0
130401,0
130404,0
130410,0
130413,0
130422,0
130428,0
130447,0
130450,0
130455,0
130463,0
130471,0
130474,0
130501,0
130507,1
130511,0
130516,0
130519,0
130525,0
130527,0
130529,0
130532,0
130536,0
130540,0
130543,0
130557,0
130558,0
130561,0
130563,0
130564,0
130566,0
130568,0
130573,0
130575,0
130578,0
130579,0
130591,0
130594,0
130595,0
130596,0
130600,0
130601,0
130602,0
130603,0
130611,0
130614,0
130616,0
130627,0
130638,0
130647,0
130649,0
130652,0
130656,0
130661,0
130662,0
130663,0
130664,1
130670,0
130671,0
130672,0
130677,0
130678,0
130683,0
130684,0
130685,0
130687,0
130690,0
130693,0
130698,0
130699,0
130711,0
130712,0
130715,0
130720,0
130724,0
130727,0
130728,0
130729,0
130733,0
130735,0
130736,0
130746,0
130748,0
130751,0
130756,0
130758,0
130763,0
130766,0
130768,0
130773,1
130781,0
130790,0
130791,0
130796,0
130801,0
130803,0
130811,0
130815,0
130822,0
130824,0
130830,0
130831,0
130832,0
130838,0
130840,0
130842,0
130848,0
130850,0
130855,0
130860,0
130875,0
130880,0
130889,0
130890,0
130891,0
130898,0
130900,0
130901,0
130906,0
130907,0
130914,0
130918,0
130919,0
130920,0
130922,0
130926,0
130927,0
130929,0
130934,0
130942,0
130944,0
130948,0
130952,0
130955,0
130959,0
130961,0
130963,0
130972,0
130978,0
130982,0
130989,0
130996,0
131013,0
131014,0
131018,0
131019,0
131025,0
131026,0
131029,0
131031,0
131032,0
131033,0
131038,0
131043,0
131054,0
131058,0
131059,0
131062,0
131066,0
131071,0
131072,0
131075,0
131083,0
131084,0
131085,0
131086,0
131087,0
131091,0
131094,0
131095,0
131100,0
131103,0
131104,0
131109,0
131123,0
131142,0
131151,0
131154,0
131157,0
131158,0
131159,0
131162,0
131192,0
131199,0
131202,0
131203,0
131215,0
131223,0
131227,0
131229,0
131230,0
131235,0
131236,0
131238,0
131248,0
131268,0
131279,0
131281,0
131282,0
131284,0
131285,0
131296,0
131297,0
131321,0
131327,0
131342,0
131348,0
131349,0
131351,0
131354,0
131355,0
131358,0
131359,0
131367,0
131377,0
131378,0
131384,0
131391,0
131396,0
131402,0
131407,0
131410,1
131419,0
131423,0
131424,0
131433,0
131447,0
131448,0
131451,0
131454,0
131460,0
131466,0
131468,0
131469,0
131473,0
131479,0
131489,0
131494,0
131501,0
131502,0
131503,0
131506,0
131509,0
131512,0
131513,0
131516,0
131517,0
131523,0
131535,1
131549,0
131552,0
131558,0
131561,0
131563,0
131572,0
131575,0
131580,0
131583,0
131603,0
131611,0
131613,0
131626,0
131628,0
131631,0
131632,0
131634,1
131639,0
131651,0
131654,0
131659,0
131669,0
131671,0
131672,0
131673,0
131681,0
131684,0
131688,0
131689,0
131700,0
131707,1
131708,0
131709,0
131712,0
131721,1
131722,0
131725,0
131733,0
131736,0
131746,0
131757,0
131760,0
131767,0
131773,0
131783,0
131785,0
131786,0
131787,0
131790,0
131793,0
131795,0
131805,0
131806,0
131809,0
131815,0
131820,0
131822,0
131827,0
131836,0
131838,0
131840,0
131841,0
131842,0
131843,0
131845,0
131853,0
131854,0
131857,0
131858,0
131859,1
131871,0
131878,0
131879,0
131882,0
131885,0
131887,0
131888,0
131897,0
131898,0
131907,0
131916,0
131918,0
131919,0
131922,0
131942,0
131947,0
131953,1
131954,0
131955,0
131957,0
131958,0
131965,0
131971,0
131974,0
131982,0
131987,0
131988,0
131994,0
132000,0
132007,0
132014,0
132022,0
132023,0
132025,0
132032,0
132041,0
132042,0
132047,0
132065,0
132067,0
132076,0
132092,0
132095,0
132101,1
132107,0
132122,0
132123,0
132131,1
132134,0
132143,0
132145,0
132149,0
132156,0
132159,0
132160,0
132162,0
132175,0
132192,0
132195,0
132200,0
132205,0
132207,0
132216,0
132224,0
132225,0
132226,0
132230,0
132236,0
132238,0
132239,0
132242,0
132250,0
132251,0
132254,0
132258,0
132259,0
132261,0
132266,0
132268,0
132289,0
132300,0
132308,0
132318,0
132323,0
132329,0
132333,0
132335,0
132348,0
132354,0
132364,0
132369,0
132375,0
132384,0
132388,0
132398,0
132411,0
132412,0
132414,0
132418,0
132430,0
132431,0
132436,0
132443,0
132450,0
132455,0
132466,0
132467,0
132469,0
132470,0
132471,0
132472,0
132477,0
132479,0
132493,0
132495,0
132496,0
132499,0
132504,0
132522,0
132527,0
132531,0
132544,0
132549,0
132554,0
132557,0
132563,0
132575,0
132577,0
132578,0
132584,0
132586,0
132589,0
132594,0
132616,0
132621,0
132623,0
132624,0
132627,0
132628,0
132631,0
132633,0
132648,0
132649,0
132653,0
132657,0
132660,0
132665,0
132672,0
132675,0
132684,0
132685,0
132688,0
132697,0
132711,0
132719,0
132736,0
132738,0
132739,0
132746,0
132748,0
132754,0
132757,0
132762,0
132774,0
132776,0
132778,0
132786,0
132789,0
132792,0
132801,0
132802,0
132804,0
132812,0
132815,0
132821,0
132824,0
132826,0
132827,0
132829,0
132833,0
132837,0
132843,0
132847,0
132848,0
132849,0
132850,0
132851,0
132856,0
132871,0
132872,0
132874,0
132881,0
132883,0
132886,0
132893,0
132901,0
132909,0
132911,0
132913,0
132916,0
132920,0
132921,0
132922,0
132929,0
132937,0
132941,0
132945,0
132947,0
132954,0
132960,0
132961,0
132967,0
132971,0
132974,0
132986,0
132994,0
132995,0
132997,0
132999,0
133007,1
133008,0
133009,0
133014,0
133016,0
133022,0
133024,0
133025,0
133028,0
133034,0
133043,0
133063,0
133067,0
133069,0
133070,0
133071,0
133072,0
133079,0
133087,0
133090,0
133091,0
133094,0
133096,0
133111,0
133118,0
133121,0
133122,0
133128,0
133129,0
133130,0
133134,0
133135,0
133139,0
133147,0
133150,0
133156,0
133157,0
133165,0
133176,0
133179,0
133180,0
133188,0
133190,0
133197,0
133198,0
133201,0
133208,0
133218,0
133219,0
133224,0
133227,0
133234,0
133237,0
133239,0
133244,0
133257,0
133260,0
133279,0
133282,0
133285,0
133287,0
133302,0
133305,0
133308,0
133314,0
133320,0
133334,0
133338,0
133341,0
133344,0
133346,1
133352,0
133354,0
133358,0
133369,0
133373,0
133374,0
133381,0
133385,0
133388,0
133403,0
133405,0
133410,0
133414,0
133419,0
133421,0
133424,0
133431,0
133434,0
133435,0
133436,0
133437,0
133439,0
133442,0
133456,0
133458,0
133460,0
133464,0
133475,1
133476,0
133484,0
133500,0
133502,0
133507,0
133519,0
133523,0
133538,0
133541,0
133549,0
133554,0
133560,0
133561,0
133564,0
133576,0
133581,0
133598,0
133603,0
133614,0
133618,0
133640,0
133643,0
133647,0
133653,0
133654,0
133662,0
133665,0
133670,0
133672,0
133693,0
133706,0
133709,0
133714,0
133725,0
133728,0
133744,0
133746,0
133749,0
133750,0
133759,0
133769,0
133777,0
133781,0
133782,0
133785,0
133790,0
133795,0
133799,0
133808,0
133814,0
133815,1
133825,0
133827,0
133841,0
133842,0
133844,0
133849,0
133855,0
133859,0
133864,0
133866,0
133867,0
133870,0
133876,0
133883,0
133891,0
133892,0
133893,0
133897,0
133899,0
133908,0
133911,0
133914,0
133924,0
133926,0
133936,0
133937,0
133940,0
133943,0
133946,0
133953,0
133964,0
133970,0
133986,1
133994,0
134003,0
134004,0
134007,0
134010,0
134014,0
134016,0
134023,0
134028,0
134041,0
134044,0
134047,0
134055,0
134061,0
134062,0
134071,0
134075,0
134076,0
134078,0
134081,0
134089,0
134097,0
134104,0
134108,0
134111,0
134114,0
134119,0
134121,0
134125,0
134128,0
134130,0
134134,0
134136,0
134145,0
134149,0
134171,0
134177,0
134180,0
134182,0
134188,0
134189,0
134191,0
134194,0
134198,0
134205,0
134210,0
134215,0
134218,0
134219,0
134224,0
134226,0
134229,0
134234,1
134238,0
134244,0
134247,0
134249,0
134261,0
134267,0
134270,0
134272,0
134274,1
134281,0
134282,0
134283,0
134285,0
134288,0
134293,0
134299,0
134301,0
134319,0
134320,0
134321,0
134322,1
134323,0
134330,0
134331,0
134334,0
134335,0
134336,1
134342,0
134344,0
134346,0
134349,0
134354,0
134358,0
134360,0
134364,0
134366,0
134368,0
134379,0
134381,0
134392,0
134393,0
134406,0
134416,0
134417,0
134421,0
134422,0
134426,0
134447,0
134451,0
134455,0
134463,0
134466,0
134467,0
134470,0
134480,0
134486,0
134487,0
134494,0
134497,0
134504,0
134519,0
134524,0
134531,0
134533,0
134544,0
134552,0
134569,0
134577,0
134580,0
134581,0
134590,0
134591,0
134606,0
134608,0
134609,0
134614,0
134618,0
134619,0
134622,0
134624,0
134628,0
134629,0
134630,0
134642,0
134643,0
134653,0
134659,0
134662,1
134664,0
134665,0
134668,0
134670,0
134676,0
134678,0
134679,0
134681,0
134682,0
134684,0
134688,1
134698,0
134701,0
134703,0
134704,0
134712,0
134717,0
134722,0
134724,0
134729,1
134735,1
134736,0
134737,0
134742,0
134750,0
134755,0
134763,1
134768,0
134775,0
134780,0
134782,0
134783,0
134787,0
134788,0
134791,0
134793,0
134802,0
134805,0
134807,0
134809,0
134810,0
134811,0
134816,0
134821,0
134825,1
134836,0
134845,0
134858,0
134862,0
134865,0
134868,1
134871,0
134873,0
134875,0
134880,0
134885,0
134886,0
134888,0
134896,0
134897,0
134904,1
134911,0
134917,0
134919,0
134924,0
134928,1
134937,0
134945,0
134947,0
134953,0
134960,0
134965,0
134968,0
134972,0
134980,0
134988,0
134989,0
134990,0
134996,0
135002,0
135003,0
135006,0
135014,0
135017,0
135018,0
135025,0
135026,0
135027,0
135031,0
135042,0
135046,0
135048,0
135054,0
135062,0
135064,0
135069,0
135072,0
135073,0
135081,0
135082,0
135086,0
135088,0
135094,0
135126,0
135134,0
135140,0
135143,0
135152,0
135153,0
135172,0
135173,0
135217,0
135220,0
135221,0
135222,0
135229,0
135230,0
135231,0
135234,0
135235,0
135236,0
135238,0
135246,0
135249,0
135250,0
135252,0
135254,0
135259,0
135263,0
135265,0
135269,0
135273,0
135275,0
135278,0
135281,0
135287,0
135288,0
135290,0
135298,0
135302,0
135308,0
135316,0
135325,0
135345,0
135354,0
135358,0
135360,0
135365,0
135368,0
135370,0
135375,0
135377,0
135384,0
135386,0
135408,1
135415,0
135416,0
135423,0
135424,0
135427,0
135428,0
135448,0
135450,0
135455,0
135457,0
135463,0
135466,0
135469,0
135471,0
135472,0
135473,0
135474,0
135476,0
135477,1
135486,0
135490,0
135494,0
135498,0
135511,0
135515,1
135520,0
135528,0
135551,0
135564,0
135565,0
135566,0
135583,0
135587,0
135588,0
135590,0
135591,0
135595,0
135600,0
135601,0
135604,0
135608,0
135609,0
135615,0
135619,0
135623,0
135636,0
135666,0
135681,0
135688,0
135692,0
135696,0
135697,0
135704,0
135716,0
135718,0
135722,0
135726,0
135727,0
135730,0
135731,0
135732,0
135735,0
135740,0
135741,0
135743,0
135744,0
135748,0
135751,0
135752,0
135753,0
135756,0
135761,0
135765,0
135770,0
135776,0
135778,0
135779,0
135782,0
135786,0
135788,0
135789,0
135794,0
135795,0
135796,0
135798,0
135799,0
135802,0
135803,0
135815,0
135816,0
135822,0
135826,0
135827,0
135830,0
135831,0
135842,0
135849,0
135850,0
135851,0
135854,0
135855,0
135866,0
135868,0
135871,0
135872,0
135880,0
135883,0
135889,0
135900,0
135904,0
135909,0
135916,0
135917,0
135922,0
135927,0
135929,0
135940,0
135945,0
135952,0
135963,0
135966,0
135967,0
135970,0
135972,0
135973,0
135982,0
135989,0
136008,0
136011,0
136012,0
136017,1
136038,0
136040,0
136043,0
136049,0
136052,0
136053,0
136054,0
136067,0
136069,0
136079,0
136085,0
136093,0
136098,0
136111,0
136117,0
136118,0
136120,0
136132,1
136134,0
136141,0
136144,0
136146,0
136147,0
136161,0
136164,0
136177,0
136179,0
136180,0
136181,0
136189,0
136193,1
136200,0
136202,0
136211,0
136219,0
136222,0
136226,0
136227,0
136229,0
136236,0
136249,0
136256,0
136259,0
136271,0
136307,0
136310,0
136313,0
136318,0
136324,0
136331,0
136336,0
136351,0
136353,0
136357,0
136359,0
136360,0
136362,0
136372,0
136373,0
136375,0
136376,0
136378,0
136388,0
136394,0
136397,0
136401,0
136407,0
136409,0
136412,0
136426,0
136428,0
136437,0
136438,0
136452,0
136465,0
136468,0
136481,0
136483,0
136487,0
136490,0
136492,0
136503,0
136512,0
136514,0
136517,0
136528,0
136538,0
136557,0
136558,0
136559,0
136568,0
136575,0
136579,0
136584,0
136585,0
136587,0
136591,0
136599,0
136601,0
136603,0
136608,0
136609,0
136622,0
136625,0
136626,0
136627,0
136634,0
136642,0
136645,0
136652,0
136668,0
136672,0
136674,0
136677,0
136678,0
136686,0
136688,0
136691,0
136692,0
136693,0
136696,0
136715,0
136716,0
136727,0
136728,0
136732,0
136736,0
136744,0
136746,0
136747,0
136750,0
136757,0
136760,0
136774,0
136775,1
136776,0
136785,0
136787,0
136788,0
136793,1
136798,0
136799,0
136804,0
136805,0
136811,0
136812,0
136813,0
136821,0
136823,0
136826,0
136835,0
136838,0
136842,0
136854,0
136855,0
136862,0
136869,0
136883,0
136900,0
136901,0
136904,0
136906,0
136916,0
136918,0
136920,0
136921,0
136925,0
136929,0
136931,0
136933,0
136945,0
136949,0
136953,0
136956,0
136960,0
136961,0
136966,0
136973,0
136975,0
136977,0
136981,0
136994,0
136998,0
136999,0
137001,0
137009,1
137016,0
137027,0
137030,0
137033,0
137043,1
137046,0
137049,0
137051,0
137052,0
137059,0
137075,0
137078,0
137080,0
137085,0
137090,0
137092,0
137103,0
137104,0
137108,0
137120,0
137122,0
137140,0
137148,0
137154,0
137162,0
137164,0
137179,0
137182,0
137183,0
137184,0
137192,0
137193,0
137194,0
137200,0
137215,0
137216,0
137217,0
137226,0
137227,0
137236,0
137238,0
137242,0
137245,0
137247,0
137259,0
137267,0
137274,0
137275,0
137277,0
137283,0
137285,0
137292,0
137305,0
137309,0
137311,0
137342,0
137349,0
137350,0
137352,0
137374,0
137377,0
137380,0
137387,0
137403,0
137405,0
137408,0
137411,0
137412,0
137418,0
137420,0
137424,0
137429,0
137438,0
137442,0
137445,0
137446,0
137451,0
137464,0
137467,0
137470,0
137478,0
137481,0
137483,0
137486,0
137495,0
137497,0
137498,0
137500,0
137501,0
137503,0
137510,0
137512,0
137514,0
137517,0
137518,0
137529,0
137530,0
137532,0
137535,0
137537,0
137545,0
137548,0
137556,0
137557,0
137560,0
137562,0
137565,0
137567,0
137575,0
137577,0
137581,0
137583,0
137589,0
137591,0
137602,0
137604,0
137608,0
137612,0
137624,0
137627,0
137631,0
137633,0
137635,0
137637,0
137640,0
137642,0
137658,0
137660,0
137661,0
137663,0
137665,0
137666,0
137676,0
137679,0
137681,0
137684,0
137685,0
137691,0
137693,0
137699,0
137700,0
137705,0
137707,0
137713,0
137723,1
137726,0
137730,0
137748,0
137750,0
137752,0
137756,0
137758,0
137763,0
137766,0
137767,0
137769,0
137781,0
137787,0
137794,0
137797,0
137798,0
137802,0
137805,0
137807,0
137808,0
137811,0
137814,0
137816,0
137818,0
137827,0
137832,0
137838,0
137840,0
137841,0
137842,0
137844,0
137847,0
137851,0
137863,0
137867,0
137880,1
137893,0
137901,0
137902,0
137909,0
137916,0
137934,0
137936,0
137938,0
137950,0
137958,0
137964,0
137968,0
137973,0
137977,0
137988,0
137999,0
138002,0
138003,0
138006,0
138007,0
138008,0
138015,0
138021,0
138025,0
138028,0
138038,0
138040,1
138046,0
138063,0
138064,0
138070,0
138071,0
138077,0
138080,0
138085,0
138093,0
138095,0
138114,0
138119,0
138123,0
138133,0
138138,0
138139,0
138143,0
138145,0
138148,0
138156,0
138157,0
138175,0
138176,0
138177,0
138190,0
138208,0
138211,0
138219,0
138225,0
138231,0
138232,0
138234,0
138244,0
138246,0
138249,0
138259,0
138269,0
138273,0
138280,0
138289,0
138294,0
138295,0
138296,0
138301,0
138304,0
138305,0
138306,0
138308,0
138311,0
138315,0
138317,0
138324,0
138327,0
138338,0
138339,0
138340,0
138348,0
138353,0
138354,0
138366,0
138368,0
138370,0
138382,0
138388,0
138394,0
138405,0
138422,0
138430,0
138436,0
138437,0
138443,0
138445,0
138450,0
138451,0
138454,0
138457,0
138461,0
138468,0
138470,0
138473,0
138476,0
138477,0
138484,0
138487,0
138488,0
138491,0
138499,0
138500,0
138507,0
138516,0
138518,0
138519,0
138521,0
138530,0
138531,0
138535,0
138540,0
138542,0
138543,0
138547,0
138549,0
138554,0
138556,0
138561,0
138564,1
138578,0
138581,0
138585,0
138589,0
138596,0
138602,0
138607,0
138608,0
138614,0
138634,0
138640,0
138643,0
138647,0
138666,0
138671,0
138678,0
138696,0
138698,0
138702,0
138703,0
138722,0
138730,0
138735,0
138736,0
138739,0
138744,0
138753,0
138765,0
138773,1
138785,0
138788,0
138792,0
138809,0
138810,0
138818,0
138819,0
138823,0
138824,0
138833,0
138839,0
138844,0
138847,0
138863,0
138865,0
138869,0
138870,0
138876,0
138881,0
138883,0
138884,0
138886,0
138887,0
138894,0
138906,0
138914,1
138920,0
138921,0
138934,0
138938,0
138943,0
138944,0
138946,0
138949,0
138952,0
138964,0
138966,0
138968,0
138970,0
138973,0
138979,0
138982,0
138987,0
138992,0
138994,0
139000,0
139006,0
139007,0
139008,0
139012,0
139022,0
139027,1
139042,0
139043,0
139053,0
139062,0
139084,0
139086,0
139092,0
139096,0
139100,0
139101,0
139105,0
139107,0
139111,0
139112,0
139118,0
139122,0
139140,0
139142,0
139145,0
139155,0
139156,0
139162,0
139165,0
139167,0
139179,0
139194,0
139198,0
139199,0
139201,0
139213,0
139220,0
139230,0
139233,0
139237,0
139242,0
139249,0
139253,0
139256,0
139260,0
139267,0
139269,0
139277,0
139283,0
139285,0
139294,0
139298,0
139316,0
139319,0
139320,0
139322,0
139324,0
139344,1
139348,0
139351,0
139368,0
139369,0
139372,0
139377,0
139380,0
139389,0
139396,0
139398,0
139402,0
139405,0
139406,0
139420,0
139425,0
139428,0
139433,0
139435,0
139438,0
139450,0
139453,0
139461,0
139467,0
139473,0
139476,0
139486,0
139487,0
139489,0
139491,0
139494,0
139498,0
139513,0
139515,0
139518,0
139520,1
139523,0
139529,0
139538,0
139545,0
139551,0
139564,0
139567,0
139569,0
139570,0
139577,0
139580,0
139581,0
139583,0
139585,0
139589,0
139591,0
139600,0
139604,0
139606,0
139623,0
139624,0
139628,0
139639,0
139641,0
139644,0
139645,0
139650,0
139651,0
139652,0
139656,0
139665,0
139667,0
139671,0
139678,0
139680,0
139682,0
139696,0
139699,0
139704,0
139719,0
139720,0
139721,0
139734,0
139735,0
139736,0
139738,0
139739,0
139763,0
139768,0
139769,0
139770,0
139773,0
139776,0
139779,1
139781,0
139793,0
139794,0
139796,0
139799,0
139802,0
139806,0
139815,0
139816,0
139821,0
139829,0
139834,0
139844,0
139852,0
139853,0
139860,0
139867,0
139874,1
139883,0
139884,0
139885,0
139892,0
139897,0
139898,0
139904,0
139906,0
139907,0
139919,0
139924,0
139930,0
139951,0
139952,0
139964,0
139965,0
139967,0
139971,0
139982,0
139983,0
139986,1
139989,0
139993,1
140005,0
140007,0
140010,0
140012,0
140014,0
140027,0
140035,0
140038,0
140041,0
140047,0
140048,0
140049,1
140050,0
140056,0
140058,0
140062,0
140070,0
140071,0
140072,0
140073,0
140077,0
140081,0
140088,0
140089,0
140091,0
140098,0
140100,0
140101,0
140105,0
140107,0
140108,0
140115,0
140117,0
140121,0
140122,0
140125,0
140126,0
140129,0
140134,0
140136,1
140150,0
140154,0
140155,0
140158,0
140162,0
140172,0
140183,0
140185,0
140193,0
140200,0
140202,0
140208,0
140222,0
140235,0
140238,0
140239,0
140242,0
140245,0
140246,0
140251,0
140257,0
140267,0
140271,0
140273,0
140277,0
140282,0
140294,0
140295,0
140297,0
140300,0
140303,0
140305,0
140310,0
140320,0
140328,0
140338,0
140344,0
140345,0
140348,0
140353,0
140365,0
140369,0
140376,0
140378,0
140382,0
140385,0
140389,0
140391,0
140394,0
140401,0
140415,0
140417,0
140423,0
140427,0
140429,0
140432,0
140436,0
140437,0
140446,0
140455,0
140456,0
140465,1
140472,0
140475,0
140482,0
140489,0
140517,0
140523,0
140532,0
140539,0
140540,0
140547,0
140549,0
140554,0
140558,0
140563,0
140573,0
140575,0
140580,0
140586,0
140587,0
140588,0
140592,0
140599,0
140601,0
140608,0
140610,0
140611,0
140612,0
140618,1
140628,0
140634,0
140635,0
140637,0
140638,1
140644,0
140649,0
140660,0
140663,0
140666,0
140668,0
140678,0
140680,0
140684,0
140686,0
140688,0
140703,0
140719,0
140727,0
140729,0
140734,0
140735,0
140738,0
140742,0
140744,0
140765,0
140766,0
140779,1
140786,0
140791,0
140795,0
140800,0
140801,0
140802,0
140810,0
140816,0
140821,0
140823,0
140827,0
140837,0
140840,0
140841,0
140844,0
140858,0
140859,0
140860,0
140861,0
140862,0
140873,0
140876,0
140890,0
140899,0
140900,0
140905,1
140920,0
140922,0
140934,0
140935,0
140939,0
140941,0
140943,0
140951,0
140955,0
140960,0
140963,0
140969,0
140970,0
140972,0
140973,0
140987,0
140989,0
140995,0
141012,0
141017,0
141024,0
141028,0
141048,0
141054,0
141055,0
141057,0
141061,0
141063,0
141072,0
141077,0
141079,0
141087,0
141096,0
141097,0
141102,0
141105,1
141106,0
141108,0
141112,0
141113,0
141116,0
141119,0
141122,0
141123,0
141135,0
141149,0
141154,0
141156,0
141160,0
141161,0
141165,0
141168,0
141171,0
141173,0
141175,0
141180,0
141181,0
141185,0
141199,0
141203,0
141206,1
141207,0
141213,0
141214,0
141216,0
141227,0
141234,0
141237,0
141245,0
141258,0
141259,0
141281,0
141290,0
141294,0
141295,0
141301,0
141304,0
141308,0
141313,0
141314,0
141318,0
141323,0
141325,0
141329,0
141330,0
141338,0
141339,0
141345,0
141347,0
141351,0
141357,0
141359,0
141361,0
141368,0
141376,0
141392,0
141393,0
141397,0
141398,0
141403,0
141405,0
141410,0
141422,0
141429,0
141440,0
141444,0
141445,0
141447,0
141453,0
141455,0
141461,1
141469,0
141470,0
141473,0
141474,0
141479,0
141490,0
141492,0
141501,0
141507,1
141508,0
141510,0
141515,0
141517,0
141522,0
141527,0
141531,0
141534,0
141535,0
141544,0
141547,0
141555,0
141564,0
141566,0
141567,0
141568,0
141580,0
141584,0
141589,0
141591,0
141592,0
141593,0
141595,0
141598,0
141604,0
141608,0
141614,0
141616,0
141617,0
141620,0
141634,0
141636,0
141637,0
141640,0
141644,0
141647,0
141649,0
141653,0
141656,0
141665,0
141668,0
141669,0
141675,0
141680,0
141686,0
141687,0
141697,0
141699,0
141711,0
141724,1
141728,0
141729,0
141744,0
141746,0
141748,0
141757,0
141760,0
141774,0
141787,0
141799,0
141803,0
141805,0
141812,0
141827,0
141847,0
141860,0
141861,0
141864,0
141869,0
141873,0
141875,0
141879,0
141880,0
141890,0
141898,0
141904,0
141906,0
141907,0
141910,0
141917,0
141918,0
141924,0
141925,0
141927,0
141931,0
141932,0
141940,0
141941,0
141945,0
141946,0
141950,0
141956,0
141957,0
141962,0
141973,0
141979,1
141980,0
141996,0
141997,0
142000,0
142005,0
142009,0
142011,0
142016,0
142020,0
142026,0
142031,1
142032,0
142034,0
142037,0
142039,0
142040,0
142041,0
142045,1
142052,0
142053,0
142054,0
142055,0
142061,0
142063,0
142066,0
142070,0
142075,0
142093,0
142100,0
142101,0
142103,0
142104,0
142108,0
142116,0
142121,0
142126,0
142142,0
142157,0
142158,0
142177,0
142186,0
142190,0
142191,0
142192,0
142209,0
142228,0
142234,0
142235,0
142241,0
142245,0
142247,0
142249,0
142259,0
142263,0
142275,0
142277,0
142284,0
142286,0
142299,0
142304,0
142308,0
142312,0
142317,0
142319,0
142330,0
142344,0
142349,0
142352,0
142356,0
142357,0
142363,0
142367,0
142369,0
142373,0
142374,0
142390,0
142401,0
142404,0
142405,0
142409,0
142412,1
142419,0
142423,0
142426,0
142431,0
142432,0
142433,0
142443,0
142447,1
142465,0
142469,0
142477,0
142478,1
142487,0
142500,0
142512,0
142517,0
142518,0
142519,0
142526,0
142531,0
142535,0
142541,0
142544,0
142545,0
142546,0
142547,0
142555,0
142559,0
142572,0
142576,0
142590,1
142610,0
142612,0
142622,0
142624,0
142625,0
142629,0
142630,0
142631,0
142635,0
142637,0
142642,0
142648,0
142652,0
142655,0
142656,0
142662,0
142666,0
142672,0
142676,0
142681,0
142686,0
142688,0
142690,0
142691,0
142699,0
142705,0
142713,0
142719,0
142724,0
142725,0
142726,0
142736,0
142750,0
142751,0
142760,0
142766,0
142774,0
142787,0
142790,0
142791,0
142792,0
142793,0
142796,0
142812,0
142818,0
142820,0
142821,0
142824,0
142828,0
142830,0
142831,0
142834,0
142840,0
142844,0
142846,0
142854,0
142865,0
142874,0
142877,0
142878,0
142888,0
142889,0
142890,0
142901,0
142902,0
142904,0
142909,0
142911,0
142912,0
142917,0
142926,0
142936,0
142942,0
142948,0
142958,0
142960,0
142961,0
142967,0
142970,1
142977,0
142980,0
142988,0
142992,0
143004,0
143005,0
143006,0
143010,0
143016,0
143023,0
143027,0
143030,0
143034,0
143036,0
143052,0
143058,0
143061,0
143063,0
143067,0
143091,0
143094,0
143095,0
143101,0
143110,0
143126,0
143128,0
143133,1
143134,0
143137,0
143141,0
143146,0
143148,0
143152,0
143156,0
143162,0
143179,0
143198,0
143201,0
143203,0
143207,0
143215,0
143216,0
143220,0
143224,0
143227,0
143238,0
143246,0
143250,0
143251,0
143252,0
143255,0
143257,0
143259,0
143262,0
143266,0
143267,0
143268,0
143270,0
143273,0
143277,0
143281,0
143285,0
143290,0
143291,0
143292,0
143294,0
143295,0
143298,0
143299,0
143302,0
143303,0
143311,0
143317,0
143321,0
143325,0
143327,1
143328,0
143330,0
143336,0
143338,1
143349,0
143352,0
143354,0
143356,0
143358,1
143361,0
143365,0
143366,0
143372,0
143381,0
143401,0
143409,0
143417,0
143418,0
143419,0
143425,0
143430,0
143438,0
143441,0
143446,0
143448,0
143449,0
143453,0
143457,0
143458,0
143459,0
143460,0
143468,0
143470,0
143475,0
143481,0
143483,0
143487,0
143498,0
143499,0
143500,0
143501,0
143515,0
143519,0
143522,0
143523,0
143527,0
143528,0
143531,0
143532,0
143544,0
143547,0
143550,0
143558,0
143567,0
143569,0
143572,0
143573,1
143574,0
143577,0
143582,0
143583,0
143585,0
143598,0
143599,0
143600,0
143604,0
143606,0
143609,0
143610,0
143612,1
143614,0
143615,0
143624,0
143628,0
143633,0
143647,0
143662,0
143663,0
143672,0
143674,0
143676,0
143686,0
143687,0
143690,0
143693,0
143697,0
143702,0
143714,0
143721,0
143731,0
143733,0
143739,0
143742,0
143743,1
143752,0
143753,0
143754,0
143781,0
143786,0
143793,1
143794,0
143795,0
143800,0
143808,0
143814,0
143815,0
143822,0
143827,0
143828,0
143832,0
143836,0
143839,0
143858,0
143866,0
143874,0
143877,0
143878,0
143879,0
143889,0
143891,0
143892,0
143893,0
143896,1
143900,0
143902,0
143906,0
143910,0
143912,0
143914,0
143918,0
143933,0
143937,0
143939,0
143941,0
143945,0
143955,0
143961,0
143971,0
143977,0
143981,0
143983,0
143985,0
143986,0
143988,0
143992,0
144001,0
144007,0
144009,0
144017,0
144025,0
144026,0
144027,0
144029,0
144031,0
144035,0
144038,0
144044,0
144051,0
144056,0
144059,0
144066,0
144069,0
144079,0
144081,0
144083,0
144085,0
144086,0
144104,0
144106,0
144107,0
144109,0
144110,0
144119,0
144124,0
144125,0
144134,0
144138,0
144141,0
144144,0
144147,0
144149,0
144150,0
144153,0
144156,0
144162,0
144167,0
144172,0
144177,0
144200,0
144205,0
144208,0
144214,0
144216,0
144225,0
144236,0
144248,0
144251,0
144255,0
144257,0
144262,0
144263,0
144265,0
144272,0
144288,0
144292,0
144300,0
144301,1
144315,0
144325,0
144326,0
144327,0
144330,0
144331,0
144332,0
144354,0
144357,0
144365,0
144366,0
144367,0
144369,0
144372,0
144376,0
144377,0
144380,0
144384,0
144386,0
144387,0
144393,0
144395,0
144396,0
144405,0
144407,0
144412,0
144413,0
144417,0
144418,0
144426,0
144432,0
144435,0
144436,0
144437,0
144442,0
144449,0
144455,0
144460,0
144461,0
144465,0
144468,0
144473,0
144495,0
144497,0
144508,0
144526,0
144527,0
144528,0
144530,0
144540,0
144549,0
144554,0
144563,0
144569,0
144573,1
144574,0
144583,0
144587,0
144591,0
144598,0
144599,0
144602,0
144604,0
144609,0
144610,0
144619,0
144623,0
144625,0
144635,0
144637,0
144639,0
144643,0
144680,0
144681,0
144684,0
144686,0
144689,0
144690,0
144697,0
144709,0
144717,0
144719,0
144726,0
144729,0
144731,0
144761,0
144763,0
144764,0
144767,0
144770,0
144774,0
144779,0
144782,0
144787,0
144789,0
144793,0
144795,0
144796,0
144805,0
144807,0
144809,0
144815,0
144817,0
144824,0
144825,0
144830,0
144833,0
144834,0
144835,0
144851,0
144853,0
144861,0
144878,0
144879,0
144883,0
144886,0
144890,0
144899,0
144910,0
144919,0
144923,0
144925,0
144926,0
144927,0
144930,0
144932,0
144934,0
144935,0
144943,0
144947,0
144958,0
144960,0
144961,0
144963,0
144968,0
144980,0
144983,0
144986,0
144987,0
144994,0
145009,0
145010,0
145026,0
145029,0
145030,0
145035,0
145045,0
145047,0
145049,0
145051,0
145056,0
145059,0
145069,0
145074,0
145079,0
145085,0
145093,0
145097,0
145101,0
145105,0
145106,0
145120,0
145132,0
145134,0
145135,0
145138,0
145140,0
145141,0
145144,0
145146,0
145148,0
145162,0
145163,0
145164,0
145168,0
145171,0
145178,0
145179,0
145187,0
145196,0
145208,0
145209,0
145225,0
145231,0
145232,0
145240,0
145241,0
145244,0
145259,0
145265,0
145279,0
145289,0
145291,0
145292,1
145294,0
145299,0
145311,0
145314,0
145317,0
145321,0
145325,0
145334,0
145335,0
145339,0
145347,0
145348,1
145351,0
145352,0
145353,0
145362,1
145365,0
145366,0
145376,0
145377,0
145378,1
145385,0
145390,0
145399,0
145401,0
145410,0
145415,0
145418,0
145420,0
145426,0
145440,0
145466,0
145468,0
145470,0
145471,0
145472,0
145474,0
145475,0
145484,0
145485,0
145499,0
145505,0
145508,0
145511,0
145519,1
145532,0
145537,0
145538,0
145540,0
145541,0
145558,0
145568,0
145579,0
145582,0
145587,0
145588,0
145590,0
145598,0
145604,0
145615,0
145621,0
145622,0
145632,0
145633,0
145636,0
145637,0
145639,0
145661,0
145669,0
145675,0
145676,0
145680,0
145682,0
145683,0
145685,0
145693,0
145698,0
145704,0
145706,0
145717,0
145718,0
145724,1
145726,0
145727,0
145730,0
145733,0
145734,0
145738,0
145741,0
145745,0
145766,0
145767,0
145772,0
145775,0
145778,0
145780,0
145782,0
145784,0
145785,0
145794,0
145797,0
145799,0
145803,0
145804,0
145807,0
145812,0
145813,0
145819,0
145829,0
145832,0
145845,0
145847,0
145849,1
145854,0
145858,0
145865,0
145866,0
145867,0
145871,0
145877,0
145880,0
145881,0
145896,0
145901,0
145917,0
145920,0
145922,0
145926,0
145934,0
145938,0
145940,0
145943,0
145947,0
145961,0
145964,0
145965,0
145969,0
145978,0
145989,0
145994,0
145995,0
146004,0
146005,0
146006,0
146012,0
146013,0
146017,0
146018,0
146020,0
146024,0
146026,0
146034,1
146035,0
146052,0
146061,0
146066,0
146067,0
146075,0
146083,0
146090,0
146091,0
146098,0
146104,0
146107,0
146108,0
146115,0
146123,0
146132,0
146134,0
146137,0
146141,0
146147,0
146150,0
146160,0
146163,0
146167,0
146182,0
146187,0
146197,0
146202,0
146204,0
146210,0
146215,0
146222,0
146225,0
146232,0
146234,0
146235,0
146246,0
146247,0
146265,0
146273,0
146275,0
146279,0
146280,0
146282,0
146298,0
146301,0
146308,0
146311,0
146313,0
146317,0
146318,0
146323,0
146333,0
146347,0
146348,0
146355,0
146356,0
146363,0
146366,0
146368,0
146370,0
146380,0
146381,0
146394,0
146395,0
146396,0
146397,0
146399,0
146402,0
146405,0
146408,0
146420,0
146421,0
146423,1
146431,0
146432,0
146438,0
146441,0
146444,0
146448,0
146454,0
146455,0
146457,0
146468,0
146470,0
146471,0
146472,0
146473,0
146479,0
146484,0
146486,0
146488,0
146495,0
146501,0
146502,0
146509,0
146513,0
146524,0
146529,0
146544,0
146554,0
146555,0
146556,0
146569,0
146570,0
146571,0
146574,0
146579,0
146580,0
146591,0
146592,0
146596,0
146602,0
146603,0
146611,0
146624,0
146627,0
146628,0
146630,0
146634,0
146636,0
146641,0
146662,0
146663,0
146668,0
146674,0
146676,0
146678,0
146680,0
146687,0
146690,0
146696,0
146701,0
146702,0
146709,0
146719,0
146725,0
146731,0
146739,0
146741,0
146742,0
146743,0
146748,0
146750,0
146762,0
146765,0
146771,1
146781,0
146785,0
146801,0
146804,0
146807,0
146809,0
146811,0
146812,0
146821,0
146829,0
146834,0
146837,0
146841,0
146849,0
146850,0
146863,0
146867,0
146869,0
146872,0
146874,1
146875,0
146890,0
146895,0
146897,0
146902,0
146907,0
146910,0
146914,0
146922,0
146934,0
146936,0
146938,0
146941,0
146942,0
146952,0
146957,0
146963,0
146970,0
146972,0
146976,0
146985,0
146986,0
146988,0
146989,0
146997,0
146998,0
146999,0
147000,0
147011,0
147012,0
147013,0
147020,0
147021,0
147023,0
147027,0
147029,0
147037,1
147038,0
147050,0
147053,0
147057,0
147061,0
147071,0
147075,0
147077,0
147079,0
147085,0
147088,0
147103,0
147104,0
147106,0
147108,0
147110,0
147118,0
147119,0
147127,0
147131,0
147133,0
147136,0
147147,0
147148,0
147153,0
147157,0
147162,0
147174,0
147180,0
147182,0
147184,0
147189,0
147202,0
147210,0
147212,0
147216,0
147222,0
147224,0
147228,0
147232,0
147235,0
147247,0
147248,0
147249,0
147254,0
147260,0
147267,0
147272,0
147285,0
147291,0
147299,0
147308,0
147309,0
147310,0
147312,0
147317,0
147323,0
147324,0
147331,0
147334,0
147337,0
147338,0
147345,0
147350,0
147360,0
147361,0
147363,0
147364,0
147365,0
147380,0
147383,0
147403,0
147406,0
147407,0
147408,0
147409,0
147413,0
147416,0
147425,0
147426,0
147427,0
147430,0
147432,0
147436,0
147438,0
147442,0
147445,0
147452,0
147460,1
147462,0
147465,0
147473,0
147479,1
147480,0
147482,0
147485,0
147489,0
147492,0
147494,0
147520,0
147532,0
147538,0
147539,0
147555,0
147556,0
147569,0
147573,0
147574,0
147578,0
147580,1
147587,0
147589,0
147593,0
147595,0
147598,0
147604,0
147610,0
147611,0
147614,0
147623,0
147630,0
147631,0
147635,0
147639,0
147648,0
147649,0
147651,0
147655,0
147659,0
147662,0
147663,0
147671,0
147675,0
147677,1
147683,0
147685,0
147697,0
147705,0
147711,0
147722,0
147726,0
147730,0
147731,0
147733,0
147735,1
147736,0
147743,0
147758,0
147769,0
147770,0
147771,0
147779,0
147780,0
147786,0
147787,0
147788,0
147790,0
147796,0
147801,0
147803,0
147813,0
147820,0
147823,1
147831,0
147834,0
147840,0
147850,0
147852,0
147869,0
147870,0
147872,0
147874,0
147888,0
147890,0
147913,0
147921,0
147925,0
147928,0
147930,0
147931,0
147932,0
147939,0
147940,0
147945,0
147946,0
147977,0
147985,1
147998,0
148008,0
148014,0
148021,0
148022,0
148025,0
148035,0
148044,0
148050,0
148058,0
148068,0
148081,0
148092,0
148093,0
148096,0
148109,0
148111,0
148118,0
148124,0
148125,0
148127,0
148128,0
148139,0
148151,0
148161,0
148166,0
148175,0
148179,0
148183,0
148187,0
148197,0
148200,0
148204,0
148212,0
148229,0
148234,0
148237,0
148239,0
148242,0
148245,0
148249,0
148252,0
148256,0
148258,0
148259,0
148261,0
148262,0
148265,0
148266,0
148267,0
148273,0
148277,0
148278,0
148289,0
148303,0
148309,0
148316,0
148317,0
148324,1
148325,0
148340,0
148343,0
148346,0
148353,0
148368,0
148371,0
148372,0
148383,0
148386,0
148387,0
148389,0
148394,0
148397,0
148398,0
148403,0
148411,0
148413,0
148419,0
148421,0
148431,0
148433,0
148435,0
148441,1
148443,0
148447,0
148453,0
148456,0
148459,0
148461,0
148468,0
148472,0
148473,0
148474,0
148475,0
148499,0
148501,0
148511,0
148519,0
148528,0
148529,0
148537,0
148543,0
148544,0
148545,0
148546,0
148548,0
148558,0
148565,0
148576,0
148579,0
148582,0
148584,0
148587,0
148590,0
148596,0
148599,0
148601,0
148612,0
148613,0
148614,0
148619,0
148623,0
148627,0
148637,0
148638,0
148639,0
148640,0
148641,0
148646,0
148649,0
148650,0
148651,0
148652,0
148665,0
148666,0
148668,0
148670,0
148676,0
148677,0
148678,0
148679,0
148680,0
148687,0
148690,0
148694,0
148700,0
148702,0
148710,0
148721,0
148723,0
148724,0
148726,0
148727,0
148729,0
148733,0
148736,0
148740,0
148754,0
148763,0
148764,0
148768,0
148774,0
148780,0
148789,0
148795,0
148798,0
148800,0
148802,0
148805,0
148811,0
148815,0
148828,0
148837,0
148839,0
148843,0
148852,0
148856,0
148863,0
148875,0
148878,0
148880,0
148890,0
148891,0
148892,0
148893,0
148894,1
148896,0
148899,0
148901,0
148918,0
148919,0
148933,0
148943,0
148944,0
148951,0
148967,0
148968,0
148972,0
148981,0
148988,0
148989,0
148999,0
149000,0
149016,0
149017,1
149018,0
149020,0
149025,0
149035,0
149039,0
149041,0
149047,0
149050,0
149055,0
149058,0
149065,0
149066,0
149067,1
149069,0
149071,0
149081,0
149088,0
149091,0
149092,0
149095,0
149097,0
149098,0
149109,0
149111,0
149114,0
149119,0
149125,0
149131,0
149132,0
149137,0
149138,0
149141,0
149142,0
149146,0
149148,0
149149,0
149151,0
149152,0
149154,0
149157,1
149159,0
149160,0
149161,1
149167,0
149180,0
149183,0
149184,0
149186,0
149195,0
149196,0
149197,0
149199,0
149202,0
149203,0
149206,0
149217,0
149220,0
149222,0
149225,0
149229,0
149239,0
149246,1
149255,0
149261,0
149272,0
149274,0
149295,0
149296,0
149297,0
149298,0
149299,0
149309,0
149310,0
149313,0
149314,0
149316,0
149330,0
149332,0
149333,0
149335,0
149336,0
149343,0
149344,0
149352,0
149356,0
149359,0
149367,0
149374,0
149376,0
149384,0
149390,0
149391,0
149393,0
149395,0
149402,0
149407,0
149415,0
149417,0
149418,0
149419,0
149428,0
149429,1
149438,0
149448,0
149453,0
149456,0
149463,0
149465,0
149474,1
149478,0
149487,0
149492,0
149502,0
149503,0
149510,0
149511,0
149514,0
149515,0
149516,0
149518,0
149519,0
149520,0
149523,0
149524,0
149534,0
149535,0
149539,0
149543,0
149544,0
149552,0
149558,0
149559,0
149560,1
149562,0
149563,0
149566,0
149570,0
149575,0
149576,0
149578,0
149579,0
149581,0
149588,0
149591,0
149592,0
149594,0
149598,0
149601,0
149605,0
149608,0
149610,0
149614,0
149617,0
149621,0
149624,0
149625,0
149627,0
149628,0
149630,0
149631,0
149632,0
149635,0
149644,0
149649,0
149650,0
149651,0
149655,1
149663,0
149670,0
149672,0
149676,0
149680,0
149682,0
149683,0
149684,0
149686,0
149687,0
149693,0
149696,0
149701,0
149702,0
149706,0
149710,0
149717,0
149718,0
149727,0
149729,0
149735,0
149736,0
149741,0
149743,0
149752,0
149755,0
149756,0
149757,0
149758,0
149765,0
149767,0
149770,0
149773,0
149776,0
149781,0
149791,0
149797,0
149803,1
149804,0
149806,0
149807,0
149811,0
149813,0
149815,0
149820,0
149823,0
149827,0
149830,0
149832,0
149836,0
149843,0
149845,0
149850,0
149856,0
149858,0
149861,0
149864,0
149879,0
149890,0
149892,0
149896,0
149897,0
149905,0
149906,0
149914,0
149916,0
149925,0
149935,0
149937,0
149938,0
149940,0
149942,0
149945,0
149955,1
149959,0
149962,0
149964,1
149970,0
149990,0
149996,0
149999,0
150000,0
150004,0
150009,1
150012,0
150014,0
150015,0
150017,0
150022,0
150029,0
150032,0
150034,0
150044,0
150048,0
150057,0
150061,0
150064,0
150066,0
150069,0
150071,0
150076,0
150078,0
150079,0
150082,0
150089,0
150090,0
150094,0
150095,0
150100,0
150101,0
150107,0
150110,0
150113,0
150116,0
150117,0
150124,0
150126,0
150150,0
150151,0
150154,0
150158,0
150165,0
150168,0
150170,0
150171,0
150172,0
150174,0
150175,0
150178,0
150180,0
150181,0
150182,0
150184,0
150187,0
150191,0
150195,0
150198,0
150203,0
150207,0
150208,0
150210,0
150211,0
150221,0
150222,0
150223,0
150227,0
150235,0
150239,0
150240,0
150249,0
150251,0
150254,0
150256,0
150259,0
150264,0
150271,0
150274,0
150279,0
150285,0
150297,0
150304,0
150307,0
150311,0
150312,0
150318,0
150321,0
150326,0
150349,0
150352,0
150354,0
150357,0
150360,0
150366,0
150367,0
150371,0
150374,0
150382,0
150384,0
150385,0
150393,0
150395,0
150396,0
150397,0
150401,0
150403,0
150411,0
150414,0
150418,0
150422,0
150430,0
150438,0
150440,0
150449,0
150455,0
150457,0
150468,1
150472,1
150474,0
150477,0
150478,0
150480,0
150486,0
150489,0
150495,0
150512,0
150514,0
150516,0
150519,0
150525,0
150528,0
150531,0
150542,0
150545,0
150547,0
150552,0
150554,0
150556,0
150557,0
150569,0
150570,0
150575,0
150577,0
150583,0
150586,0
150591,0
150598,0
150599,0
150603,0
150606,0
150608,0
150609,0
150613,0
150614,0
150615,0
150618,0
150623,0
150625,0
150630,0
150631,0
150635,0
150644,0
150649,0
150652,0
150655,0
150668,0
150677,0
150692,0
150694,0
150699,0
150703,0
150704,0
150711,0
150716,0
150728,0
150729,0
150731,0
150738,0
150740,0
150747,0
150748,0
150754,0
150756,0
150757,0
150758,0
150769,0
150773,0
150775,0
150777,0
150779,1
150780,0
150783,0
150784,0
150790,0
150794,0
150803,0
150804,0
150812,0
150817,0
150819,0
150828,0
150838,0
150842,0
150852,0
150853,0
150858,0
150859,0
150869,0
150881,0
150884,0
150886,0
150889,0
150900,0
150906,0
150910,0
150914,0
150918,0
150930,0
150931,0
150932,0
150937,0
150938,0
150939,0
150941,0
150949,0
150952,0
150970,0
150973,0
150975,0
150976,0
150979,0
150981,0
150989,0
150991,0
150992,0
150997,1
150998,0
151002,0
151003,0
151004,0
151005,0
151023,0
151026,0
151027,0
151028,0
151029,0
151040,0
151041,0
151042,0
151044,1
151045,0
151050,0
151051,0
151060,0
151061,0
151065,0
151068,0
151081,0
151085,0
151089,0
151095,0
151099,0
151103,0
151115,0
151120,1
151122,0
151129,0
151137,0
151152,0
151154,0
151158,0
151162,0
151167,1
151175,0
151177,0
151178,0
151184,0
151190,0
151192,0
151196,0
151203,0
151204,0
151205,0
151213,0
151215,0
151217,0
151218,0
151224,0
151226,0
151227,0
151234,0
151239,0
151244,0
151245,0
151264,0
151265,0
151266,0
151270,0
151273,0
151277,0
151279,0
151281,0
151283,0
151289,0
151290,0
151292,0
151293,0
151315,0
151321,0
151330,0
151335,0
151340,0
151365,0
151371,0
151373,0
151376,0
151377,0
151378,0
151389,0
151391,0
151397,0
151399,0
151401,0
151402,0
151403,0
151405,0
151407,0
151409,0
151412,0
151417,0
151419,0
151438,0
151439,0
151440,0
151443,0
151445,0
151449,0
151456,0
151457,0
151461,0
151462,0
151476,0
151487,0
151497,0
151500,0
151509,0
151511,0
151514,0
151525,0
151531,0
151535,0
151537,0
151538,0
151540,0
151541,0
151545,0
151548,0
151554,0
151562,0
151574,0
151576,0
151579,0
151580,0
151588,0
151590,0
151592,0
151593,0
151596,0
151598,0
151601,0
151607,0
151621,0
151625,0
151636,0
151638,0
151643,0
151655,0
151664,0
151668,0
151670,0
151673,0
151674,0
151675,0
151685,0
151688,0
151692,0
151693,0
151694,0
151695,0
151701,0
151705,0
151722,0
151728,0
151729,1
151731,0
151736,0
151737,0
151741,0
151748,0
151751,0
151757,0
151758,0
151759,0
151761,0
151769,0
151775,0
151777,0
151781,1
151785,0
151786,0
151787,0
151793,0
151794,0
151801,0
151802,0
151805,0
151813,0
151814,0
151815,0
151819,0
151820,0
151821,0
151823,0
151828,0
151830,0
151835,0
151839,0
151840,0
151850,0
151851,0
151864,0
151873,0
151887,0
151892,0
151899,0
151905,0
151907,0
151913,0
151916,0
151919,0
151922,0
151924,0
151928,0
151933,0
151936,0
151939,0
151941,0
151944,0
151945,0
151962,0
151974,0
151975,0
151976,0
151977,0
151982,0
151989,0
151994,0
151997,0
152004,0
152005,0
152015,0
152022,0
152025,0
152026,0
152031,0
152034,0
152035,0
152037,0
152038,0
152043,0
152044,0
152064,0
152069,0
152070,0
152081,0
152090,0
152091,0
152092,0
152098,0
152099,0
152114,0
152134,0
152140,0
152144,0
152151,0
152155,0
152158,0
152170,0
152171,0
152175,0
152183,0
152189,0
152190,0
152211,0
152219,0
152234,0
152236,0
152237,0
152239,0
152242,0
152249,0
152250,0
152252,0
152265,0
152276,0
152282,0
152284,0
152285,0
152294,0
152297,0
152308,0
152317,0
152320,1
152321,0
152339,0
152345,0
152351,0
152359,0
152365,0
152369,0
152373,0
152374,0
152375,0
152392,0
152396,0
152397,0
152399,0
152400,0
152404,0
152411,0
152414,0
152421,0
152424,1
152427,0
152429,1
152430,0
152439,0
152457,0
152461,0
152465,1
152472,0
152475,0
152482,0
152485,0
152488,0
152490,0
152495,1
152536,0
152541,0
152542,0
152544,0
152553,0
152554,0
152560,0
152572,0
152579,1
152584,0
152586,0
152593,0
152595,0
152602,0
152606,0
152617,0
152639,0
152643,0
152646,0
152651,0
152654,0
152661,0
152665,0
152671,0
152672,0
152676,0
152680,0
152684,0
152686,0
152687,0
152709,0
152715,0
152728,0
152739,0
152744,1
152753,0
152765,0
152767,0
152776,0
152782,0
152789,1
152791,0
152795,0
152797,0
152802,1
152808,0
152810,0
152813,0
152818,0
152823,0
152824,0
152825,0
152847,0
152859,0
152861,0
152862,0
152872,0
152874,0
152875,0
152878,0
152882,0
152885,0
152887,0
152888,0
152893,0
152894,0
152896,0
152901,0
152902,0
152907,0
152918,0
152919,0
152920,0
152921,0
152932,0
152937,0
152945,0
152947,0
152954,0
152964,0
152970,0
152974,0
152979,0
152989,0
152997,0
153000,0
153002,0
153007,0
153016,0
153025,0
153027,0
153033,0
153043,0
153047,0
153058,0
153059,1
153065,0
153069,0
153075,0
153077,0
153078,0
153079,0
153080,0
153082,0
153083,0
153092,0
153095,0
153106,0
153110,0
153111,0
153119,0
153121,0
153125,0
153126,0
153134,0
153136,0
153138,0
153144,0
153145,0
153152,0
153153,0
153159,0
153170,0
153171,0
153172,0
153174,0
153191,0
153203,0
153218,0
153219,0
153220,0
153225,0
153233,0
153236,0
153238,0
153247,0
153258,0
153260,0
153271,0
153275,0
153283,0
153291,0
153293,0
153308,0
153309,0
153320,1
153322,0
153331,0
153334,0
153336,0
153338,0
153346,0
153348,0
153352,0
153353,0
153359,1
153368,1
153371,0
153372,0
153373,0
153378,0
153379,0
153382,0
153390,0
153394,0
153399,0
153402,0
153408,0
153409,0
153412,0
153414,0
153416,0
153420,0
153421,0
153422,0
153428,0
153430,0
153432,0
153438,0
153439,0
153446,0
153454,0
153463,0
153479,0
153481,0
153496,0
153502,0
153506,0
153508,0
153527,0
153528,0
153529,0
153547,0
153550,0
153554,0
153558,0
153560,0
153564,0
153565,0
153569,0
153579,0
153583,0
153584,0
153588,0
153589,0
153595,0
153596,0
153604,0
153609,0
153615,0
153622,0
153625,0
153631,0
153633,0
153643,0
153650,0
153652,0
153658,0
153669,0
153674,0
153680,0
153682,0
153686,0
153687,0
153689,0
153693,0
153695,1
153708,0
153720,0
153722,0
153723,0
153724,0
153725,0
153726,0
153729,0
153735,0
153748,0
153752,0
153757,0
153761,0
153763,0
153767,0
153774,0
153777,0
153783,0
153788,0
153793,0
153801,0
153807,0
153810,1
153812,1
153815,0
153821,0
153823,0
153825,0
153835,0
153837,0
153841,0
153844,0
153845,0
153851,0
153862,0
153868,0
153873,0
153875,0
153879,0
153881,0
153884,0
153886,0
153893,0
153898,0
153900,0
153905,0
153910,0
153913,0
153920,0
153921,0
153927,0
153932,0
153938,0
153949,0
153958,1
153965,0
153970,0
153973,0
153978,0
153980,0
153989,0
153995,0
153997,0
153999,0
154003,0
154007,0
154020,0
154047,0
154053,0
154055,0
154060,0
154061,0
154062,0
154071,0
154076,0
154079,0
154082,0
154090,0
154092,0
154099,0
154107,0
154113,0
154117,0
154119,0
154133,0
154134,0
154135,0
154138,1
154145,0
154153,0
154156,0
154158,0
154161,0
154178,0
154187,0
154192,0
154200,0
154228,0
154231,0
154232,0
154233,0
154237,0
154238,0
154241,0
154251,0
154254,0
154255,0
154256,0
154258,0
154262,0
154267,0
154273,0
154282,0
154288,0
154290,0
154299,0
154312,0
154319,0
154320,0
154324,1
154325,0
154326,0
154328,0
154330,0
154334,0
154344,0
154346,0
154350,0
154352,0
154356,0
154368,0
154371,0
154385,0
154390,0
154392,0
154393,0
154398,0
154403,0
154407,0
154411,0
154414,0
154422,0
154423,0
154427,0
154431,0
154439,0
154447,0
154451,0
154453,0
154461,0
154470,0
154472,0
154474,0
154479,0
154486,0
154492,0
154493,0
154496,0
154506,0
154507,0
154510,0
154517,0
154524,0
154527,0
154531,0
154535,0
154537,0
154539,0
154540,0
154545,0
154546,0
154548,0
154550,0
154553,0
154557,0
154565,0
154566,0
154568,0
154571,0
154574,0
154576,0
154597,0
154600,0
154602,0
154604,0
154607,1
154608,0
154611,0
154616,0
154622,0
154625,0
154628,0
154633,0
154635,0
154636,0
154637,0
154640,0
154667,0
154676,0
154678,0
154679,0
154680,0
154683,0
154687,0
154690,0
154701,0
154705,0
154706,0
154720,0
154722,0
154727,0
154730,0
154731,0
154732,0
154737,0
154739,0
154740,0
154743,0
154748,0
154750,0
154756,0
154757,0
154763,0
154764,0
154767,0
154769,0
154771,0
154773,0
154786,0
154790,0
154793,0
154794,0
154797,0
154800,0
154812,0
154822,0
154836,0
154844,0
154849,0
154852,0
154856,0
154858,0
154859,0
154862,0
154863,0
154868,0
154879,0
154883,0
154885,0
154887,0
154891,0
154893,0
154900,0
154906,0
154909,0
154921,0
154923,0
154925,1
154927,0
154928,0
154930,0
154939,0
154948,0
154950,0
154959,0
154962,0
154977,0
154982,0
155000,0
155001,0
155002,0
155013,0
155027,0
155028,0
155037,0
155049,0
155053,0
155059,0
155064,0
155067,0
155074,0
155075,0
155079,0
155081,0
155083,0
155084,0
155085,0
155091,0
155094,0
155098,0
155105,0
155114,0
155120,0
155121,0
155123,0
155136,0
155139,0
155143,0
155146,0
155151,0
155157,0
155158,0
155159,0
155162,0
155166,0
155172,0
155176,0
155184,0
155187,0
155190,0
155198,0
155205,0
155207,0
155213,0
155215,0
155217,0
155224,0
155225,0
155228,0
155231,0
155232,0
155234,0
155236,0
155237,0
155240,0
155244,0
155246,0
155250,0
155263,0
155264,1
155273,0
155280,0
155290,0
155291,1
155293,0
155299,0
155303,0
155305,0
155314,0
155316,0
155323,0
155326,0
155330,0
155343,0
155344,0
155346,1
155352,0
155365,0
155370,0
155378,0
155390,0
155402,0
155403,0
155410,0
155411,0
155426,0
155428,0
155438,0
155440,0
155442,0
155443,0
155444,0
155448,0
155450,0
155454,0
155455,0
155458,0
155460,0
155467,0
155468,0
155472,0
155481,0
155486,0
155498,0
155505,1
155517,0
155530,0
155536,1
155537,0
155543,0
155544,0
155545,0
155552,0
155555,0
155557,1
155572,0
155585,0
155586,0
155587,1
155588,0
155590,0
155591,0
155592,0
155594,0
155595,0
155597,0
155602,0
155608,1
155609,0
155612,0
155615,0
155621,0
155628,0
155633,0
155642,0
155663,0
155664,0
155674,0
155677,0
155678,0
155679,0
155688,0
155691,0
155692,0
155696,0
155700,0
155701,0
155704,0
155705,0
155710,0
155722,0
155729,0
155733,0
155740,0
155753,0
155755,0
155760,0
155764,0
155771,0
155773,0
155781,0
155784,0
155786,0
155788,0
155797,0
155806,0
155808,0
155829,0
155835,0
155843,0
155844,0
155846,0
155852,0
155860,1
155861,0
155866,0
155868,0
155871,0
155887,0
155889,0
155890,0
155894,0
155899,0
155906,0
155919,0
155932,0
155939,0
155951,0
155958,0
155961,0
155968,0
155971,0
155974,0
155984,0
155993,1
156005,0
156011,0
156015,0
156018,0
156026,0
156030,0
156035,0
156036,0
156042,1
156058,0
156061,0
156063,0
156076,0
156077,0
156078,0
156085,0
156088,0
156095,0
156096,0
156097,0
156099,0
156101,0
156109,0
156117,0
156120,0
156121,0
156124,0
156125,0
156130,0
156131,0
156135,0
156140,0
156146,0
156158,0
156159,0
156160,0
156162,0
156183,0
156186,0
156189,0
156200,0
156211,0
156218,0
156223,0
156232,0
156233,0
156236,0
156244,0
156245,0
156246,0
156256,0
156261,0
156264,0
156267,0
156269,0
156273,0
156299,0
156300,0
156303,0
156304,0
156306,0
156309,0
156312,0
156317,0
156318,0
156319,0
156325,0
156330,0
156349,0
156350,0
156353,0
156360,0
156362,0
156363,0
156374,0
156376,0
156379,0
156380,0
156381,0
156391,0
156395,0
156396,0
156402,0
156409,0
156415,0
156441,0
156452,0
156458,0
156467,0
156468,0
156470,0
156476,0
156478,0
156486,0
156487,0
156493,0
156496,0
156497,0
156509,0
156516,0
156528,0
156537,0
156548,0
156552,0
156555,0
156559,0
156571,0
156572,1
156585,0
156589,0
156590,0
156606,0
156618,0
156619,0
156622,0
156624,0
156625,0
156628,0
156629,0
156636,0
156640,0
156642,0
156645,0
156655,0
156676,0
156677,0
156681,0
156682,0
156683,0
156689,0
156697,0
156699,0
156713,0
156715,0
156721,0
156742,0
156749,0
156750,0
156755,0
156758,0
156762,0
156767,0
156779,0
156780,0
156786,0
156797,0
156801,0
156844,0
156847,0
156851,0
156853,1
156854,0
156855,0
156860,0
156879,0
156884,0
156888,0
156889,0
156894,0
156898,0
156900,0
156902,0
156903,0
156919,0
156923,0
156930,0
156934,0
156940,0
156941,0
156956,0
156958,0
156969,0
156970,0
156977,0
156978,0
156985,0
156987,0
156991,0
156993,0
157000,0
157004,0
157005,0
157008,0
157029,0
157030,0
157032,1
157035,0
157056,1
157069,0
157071,0
157076,0
157078,0
157081,0
157085,0
157089,0
157090,0
157098,0
157100,0
157103,0
157105,0
157108,0
157110,0
157112,0
157125,0
157136,0
157138,0
157142,0
157147,0
157151,0
157161,0
157163,0
157170,0
157171,0
157175,1
157179,0
157180,0
157188,0
157193,0
157208,0
157209,0
157211,0
157213,0
157219,0
157226,1
157231,0
157241,0
157243,0
157246,0
157247,0
157248,0
157250,0
157251,0
157255,0
157257,0
157262,0
157267,0
157268,0
157272,0
157273,0
157280,0
157285,0
157286,0
157291,0
157293,0
157295,0
157299,0
157316,0
157317,0
157320,0
157324,0
157326,0
157331,0
157334,0
157336,0
157338,0
157339,0
157344,0
157357,0
157359,0
157361,0
157362,0
157363,0
157366,0
157375,0
157379,0
157380,0
157381,0
157389,0
157392,0
157401,0
157406,0
157407,0
157420,0
157426,0
157427,0
157429,0
157434,0
157438,0
157439,0
157440,0
157447,0
157449,0
157452,0
157455,0
157466,0
157467,0
157468,0
157474,0
157475,0
157482,0
157493,0
157494,0
157504,0
157513,0
157522,0
157525,0
157537,0
157541,0
157545,0
157551,0
157555,0
157558,0
157565,0
157567,0
157574,0
157576,0
157582,0
157599,0
157605,0
157606,0
157616,1
157621,0
157622,0
157627,0
157629,0
157642,0
157647,0
157649,0
157650,0
157662,0
157676,0
157677,0
157683,0
157693,0
157699,0
157708,0
157719,0
157730,0
157735,0
157737,0
157744,0
157746,0
157748,0
157751,0
157753,0
157761,0
157764,0
157765,0
157766,0
157773,0
157775,0
157782,0
157786,1
157792,0
157803,1
157805,0
157806,0
157815,0
157818,0
157822,0
157828,0
157831,0
157835,0
157850,0
157851,0
157854,0
157856,0
157861,0
157864,0
157866,0
157877,0
157879,0
157880,0
157884,0
157891,0
157896,0
157899,0
157900,0
157902,0
157913,0
157919,0
157921,0
157941,0
157952,0
157956,0
157962,0
157964,0
157976,0
157977,0
157981,0
157984,0
157985,1
157986,0
157989,0
157993,0
157995,0
158004,0
158010,0
158011,0
158019,0
158020,1
158022,0
158023,0
158029,0
158037,0
158038,0
158043,0
158044,0
158050,0
158052,0
158057,0
158058,0
158060,0
158068,0
158075,0
158077,0
158081,0
158087,0
158094,0
158097,0
158110,0
158118,0
158123,0
158129,0
158135,0
158139,0
158140,0
158142,0
158147,0
158150,0
158156,0
158160,0
158172,0
158206,1
158221,0
158229,0
158230,0
158235,0
158236,0
158239,1
158240,0
158245,0
158251,0
158264,1
158266,1
158268,0
158270,0
158277,0
158278,0
158279,0
158282,0
158285,0
158290,0
158293,0
158302,0
158313,0
158314,0
158318,0
158320,0
158325,0
158331,0
158345,0
158350,0
158358,0
158367,0
158374,0
158381,0
158383,0
158385,0
158396,0
158398,0
158401,0
158402,0
158409,0
158410,0
158411,0
158415,0
158416,0
158423,0
158424,0
158430,0
158432,0
158434,0
158440,0
158451,0
158458,0
158460,0
158464,0
158465,0
158472,0
158474,0
158475,0
158477,0
158478,0
158484,0
158488,0
158489,0
158493,0
158503,0
158505,0
158519,0
158522,0
158526,0
158527,0
158530,0
158536,0
158541,0
158547,0
158550,0
158554,0
158565,0
158568,0
158577,0
158582,0
158589,0
158592,1
158595,0
158598,0
158603,0
158606,0
158612,0
158615,0
158616,0
158620,0
158621,0
158624,0
158629,0
158630,0
158633,0
158640,0
158651,0
158652,0
158662,0
158675,0
158676,0
158680,0
158683,0
158685,0
158687,0
158689,0
158695,0
158714,1
158719,0
158721,0
158724,0
158735,0
158737,0
158740,0
158757,0
158764,0
158772,0
158773,0
158775,0
158783,0
158787,1
158794,0
158799,0
158803,0
158804,0
158806,0
158807,0
158811,0
158813,1
158819,0
158820,0
158823,0
158835,0
158850,0
158851,0
158857,0
158858,0
158861,0
158864,0
158866,0
158871,0
158875,0
158881,0
158885,0
158890,0
158900,0
158902,1
158903,0
158907,0
158908,0
158910,0
158916,0
158920,1
158921,0
158922,0
158931,0
158935,0
158937,0
158938,0
158941,0
158951,0
158953,0
158955,0
158957,0
158962,0
158965,0
158967,0
158970,0
158974,0
158982,0
158990,0
158998,0
159000,0
159001,0
159009,0
159011,0
159014,0
159018,0
159022,0
159030,0
159033,0
159036,0
159037,0
159040,0
159041,0
159051,0
159053,0
159056,0
159064,0
159065,0
159067,0
159069,0
159076,0
159079,0
159091,0
159094,0
159102,0
159109,0
159111,0
159117,0
159118,0
159130,0
159139,0
159143,0
159152,0
159164,0
159166,1
159168,0
159171,0
159177,0
159178,0
159185,0
159187,0
159200,0
159212,0
159218,0
159228,0
159233,0
159237,0
159240,0
159241,0
159247,0
159248,0
159256,0
159267,0
159268,0
159273,0
159294,0
159300,0
159304,0
159309,0
159315,0
159316,0
159321,0
159324,0
159333,0
159338,0
159341,0
159342,0
159347,0
159356,0
159362,0
159365,0
159367,0
159371,0
159373,0
159374,0
159377,0
159378,0
159379,0
159381,0
159382,0
159400,0
159402,0
159406,0
159415,0
159422,0
159425,0
159434,0
159437,0
159438,0
159445,0
159447,0
159453,0
159454,0
159455,0
159460,0
159461,0
159465,0
159466,0
159468,0
159472,0
159479,0
159480,0
159481,0
159484,0
159507,0
159510,0
159515,0
159516,0
159523,0
159524,0
159528,0
159530,0
159531,0
159534,0
159537,0
159540,0
159541,0
159561,0
159563,0
159567,0
159579,0
159582,0
159591,0
159598,0
159607,0
159610,0
159611,0
159630,0
159631,0
159643,0
159654,0
159663,0
159669,0
159673,0
159679,0
159685,0
159686,0
159696,0
159698,1
159699,0
159700,0
159701,0
159702,0
159708,0
159714,0
159721,0
159728,0
159730,0
159735,0
159739,0
159740,1
159744,0
159750,0
159751,0
159762,0
159772,0
159776,0
159777,0
159779,0
159782,0
159789,0
159797,0
159798,0
159801,0
159803,0
159804,0
159807,0
159811,0
159816,0
159824,0
159828,0
159830,0
159833,0
159835,0
159838,0
159845,0
159848,0
159849,0
159871,0
159888,0
159903,0
159904,0
159907,0
159910,0
159920,0
159923,0
159929,0
159934,1
159945,0
159949,0
159965,0
159990,0
159997,0
160007,0
160008,0
160013,0
160016,1
160025,0
160030,0
160042,0
160046,0
160051,0
160056,0
160057,0
160058,0
160059,0
160060,0
160061,0
160067,0
160070,0
160076,0
160089,0
160097,0
160098,0
160100,0
160103,1
160106,0
160114,0
160116,0
160117,0
160126,0
160128,0
160134,0
160136,0
160138,0
160144,0
160145,0
160147,0
160150,0
160151,0
160162,0
160175,1
160177,0
160178,0
160184,0
160186,0
160187,0
160188,0
160190,0
160195,0
160200,0
160203,0
160204,0
160217,0
160224,0
160226,0
160228,0
160234,0
160239,0
160246,0
160252,0
160253,0
160260,0
160272,0
160282,0
160284,0
160292,0
160297,0
160308,0
160311,0
160320,0
160322,0
160323,0
160325,0
160331,0
160332,0
160333,0
160337,0
160338,0
160343,0
160344,0
160347,0
160356,0
160358,0
160363,0
160370,0
160381,1
160384,0
160408,0
160413,0
160415,0
160418,0
160421,0
160440,0
160444,0
160450,0
160453,0
160458,0
160463,0
160468,0
160473,1
160483,0
160486,0
160490,0
160497,0
160501,0
160502,0
160503,0
160508,0
160509,0
160524,0
160530,0
160533,0
160542,0
160543,0
160553,0
160556,0
160563,0
160565,0
160567,0
160571,0
160574,0
160576,0
160578,0
160579,0
160580,0
160582,0
160585,0
160603,1
160604,0
160607,0
160614,0
160618,1
160623,0
160628,0
160631,1
160635,0
160636,0
160638,0
160644,0
160645,0
160646,0
160647,0
160664,1
160668,0
160674,0
160681,0
160682,0
160683,0
160684,0
160695,0
160711,0
160721,0
160722,0
160726,0
160727,0
160738,1
160740,0
160742,0
160748,0
160752,0
160758,0
160768,0
160771,0
160775,0
160776,0
160779,0
160781,0
160783,0
160794,0
160798,0
160800,0
160805,0
160806,0
160817,0
160818,0
160819,0
160828,0
160835,0
160838,0
160848,0
160858,0
160867,0
160868,0
160870,0
160887,0
160890,0
160894,0
160912,0
160914,0
160915,0
160918,0
160928,0
160931,0
160933,0
160935,0
160936,0
160937,0
160941,0
160942,0
160955,0
160958,0
160966,0
160967,0
160969,0
160973,0
160974,0
160975,0
160976,0
160977,0
160986,0
160987,0
160991,0
160992,0
160994,0
160995,0
161003,0
161010,0
161016,0
161017,0
161019,0
161023,0
161027,0
161031,0
161033,0
161036,1
161040,0
161052,0
161088,0
161104,0
161110,0
161122,0
161126,0
161127,0
161144,0
161145,0
161158,0
161169,0
161170,0
161177,0
161181,0
161189,0
161197,0
161198,0
161199,0
161200,0
161214,0
161217,0
161219,0
161220,0
161222,0
161224,0
161226,0
161235,0
161242,0
161258,0
161263,0
161266,0
161267,0
161274,0
161276,0
161280,0
161284,0
161285,0
161289,0
161292,1
161294,0
161295,0
161298,0
161302,0
161305,0
161307,0
161308,0
161312,0
161314,0
161322,0
161325,0
161344,0
161354,0
161364,0
161366,0
161378,0
161380,0
161381,0
161385,0
161399,0
161401,0
161402,0
161403,0
161404,0
161410,0
161418,0
161422,0
161425,0
161427,1
161428,0
161431,0
161432,0
161440,0
161445,0
161453,0
161457,0
161466,0
161471,0
161474,0
161478,0
161491,0
161500,0
161504,0
161510,0
161520,0
161523,0
161525,0
161533,0
161534,0
161535,1
161537,0
161541,0
161545,0
161547,0
161552,0
161553,0
161558,0
161561,0
161563,0
161564,0
161566,0
161574,0
161576,0
161578,0
161579,0
161583,0
161587,0
161592,0
161600,0
161605,0
161609,0
161615,0
161617,0
161620,0
161623,0
161627,0
161628,0
161633,0
161636,0
161640,0
161643,0
161651,0
161654,0
161655,0
161662,0
161671,0
161674,0
161680,0
161686,0
161687,1
161690,0
161691,0
161696,0
161698,0
161702,0
161704,0
161712,0
161720,0
161733,0
161735,0
161737,0
161745,0
161753,0
161756,0
161760,0
161776,0
161783,0
161784,0
161789,0
161791,0
161800,0
161810,0
161825,0
161834,0
161836,0
161838,0
161846,0
161850,0
161854,0
161864,0
161865,0
161870,0
161876,0
161879,0
161883,0
161887,0
161889,0
161897,0
161900,0
161901,0
161910,0
161911,0
161912,0
161914,0
161917,0
161920,0
161922,0
161925,0
161926,0
161933,0
161939,0
161940,0
161944,0
161947,0
161950,0
161958,0
161968,0
161971,0
161972,0
161973,0
161983,0
161985,0
161987,0
162023,0
162024,0
162032,0
162036,0
162038,0
162039,0
162044,0
162046,0
162049,0
162053,0
162055,0
162070,0
162071,0
162072,0
162073,0
162074,0
162076,0
162079,0
162085,0
162087,0
162090,0
162091,0
162103,0
162104,0
162120,1
162123,0
162124,0
162126,0
162140,0
162143,0
162148,0
162150,0
162151,0
162154,0
162162,0
162166,0
162168,0
162169,0
162192,0
162198,0
162200,0
162215,0
162219,0
162220,0
162223,0
162228,0
162234,0
162237,0
162243,0
162244,0
162246,0
162249,0
162250,0
162253,0
162259,0
162263,0
162264,0
162267,0
162271,0
162275,0
162300,0
162303,0
162305,0
162307,0
162310,0
162315,0
162319,0
162325,0
162326,0
162328,0
162329,0
162330,0
162338,0
162343,0
162350,0
162352,0
162357,0
162358,0
162367,0
162380,0
162384,0
162394,0
162402,1
162406,0
162408,0
162412,0
162427,0
162432,0
162442,0
162448,0
162453,0
162454,0
162458,0
162459,0
162460,0
162461,0
162466,0
162467,0
162468,0
162473,0
162477,0
162483,0
162489,0
162490,0
162491,0
162495,0
162504,0
162508,0
162511,0
162523,0
162530,0
162536,0
162538,0
162543,0
162548,0
162551,0
162553,0
162555,0
162558,0
162559,0
162563,0
162569,0
162572,0
162578,0
162579,0
162581,0
162582,0
162592,0
162603,0
162615,0
162616,0
162622,0
162623,0
162641,0
162665,0
162667,0
162668,0
162669,0
162670,0
162681,0
162693,0
162695,0
162696,0
162702,0
162703,0
162704,0
162706,0
162708,0
162714,0
162720,0
162721,0
162730,0
162734,0
162736,0
162737,0
162739,0
162740,0
162746,0
162753,0
162754,0
162758,0
162760,1
162761,0
162764,0
162773,0
162778,0
162779,0
162781,0
162782,0
162786,0
162792,0
162800,0
162803,0
162805,0
162814,0
162815,0
162819,1
162822,0
162825,0
162834,0
162855,0
162861,0
162865,0
162867,0
162876,0
162879,0
162880,0
162892,0
162895,0
162904,0
162910,0
162911,0
162913,0
162915,0
162919,0
162922,0
162923,0
162929,1
162934,0
162945,0
162947,0
162956,0
162961,0
162969,0
162970,0
162978,0
162985,0
162988,0
163006,0
163008,0
163009,0
163012,0
163020,0
163021,0
163022,0
163027,0
163028,0
163035,0
163038,0
163053,0
163055,0
163068,0
163070,0
163073,0
163077,0
163078,0
163087,0
163091,0
163093,0
163106,0
163109,0
163113,0
163123,0
163126,0
163129,0
163138,0
163139,0
163145,0
163146,0
163150,0
163154,0
163163,0
163172,0
163175,0
163180,0
163181,0
163190,0
163191,0
163192,0
163200,0
163210,0
163215,0
163216,0
163228,0
163235,0
163245,0
163254,0
163255,0
163257,0
163261,0
163264,0
163269,0
163271,0
163276,0
163285,1
163295,0
163298,0
163300,0
163307,0
163313,0
163317,0
163321,0
163324,0
163328,0
163330,0
163332,0
163336,0
163341,0
163342,0
163348,0
163354,0
163360,0
163364,1
163369,0
163375,0
163379,0
163380,0
163386,0
163398,0
163404,0
163411,0
163419,0
163420,0
163422,0
163426,0
163432,0
163440,0
163441,0
163443,0
163449,0
163452,0
163455,0
163460,0
163463,0
163464,0
163468,0
163473,0
163474,0
163483,0
163484,0
163489,0
163492,0
163495,0
163499,0
163500,0
163502,0
163505,0
163510,0
163513,0
163516,0
163517,0
163519,0
163520,0
163525,0
163526,1
163536,0
163556,0
163572,0
163578,0
163580,0
163583,0
163591,0
163593,0
163596,0
163598,0
163603,0
163604,0
163607,0
163608,0
163610,0
163614,0
163629,0
163633,0
163635,0
163640,0
163648,0
163665,0
163671,0
163676,0
163679,0
163680,0
163683,1
163695,0
163702,0
163704,0
163705,0
163706,0
163717,0
163723,0
163730,0
163732,0
163734,0
163736,0
163744,0
163746,1
163751,0
163754,0
163758,0
163760,0
163761,0
163763,0
163770,0
163774,0
163778,0
163780,0
163795,0
163797,0
163798,0
163808,0
163809,0
163814,0
163823,0
163831,0
163836,0
163838,0
163840,0
163848,0
163853,0
163858,0
163859,0
163866,0
163871,0
163888,0
163890,0
163912,0
163918,0
163920,0
163921,1
163928,0
163937,0
163940,0
163946,0
163948,0
163950,0
163951,0
163954,0
163955,0
163956,0
163957,0
163960,0
163969,0
163970,0
163972,1
163987,0
163991,0
163992,0
163994,0
164000,0
164001,0
164002,1
164003,0
164010,0
164011,0
164013,0
164021,0
164022,0
164023,0
164028,0
164029,0
164030,0
164035,0
164037,0
164046,0
164048,0
164052,0
164062,0
164075,0
164076,0
164078,0
164084,0
164087,0
164088,0
164090,0
164091,0
164099,0
164100,0
164103,0
164120,0
164125,0
164137,0
164142,0
164144,0
164145,0
164148,0
164154,0
164156,0
164166,0
164170,0
164172,0
164182,0
164185,0
164192,0
164201,0
164202,0
164208,0
164209,0
164210,0
164211,0
164213,0
164220,0
164224,0
164232,0
164239,0
164240,0
164247,0
164251,0
164252,0
164257,0
164272,0
164274,0
164288,0
164296,0
164311,0
164316,0
164320,0
164321,0
164323,0
164326,0
164328,0
164333,0
164345,0
164346,0
164353,0
164358,0
164360,1
164368,0
164382,0
164385,0
164396,1
164397,0
164399,0
164405,0
164406,0
164411,0
164413,0
164414,0
164416,1
164417,0
164429,0
164452,1
164455,0
164456,0
164457,0
164462,0
164463,0
164465,0
164477,0
164484,0
164489,0
164495,0
164498,0
164500,0
164512,0
164514,0
164520,0
164522,0
164526,0
164528,0
164529,0
164531,0
164533,0
164542,0
164543,0
164550,0
164560,0
164562,0
164576,0
164577,0
164584,0
164589,0
164590,0
164595,0
164601,0
164632,0
164639,1
164648,0
164649,1
164650,0
164651,0
164653,0
164657,0
164660,0
164661,0
164667,0
164671,0
164672,0
164673,0
164676,0
164679,0
164690,0
164698,0
164704,0
164706,0
164709,0
164710,0
164712,0
164717,0
164730,0
164738,0
164759,0
164761,0
164762,0
164763,0
164771,0
164773,0
164777,0
164780,0
164781,0
164784,0
164785,0
164786,0
164790,0
164792,0
164793,0
164809,0
164810,0
164816,0
164819,0
164823,0
164844,0
164845,0
164849,0
164850,0
164852,1
164856,0
164873,0
164877,0
164888,0
164896,0
164907,0
164912,0
164915,0
164921,0
164929,0
164932,0
164934,0
164936,0
164937,0
164942,0
164943,0
164947,0
164967,0
164973,0
164981,0
164985,0
164991,0
164993,0
165000,0
165004,0
165005,0
165007,0
165017,0
165023,0
165025,0
165026,0
165035,1
165043,0
165044,0
165048,0
165051,0
165058,0
165059,0
165060,0
165064,0
165066,0
165069,0
165071,0
165074,0
165076,0
165082,0
165088,0
165089,0
165090,0
165094,0
165096,0
165098,1
165099,0
165100,0
165105,0
165110,0
165115,1
165126,0
165139,0
165145,0
165157,0
165159,0
165162,0
165165,0
165166,0
165171,0
165182,0
165185,0
165187,0
165188,0
165200,0
165201,0
165212,0
165213,0
165218,0
165224,0
165226,0
165233,0
165235,0
165236,0
165244,0
165245,0
165249,0
165254,0
165256,0
165258,0
165261,0
165263,0
165266,0
165267,1
165270,0
165275,0
165278,0
165282,0
165285,0
165290,0
165291,0
165293,0
165294,0
165295,0
165297,0
165300,0
165302,0
165308,0
165309,0
165321,0
165327,0
165328,0
165335,0
165342,0
165348,0
165355,0
165357,0
165358,0
165362,0
165365,0
165369,0
165373,0
165394,0
165395,0
165397,0
165405,0
165408,0
165412,0
165421,0
165429,0
165442,0
165444,0
165467,0
165469,0
165474,0
165475,1
165477,0
165481,1
165482,0
165490,0
165495,0
165500,0
165501,0
165503,0
165509,0
165520,0
165540,0
165541,0
165542,0
165543,0
165553,0
165555,0
165565,0
165567,0
165568,0
165569,0
165573,0
165575,0
165579,0
165580,0
165592,0
165600,0
165610,0
165612,0
165619,0
165622,0
165631,0
165632,0
165633,0
165641,0
165643,0
165654,0
165658,0
165661,0
165664,0
165666,0
165671,0
165682,0
165685,0
165688,0
165698,0
165700,0
165701,0
165702,0
165710,0
165714,0
165720,0
165728,0
165733,0
165748,0
165749,0
165755,0
165756,0
165758,0
165759,0
165763,0
165767,1
165773,0
165777,0
165780,0
165782,0
165790,0
165791,0
165801,0
165808,0
165819,0
165826,0
165827,0
165830,0
165832,0
165837,0
165847,0
165852,0
165853,0
165859,0
165867,0
165871,0
165872,0
165873,0
165880,0
165881,1
165886,0
165887,0
165889,0
165897,0
165898,0
165904,0
165911,0
165912,0
165914,0
165918,0
165922,0
165924,0
165930,0
165939,0
165949,0
165958,0
165971,0
165974,0
165981,0
165983,0
165991,0
166004,0
166016,0
166025,0
166027,0
166033,0
166050,0
166058,0
166065,0
166070,0
166079,0
166082,0
166085,0
166098,0
166102,0
166104,0
166106,0
166108,0
166121,0
166123,0
166145,0
166146,0
166155,1
166156,0
166158,0
166160,0
166163,0
166169,0
166171,0
166174,0
166175,0
166178,0
166180,0
166181,0
166184,0
166185,0
166192,0
166196,0
166197,0
166198,0
166205,0
166207,0
166212,0
166215,0
166221,0
166225,0
166226,0
166230,0
166238,0
166250,0
166261,0
166268,0
166271,0
166272,0
166275,0
166276,0
166281,0
166289,0
166293,0
166295,0
166297,0
166298,0
166300,0
166304,0
166305,0
166308,0
166309,0
166310,0
166321,0
166322,0
166323,0
166326,0
166338,0
166343,0
166347,0
166356,0
166359,0
166362,0
166365,0
166368,0
166371,0
166373,0
166379,0
166388,0
166395,1
166398,0
166403,0
166405,0
166407,0
166416,0
166422,0
166423,0
166424,0
166445,0
166450,0
166451,0
166454,0
166456,0
166458,0
166466,0
166470,0
166471,0
166472,0
166473,0
166479,0
166482,0
166486,1
166492,0
166495,0
166499,0
166501,0
166505,0
166509,0
166511,0
166512,0
166513,0
166519,0
166525,1
166532,0
166555,0
166556,0
166567,0
166569,0
166571,0
166576,0
166586,0
166588,0
166595,0
166600,0
166608,0
166609,0
166614,0
166619,0
166625,0
166627,0
166628,0
166634,0
166637,0
166642,0
166644,0
166645,0
166649,0
166651,0
166652,0
166654,0
166658,0
166662,0
166663,0
166671,0
166678,0
166682,0
166695,0
166698,0
166711,0
166724,0
166726,0
166731,0
166733,0
166774,0
166781,0
166784,0
166791,0
166796,0
166800,0
166810,0
166814,0
166822,0
166833,0
166845,0
166850,0
166865,0
166886,0
166888,0
166889,0
166898,0
166899,0
166906,0
166915,0
166919,0
166922,0
166931,0
166932,1
166939,0
166946,0
166952,0
166953,0
166960,0
166961,0
166965,0
166973,0
166975,0
166976,0
166982,1
166983,0
166993,0
166997,0
166999,0
167002,0
167005,0
167008,0
167009,0
167014,0
167024,0
167025,0
167043,0
167045,0
167047,0
167058,0
167059,0
167060,0
167061,0
167069,0
167080,0
167082,0
167088,0
167090,0
167093,0
167098,0
167099,0
167113,0
167116,0
167117,0
167126,0
167133,0
167139,0
167153,0
167154,0
167160,0
167163,0
167166,0
167169,0
167172,0
167179,0
167182,0
167189,0
167190,0
167195,0
167196,0
167209,1
167212,0
167213,0
167214,0
167219,0
167241,0
167244,0
167253,0
167261,0
167265,0
167282,0
167290,0
167297,0
167298,0
167303,0
167304,1
167310,0
167314,0
167322,0
167324,0
167326,0
167334,0
167339,0
167341,0
167343,0
167355,0
167362,0
167365,0
167366,0
167367,0
167370,0
167376,0
167384,0
167386,0
167391,0
167396,0
167404,0
167408,0
167414,0
167419,0
167427,0
167431,0
167439,0
167440,0
167473,0
167475,0
167494,0
167495,0
167497,0
167498,0
167501,0
167502,0
167504,0
167506,0
167510,0
167518,1
167519,0
167527,1
167528,0
167535,0
167536,0
167547,0
167548,0
167550,0
167554,0
167558,0
167561,0
167565,0
167568,0
167573,0
167580,0
167582,0
167584,0
167586,1
167588,0
167594,1
167602,0
167620,0
167625,0
167632,0
167635,0
167636,0
167640,0
167642,0
167643,0
167644,0
167649,0
167650,0
167652,0
167654,0
167659,0
167663,0
167669,0
167670,0
167676,0
167697,0
167701,0
167703,0
167709,0
167710,0
167711,0
167718,0
167721,0
167724,0
167727,0
167728,0
167733,0
167737,1
167744,1
167755,0
167766,0
167772,0
167774,0
167795,0
167799,0
167804,0
167805,0
167806,0
167808,0
167814,0
167816,0
167817,0
167818,0
167819,0
167820,0
167823,0
167832,0
167835,0
167837,0
167847,0
167856,0
167863,0
167865,0
167875,0
167879,0
167880,0
167884,0
167885,0
167890,0
167893,0
167900,0
167901,0
167918,0
167924,0
167927,0
167933,0
167936,0
167938,0
167939,0
167947,0
167951,0
167954,0
167964,0
167965,0
167980,0
167984,0
167987,1
167993,0
168004,0
168008,0
168010,0
168017,0
168021,0
168025,0
168039,0
168041,0
168047,0
168051,0
168058,0
168066,0
168069,0
168070,0
168072,0
168075,1
168086,0
168090,1
168103,0
168106,0
168120,0
168121,0
168134,0
168137,0
168147,0
168149,0
168157,0
168174,0
168192,0
168197,0
168215,1
168218,0
168224,0
168227,0
168228,0
168235,0
168241,0
168242,0
168246,0
168251,0
168254,0
168258,1
168266,0
168267,0
168272,0
168276,0
168281,0
168289,0
168291,0
168294,0
168297,0
168298,0
168301,0
168302,0
168303,0
168313,0
168315,0
168316,0
168329,0
168330,0
168338,0
168339,1
168344,0
168347,0
168358,0
168363,0
168375,0
168380,0
168389,0
168391,0
168394,0
168395,0
168396,0
168399,1
168405,0
168408,0
168427,0
168428,0
168435,0
168436,0
168443,0
168446,0
168447,0
168448,0
168453,0
168455,0
168456,0
168463,0
168475,0
168476,0
168486,0
168490,0
168494,0
168495,0
168497,0
168498,0
168500,0
168505,0
168507,0
168520,0
168529,0
168533,0
168538,0
168550,0
168556,0
168557,0
168568,0
168573,0
168579,0
168581,0
168582,0
168586,0
168595,0
168597,0
168598,0
168603,0
168606,0
168611,0
168623,0
168625,0
168631,0
168636,0
168637,0
168638,0
168648,0
168659,0
168661,0
168664,0
168677,0
168678,0
168684,0
168687,0
168688,0
168691,1
168693,0
168696,0
168698,0
168705,0
168706,0
168707,0
168717,0
168718,0
168723,0
168724,0
168725,0
168726,0
168730,0
168741,0
168751,0
168771,0
168776,0
168782,0
168795,0
168808,0
168838,0
168844,0
168846,0
168847,0
168848,0
168851,0
168857,0
168859,0
168863,0
168864,0
168871,0
168874,0
168878,0
168885,0
168895,0
168900,0
168905,0
168907,0
168911,0
168919,0
168920,0
168922,0
168927,0
168942,0
168948,0
168951,0
168956,0
168959,0
168962,0
168966,0
168970,0
168983,0
168992,0
168993,0
168994,0
168996,0
169000,0
169003,0
169016,0
169024,0
169028,0
169030,0
169032,0
169040,0
169044,0
169045,0
169058,0
169065,0
169071,0
169072,0
169076,0
169080,0
169081,0
169087,0
169092,0
169102,0
169104,0
169111,0
169115,0
169117,0
169123,0
169132,0
169138,0
169139,0
169153,0
169160,0
169163,0
169174,0
169177,0
169178,0
169179,0
169198,0
169200,0
169205,0
169209,0
169213,0
169227,0
169229,0
169233,0
169239,0
169250,0
169251,0
169256,0
169260,0
169261,0
169264,0
169271,1
169272,0
169273,0
169278,0
169281,0
169282,0
169295,0
169302,0
169307,0
169313,0
169314,0
169317,0
169321,0
169322,0
169324,0
169325,0
169331,0
169333,0
169336,0
169339,0
169340,0
169342,0
169348,0
169353,0
169371,0
169373,0
169377,0
169379,0
169382,1
169389,0
169394,0
169399,0
169401,0
169404,0
169406,0
169414,0
169418,0
169435,0
169437,0
169442,0
169449,0
169462,0
169465,0
169469,0
169476,0
169478,0
169484,0
169485,0
169494,1
169497,0
169500,0
169508,0
169513,0
169514,0
169516,0
169522,0
169525,0
169534,1
169535,0
169541,0
169542,0
169544,0
169561,0
169563,0
169586,0
169592,0
169610,0
169623,0
169626,0
169635,0
169636,0
169643,0
169645,0
169649,0
169650,0
169653,0
169656,0
169659,0
169662,0
169668,0
169672,0
169676,0
169695,0
169702,0
169705,1
169715,0
169720,0
169730,0
169734,0
169740,0
169750,0
169771,0
169778,0
169781,0
169788,0
169791,0
169792,0
169810,0
169819,0
169823,0
169826,0
169829,1
169834,0
169845,0
169847,0
169854,0
169860,0
169880,0
169882,0
169892,0
169893,0
169896,0
169898,0
169901,0
169902,0
169904,0
169920,1
169922,1
169928,0
169934,0
169948,0
169951,0
169952,0
169954,0
169957,0
169959,0
169973,0
169982,0
169984,0
169991,0
169997,0
170000,0
170008,0
170009,0
170017,0
170018,0
170040,0
170044,0
170045,0
170051,0
170063,0
170079,0
170090,0
170092,0
170097,0
170098,0
170101,0
170102,0
170107,0
170113,0
170122,0
170124,0
170132,0
170133,0
170135,0
170140,1
170148,0
170163,0
170166,0
170167,0
170168,0
170171,0
170175,0
170182,0
170187,0
170188,0
170197,0
170201,0
170202,0
170203,0
170209,0
170215,0
170217,1
170218,0
170224,0
170230,0
170249,0
170262,0
170264,0
170273,0
170288,0
170290,0
170292,0
170305,0
170306,0
170307,0
170309,0
170312,0
170313,0
170314,0
170318,0
170320,0
170323,0
170333,0
170340,0
170343,0
170350,0
170358,0
170368,0
170380,0
170382,0
170386,0
170390,0
170391,0
170392,0
170393,0
170402,0
170410,0
170412,0
170417,0
170418,0
170420,0
170428,1
170433,0
170434,0
170436,0
170441,0
170442,0
170470,0
170471,0
170484,0
170497,0
170500,0
170509,0
170518,0
170523,0
170524,0
170537,0
170541,0
170547,0
170548,0
170549,1
170552,0
170562,0
170568,0
170571,0
170573,0
170579,0
170589,0
170600,1
170611,0
170615,1
170617,0
170634,0
170639,0
170640,0
170648,0
170675,0
170692,0
170694,0
170705,0
170709,0
170713,0
170718,0
170719,0
170743,0
170756,0
170757,0
170761,0
170763,0
170764,0
170766,0
170769,0
170776,0
170785,0
170793,0
170795,0
170799,0
170800,0
170808,0
170811,0
170814,0
170820,1
170823,0
170824,0
170825,0
170831,0
170832,0
170835,0
170838,0
170844,0
170854,0
170893,0
170894,0
170897,0
170898,0
170899,0
170908,0
170934,0
170935,0
170936,0
170943,0
170944,0
170956,0
170957,0
170973,0
170984,0
170988,0
170990,0
171003,0
171004,0
171007,0
171011,0
171016,0
171029,0
171034,0
171035,0
171049,0
171053,0
171054,0
171055,0
171073,0
171088,0
171098,0
171099,0
171106,0
171115,0
171132,0
171139,1
171140,0
171141,0
171146,0
171152,0
171153,1
171163,0
171167,0
171169,0
171170,0
171173,0
171177,0
171186,0
171191,0
171200,0
171203,0
171204,0
171210,0
171215,0
171216,0
171219,0
171220,0
171225,0
171229,0
171243,0
171247,0
171250,0
171252,0
171261,0
171264,0
171273,0
171275,0
171281,0
171282,0
171283,0
171290,0
171292,0
171293,0
171303,1
171304,0
171306,0
171311,0
171316,0
171335,0
171350,0
171351,0
171362,0
171363,0
171366,0
171370,0
171371,0
171381,0
171384,0
171385,0
171387,0
171390,0
171391,0
171394,0
171395,0
171400,0
171408,0
171409,0
171413,0
171421,0
171425,0
171428,0
171430,0
171432,0
171438,0
171439,0
171444,1
171449,0
171450,0
171454,0
171456,0
171457,0
171462,0
171464,0
171471,0
171477,0
171480,0
171484,0
171488,0
171489,0
171494,0
171499,0
171500,0
171502,0
171506,0
171507,0
171513,0
171525,0
171526,0
171539,0
171542,0
171543,0
171545,0
171550,0
171552,0
171555,0
171558,0
171562,1
171570,0
171573,0
171580,0
171582,0
171583,0
171584,0
171591,0
171599,0
171606,0
171607,0
171608,0
171615,0
171620,0
171624,0
171627,0
171628,0
171642,1
171643,0
171655,0
171660,0
171662,0
171663,0
171664,0
171665,0
171669,0
171676,0
171680,0
171682,0
171684,0
171687,0
171694,0
171701,0
171703,0
171704,0
171709,0
171722,0
171725,0
171729,0
171737,0
171744,0
171748,0
171750,0
171758,0
171777,0
171781,0
171783,0
171794,0
171795,0
171796,0
171800,0
171813,0
171816,0
171823,0
171827,0
171830,0
171835,0
171836,0
171837,0
171838,0
171851,0
171852,0
171856,0
171869,0
171870,0
171871,0
171872,0
171874,0
171875,0
171877,0
171878,0
171887,0
171894,0
171896,0
171901,0
171910,0
171919,0
171924,0
171926,1
171940,0
171946,0
171947,0
171948,0
171950,0
171960,0
171962,0
171964,0
171965,0
171975,0
171978,0
171991,0
171994,0
171996,0
172000,0
172008,0
172016,0
172018,0
172019,0
172031,0
172038,0
172039,0
172050,0
172056,0
172060,0
172074,0
172077,0
172081,0
172084,0
172093,0
172097,0
172115,0
172120,0
172125,0
172128,0
172132,0
172136,0
172138,0
172149,0
172150,0
172168,0
172170,0
172172,0
172176,0
172184,0
172189,0
172197,0
172206,0
172209,0
172212,0
172217,0
172220,0
172223,0
172233,0
172235,0
172248,0
172255,0
172259,0
172262,0
172266,0
172274,0
172275,0
172277,0
172282,0
172284,0
172291,0
172294,0
172301,0
172302,0
172312,1
172322,1
172326,0
172332,0
172349,0
172351,0
172352,0
172353,0
172355,0
172366,0
172368,0
172373,0
172388,0
172391,0
172403,0
172420,0
172421,0
172423,0
172425,0
172429,0
172434,0
172437,0
172444,0
172452,0
172453,0
172454,0
172456,0
172463,0
172467,0
172468,0
172476,0
172481,0
172486,0
172501,0
172503,0
172507,0
172511,0
172513,0
172518,0
172524,0
172525,0
172532,0
172536,0
172544,0
172548,0
172553,0
172556,0
172562,0
172571,0
172573,0
172590,0
172598,0
172601,0
172615,0
172616,0
172628,0
172629,0
172635,1
172643,0
172644,0
172652,0
172653,0
172666,0
172671,0
172676,0
172682,0
172683,0
172687,0
172692,0
172709,0
172713,0
172714,0
172715,0
172724,0
172727,0
172728,0
172735,0
172739,0
172740,0
172745,0
172760,0
172763,0
172770,0
172777,1
172791,0
172796,0
172807,0
172819,0
172820,0
172821,0
172822,0
172824,0
172828,0
172830,0
172844,1
172848,0
172849,0
172854,0
172859,0
172866,0
172869,0
172873,0
172874,0
172880,0
172885,1
172887,0
172890,0
172899,0
172917,0
172918,0
172922,0
172927,0
172931,0
172937,0
172939,0
172944,0
172950,0
172952,0
172953,0
172956,0
172957,0
172959,0
172965,0
172966,0
172975,0
172982,0
172985,0
172989,0
172992,0
173000,0
173008,0
173014,0
173016,0
173018,0
173021,0
173028,0
173029,0
173030,0
173035,0
173036,0
173044,0
173047,0
173053,0
173054,0
173057,0
173061,0
173067,0
173073,0
173076,0
173077,0
173086,0
173088,0
173090,0
173097,0
173101,0
173104,0
173105,0
173106,0
173107,0
173110,0
173112,0
173114,1
173122,0
173126,0
173128,0
173137,1
173138,0
173145,0
173147,0
173153,0
173160,0
173165,0
173166,0
173169,0
173170,0
173173,0
173175,0
173182,0
173183,0
173184,0
173197,0
173199,0
173211,0
173217,0
173222,0
173226,0
173236,0
173239,0
173242,0
173246,0
173247,0
173251,0
173252,0
173257,0
173268,0
173276,0
173277,0
173286,0
173287,0
173294,0
173299,0
173300,0
173301,0
173303,0
173319,0
173320,0
173328,1
173330,0
173334,0
173339,0
173348,0
173353,0
173357,0
173366,0
173368,0
173374,0
173381,0
173386,0
173393,0
173402,0
173413,1
173418,0
173424,0
173427,0
173440,0
173442,1
173449,0
173459,0
173465,0
173469,0
173472,0
173475,0
173476,0
173477,0
173478,0
173480,0
173486,0
173487,0
173491,0
173492,0
173496,0
173509,0
173518,0
173519,0
173520,0
173524,1
173529,0
173530,0
173531,0
173533,0
173541,0
173542,0
173546,0
173549,0
173557,0
173572,0
173574,0
173588,0
173591,0
173598,0
173599,0
173600,0
173609,0
173616,0
173630,0
173635,0
173638,0
173640,0
173649,0
173652,0
173653,0
173668,0
173670,0
173680,0
173683,0
173689,0
173694,0
173695,0
173707,0
173709,0
173715,0
173718,0
173722,0
173724,0
173728,0
173731,0
173737,0
173741,0
173743,0
173751,0
173754,0
173763,0
173765,0
173771,0
173780,0
173787,0
173792,0
173804,0
173809,1
173812,0
173816,0
173817,0
173826,0
173829,0
173841,1
173853,0
173854,0
173861,0
173867,0
173868,0
173883,0
173888,0
173893,0
173894,0
173896,0
173900,0
173901,0
173904,0
173908,0
173911,0
173912,0
173914,0
173917,0
173918,0
173919,0
173920,0
173936,0
173937,0
173940,0
173942,0
173944,0
173946,0
173948,0
173950,0
173974,0
173988,0
173991,0
173998,0
174012,0
174015,0
174025,0
174028,0
174042,0
174046,0
174047,0
174050,0
174061,1
174067,0
174078,0
174085,1
174086,0
174090,0
174094,0
174095,1
174097,0
174102,0
174110,0
174113,0
174114,0
174119,0
174129,0
174130,0
174132,0
174136,0
174137,0
174148,0
174164,0
174167,0
174176,0
174177,0
174181,0
174189,0
174192,0
174202,0
174211,0
174212,0
174213,0
174216,0
174220,0
174221,0
174228,0
174234,1
174238,0
174245,0
174253,0
174256,0
174257,0
174258,0
174261,0
174263,0
174274,0
174276,0
174277,0
174281,0
174284,0
174289,0
174290,1
174291,0
174303,0
174311,0
174313,0
174317,0
174319,0
174321,0
174324,0
174330,0
174338,0
174339,0
174350,0
174353,0
174375,0
174376,0
174380,0
174386,0
174388,0
174390,0
174394,0
174403,0
174419,0
174439,0
174447,0
174448,0
174452,0
174455,0
174462,0
174466,0
174469,0
174481,0
174483,0
174485,0
174489,0
174490,0
174492,0
174493,0
174497,0
174498,0
174499,0
174508,0
174509,0
174510,0
174522,0
174523,0
174527,0
174528,0
174545,0
174553,0
174557,0
174558,0
174561,0
174562,0
174569,0
174570,0
174576,0
174579,0
174586,0
174587,0
174592,0
174593,0
174594,0
174600,0
174602,0
174614,0
174619,0
174620,0
174627,0
174633,0
174634,0
174640,0
174650,0
174651,0
174654,0
174655,0
174662,0
174663,1
174665,0
174672,0
174674,0
174681,0
174682,0
174691,0
174693,0
174700,0
174706,0
174713,0
174716,0
174723,0
174725,0
174729,0
174739,0
174740,0
174744,0
174750,0
174760,0
174764,0
174765,0
174778,0
174779,0
174783,0
174786,0
174788,0
174792,0
174798,0
174805,0
174812,0
174825,0
174832,1
174834,0
174851,0
174857,0
174858,0
174859,0
174864,0
174866,0
174875,0
174878,0
174882,0
174884,0
174887,0
174888,0
174898,0
174900,0
174901,0
174903,0
174905,0
174906,0
174909,0
174913,0
174916,0
174917,0
174920,1
174933,0
174947,1
174951,0
174961,0
174973,1
174975,0
174977,0
174997,0
175005,0
175011,0
175013,0
175014,0
175026,0
175027,0
175028,0
175034,0
175038,0
175040,0
175042,0
175051,0
175053,0
175054,0
175056,0
175060,0
175061,0
175065,0
175067,0
175068,0
175073,0
175079,0
175104,0
175116,0
175121,0
175130,0
175135,0
175142,0
175147,0
175148,0
175160,0
175164,0
175170,0
175171,0
175176,0
175182,0
175192,0
175205,0
175206,0
175210,0
175214,0
175220,0
175225,0
175229,0
175230,0
175233,0
175235,0
175238,0
175240,0
175248,0
175253,0
175257,0
175260,1
175268,0
175278,0
175289,0
175293,0
175298,1
175306,0
175307,0
175308,0
175310,0
175312,0
175317,0
175318,0
175321,0
175324,0
175326,0
175327,0
175328,0
175341,0
175346,0
175374,0
175376,0
175377,1
175378,0
175380,0
175392,0
175394,0
175400,0
175401,0
175407,0
175408,0
175409,0
175411,0
175413,0
175414,0
175417,0
175419,0
175420,0
175422,0
175430,0
175441,0
175447,0
175449,0
175450,0
175453,0
175468,0
175470,0
175476,0
175481,0
175482,0
175483,0
175486,0
175495,0
175499,0
175508,0
175511,0
175512,0
175517,0
175521,0
175522,0
175523,0
175533,0
175536,0
175573,0
175589,0
175592,0
175596,0
175599,0
175602,0
175604,0
175605,0
175608,0
175616,0
175630,0
175631,0
175633,0
175643,0
175645,0
175648,0
175654,0
175662,0
175667,0
175669,0
175680,0
175682,0
175685,0
175688,0
175693,0
175711,0
175718,0
175722,0
175723,0
175724,0
175726,0
175733,0
175746,0
175748,0
175754,0
175759,0
175761,0
175762,0
175770,0
175773,0
175785,0
175791,0
175793,0
175795,0
175796,0
175804,0
175809,0
175824,0
175832,0
175838,0
175839,0
175851,0
175861,0
175870,0
175876,0
175888,0
175894,0
175900,0
175906,0
175910,0
175912,0
175915,0
175935,0
175939,0
175940,0
175941,0
175960,0
175961,0
175974,0
175980,0
175981,0
175982,0
175987,0
175992,0
176001,0
176006,0
176015,0
176047,0
176058,0
176063,0
176064,0
176069,0
176075,0
176084,0
176087,0
176089,0
176090,0
176094,0
176098,0
176102,0
176108,0
176109,0
176111,0
176112,0
176115,0
176116,0
176127,0
176131,0
176135,0
176137,0
176139,0
176142,0
176157,0
176166,0
176169,0
176171,1
176177,0
176179,0
176182,0
176183,0
176191,0
176199,0
176201,0
176204,0
176208,0
176211,0
176228,0
176239,0
176244,0
176251,0
176256,0
176262,0
176272,0
176273,0
176278,0
176281,0
176283,0
176291,0
176295,0
176297,0
176306,0
176309,0
176310,0
176318,0
176326,0
176327,0
176329,0
176332,0
176350,0
176351,0
176353,0
176367,0
176368,0
176371,0
176374,0
176378,0
176383,0
176387,0
176389,0
176391,0
176393,1
176396,0
176401,0
176417,0
176418,0
176422,0
176423,0
176435,0
176464,0
176466,0
176471,0
176473,0
176477,0
176486,0
176497,0
176500,0
176506,0
176515,0
176517,0
176521,0
176523,0
176528,0
176540,0
176541,0
176546,0
176547,0
176554,0
176562,0
176563,0
176572,0
176577,0
176578,1
176587,0
176588,0
176596,0
176598,0
176606,0
176612,0
176616,0
176617,0
176618,0
176630,0
176634,1
176635,0
176640,0
176646,0
176648,0
176649,0
176650,0
176651,0
176653,0
176661,0
176663,0
176675,0
176683,0
176684,0
176685,0
176689,0
176694,0
176699,0
176700,0
176706,0
176710,0
176717,0
176721,0
176728,0
176730,0
176734,0
176735,0
176749,0
176752,0
176763,0
176782,0
176787,0
176788,0
176798,0
176802,0
176806,0
176809,0
176811,0
176812,0
176813,0
176817,0
176822,0
176823,0
176824,0
176831,0
176834,0
176845,0
176851,0
176853,0
176855,0
176873,0
176879,1
176899,0
176906,0
176912,0
176917,0
176921,0
176925,1
176926,0
176927,0
176932,0
176933,0
176938,0
176941,0
176943,0
176950,0
176953,0
176958,0
176959,0
176967,0
176968,0
176988,0
176992,0
176998,0
177007,0
177009,0
177014,0
177015,0
177025,0
177029,0
177033,0
177037,0
177041,0
177049,0
177052,0
177053,0
177056,0
177057,0
177060,0
177063,0
177072,0
177075,0
177089,0
177090,0
177095,0
177097,0
177100,0
177108,0
177123,0
177124,0
177125,0
177132,0
177135,0
177136,0
177138,0
177141,0
177148,0
177156,0
177158,0
177159,0
177162,0
177163,0
177165,0
177167,0
177172,0
177174,0
177192,0
177193,0
177197,0
177199,0
177203,0
177207,0
177211,0
177216,0
177224,0
177247,0
177260,0
177264,0
177278,0
177280,0
177285,0
177287,0
177289,0
177290,0
177300,1
177304,0
177307,0
177308,1
177311,0
177312,0
177314,0
177315,0
177318,0
177343,0
177350,0
177355,0
177356,0
177357,0
177363,0
177366,0
177367,0
177368,0
177369,0
177370,0
177378,0
177379,0
177384,0
177386,0
177387,0
177389,0
177395,0
177423,0
177433,0
177439,0
177448,0
177450,0
177451,0
177453,0
177454,0
177464,0
177465,0
177488,0
177497,0
177506,0
177518,0
177519,0
177535,0
177539,0
177546,0
177547,0
177563,0
177569,0
177571,0
177575,1
177576,1
177585,0
177586,0
177596,0
177615,0
177623,0
177625,0
177633,0
177641,0
177644,0
177657,0
177661,0
177662,0
177672,0
177691,0
177693,0
177697,0
177704,0
177710,0
177716,0
177720,0
177731,0
177734,0
177739,0
177749,0
177760,0
177772,0
177778,0
177782,0
177792,0
177796,0
177798,0
177800,0
177803,0
177808,0
177810,0
177814,0
177841,0
177843,0
177844,0
177847,0
177849,0
177850,0
177856,0
177860,0
177861,0
177864,0
177869,0
177871,0
177885,0
177886,0
177891,0
177898,0
177899,0
177902,0
177903,0
177909,0
177921,0
177936,0
177940,0
177948,0
177955,0
177959,0
177966,0
177991,0
178002,0
178016,0
178019,0
178031,0
178035,0
178039,0
178050,0
178052,0
178063,0
178065,0
178067,0
178069,0
178072,0
178073,0
178076,0
178080,0
178088,0
178094,0
178098,0
178099,0
178104,0
178110,0
178112,0
178126,0
178131,0
178132,0
178142,0
178143,1
178152,0
178153,0
178154,0
178157,0
178160,0
178168,0
178171,0
178176,0
178178,0
178197,0
178198,0
178203,0
178209,0
178210,0
178212,0
178213,0
178219,0
178223,1
178226,0
178240,0
178243,0
178253,0
178260,0
178262,0
178266,0
178270,0
178271,0
178274,0
178279,0
178281,0
178286,0
178300,0
178303,0
178308,0
178316,0
178318,0
178322,0
178323,0
178324,0
178326,0
178342,0
178346,0
178355,0
178358,0
178360,0
178364,0
178366,0
178367,0
178370,0
178391,0
178399,0
178410,1
178419,1
178424,0
178433,0
178437,0
178440,0
178445,0
178446,0
178448,0
178460,0
178470,0
178490,0
178492,1
178497,0
178501,0
178506,0
178512,0
178518,0
178531,0
178538,0
178554,0
178559,0
178560,1
178565,0
178566,0
178571,0
178572,0
178574,0
178575,0
178576,0
178580,0
178589,0
178596,0
178603,0
178605,0
178610,0
178614,0
178622,0
178625,0
178633,0
178645,0
178647,0
178655,0
178659,0
178665,0
178674,0
178677,0
178678,0
178680,0
178690,0
178692,0
178694,0
178704,0
178709,0
178710,0
178714,0
178720,0
178728,0
178729,0
178734,0
178736,0
178738,0
178739,0
178740,0
178750,0
178756,0
178759,0
178769,0
178774,0
178776,0
178781,0
178784,0
178790,0
178797,0
178806,0
178810,0
178839,0
178843,0
178849,0
178858,0
178866,0
178867,0
178875,0
178877,0
178891,0
178895,0
178903,0
178908,0
178916,0
178917,0
178918,1
178919,0
178920,0
178922,0
178923,0
178927,0
178931,0
178932,0
178937,0
178941,0
178950,0
178952,0
178957,0
178958,0
178959,0
178960,0
178964,0
178969,0
178982,0
179000,0
179008,1
179009,0
179011,0
179017,0
179028,0
179030,0
179039,0
179052,0
179058,0
179061,0
179069,0
179070,0
179084,0
179085,0
179092,0
179095,1
179097,0
179102,0
179107,0
179112,0
179116,0
179117,0
179119,0
179125,0
179135,0
179137,1
179151,0
179153,0
179162,0
179178,1
179185,1
179188,0
179190,0
179199,0
179208,0
179209,0
179210,0
179211,0
179216,0
179232,0
179236,0
179248,0
179261,0
179265,0
179269,0
179278,0
179280,0
179281,0
179282,0
179285,0
179297,0
179303,0
179309,0
179310,0
179316,0
179318,0
179322,0
179333,0
179341,0
179353,0
179363,0
179364,0
179370,0
179373,0
179374,0
179388,0
179390,0
179391,0
179394,0
179402,0
179405,0
179413,0
179415,0
179420,0
179433,0
179442,0
179446,0
179450,0
179457,0
179468,0
179474,0
179487,0
179492,0
179495,0
179502,0
179508,0
179517,0
179518,0
179525,0
179530,0
179533,0
179551,0
179555,0
179570,0
179577,0
179578,0
179585,0
179595,0
179604,0
179605,1
179617,0
179620,0
179622,0
179626,0
179627,0
179641,0
179642,0
179644,0
179658,0
179676,0
179678,0
179682,0
179693,0
179697,0
179698,0
179704,0
179706,0
179707,0
179708,1
179712,0
179714,0
179715,0
179716,0
179718,0
179719,0
179737,0
179747,0
179749,0
179757,0
179767,0
179771,0
179778,0
179780,0
179782,0
179788,0
179797,0
179801,0
179806,0
179807,0
179825,0
179832,0
179833,0
179844,1
179850,0
179852,0
179860,0
179876,0
179878,0
179899,0
179906,0
179918,0
179919,0
179924,0
179929,0
179931,0
179940,0
179944,0
179955,0
179956,0
179962,0
179963,0
179974,0
179977,0
179991,0
179993,0
179995,0
180004,0
180010,0
180014,0
180015,0
180021,0
180024,0
180025,0
180033,0
180042,0
180043,0
180049,0
180050,0
180056,0
180057,0
180063,0
180067,0
180072,0
180087,0
180098,0
180101,0
180104,0
180106,0
180110,0
180114,0
180115,0
180116,0
180117,0
180119,0
180135,0
180142,0
180144,1
180151,0
180156,1
180159,0
180160,0
180168,0
180174,1
180175,0
180188,0
180190,0
180191,0
180192,0
180195,0
180198,0
180201,0
180203,0
180204,0
180209,0
180211,0
180213,0
180225,0
180226,0
180228,0
180231,0
180232,0
180234,0
180236,0
180238,0
180242,0
180251,0
180255,1
180264,0
180267,0
180269,0
180281,0
180282,0
180286,0
180295,0
180299,0
180304,0
180308,0
180321,0
180324,0
180341,0
180342,0
180343,0
180351,0
180356,0
180357,0
180359,0
180363,1
180365,0
180380,0
180382,0
180389,0
180394,0
180396,0
180400,0
180409,0
180412,0
180421,0
180426,0
180428,0
180432,0
180437,0
180442,0
180444,0
180446,0
180452,0
180453,0
180454,0
180455,0
180463,0
180466,0
180467,0
180468,0
180481,0
180486,0
180488,0
180491,0
180503,0
180507,0
180510,0
180514,0
180542,1
180544,0
180546,0
180550,0
180560,0
180571,0
180575,0
180585,0
180594,0
180595,0
180598,0
180606,0
180611,0
180618,0
180620,0
180622,0
180631,0
180638,0
180639,0
180653,0
180655,0
180660,1
180665,0
180666,0
180679,0
180681,0
180686,0
180687,0
180688,1
180694,0
180700,0
180702,0
180709,0
180714,0
180720,0
180723,0
180728,0
180731,0
180732,0
180739,0
180751,0
180757,0
180762,0
180772,0
180773,0
180774,0
180778,0
180779,0
180783,0
180785,0
180787,0
180790,0
180791,0
180798,0
180803,0
180812,0
180824,0
180826,0
180830,0
180833,0
180838,0
180844,0
180850,0
180851,0
180873,0
180877,0
180878,0
180898,0
180900,0
180905,0
180911,0
180912,0
180917,0
180922,0
180925,0
180929,0
180942,0
180943,0
180949,0
180951,0
180956,0
180957,0
180962,0
180968,0
180969,0
180973,0
180981,0
180986,0
180987,0
180995,0
181007,0
181012,1
181013,0
181022,0
181023,0
181025,0
181034,0
181038,0
181044,0
181049,0
181052,0
181060,0
181077,0
181088,0
181092,0
181093,0
181094,0
181101,0
181102,0
181104,0
181109,0
181119,0
181136,0
181142,0
181143,0
181144,0
181149,0
181152,0
181155,0
181156,0
181165,0
181167,0
181172,0
181174,0
181175,0
181180,0
181192,0
181203,0
181204,0
181207,1
181208,0
181215,0
181217,0
181221,0
181230,0
181244,0
181245,0
181249,0
181250,0
181256,0
181257,0
181276,0
181277,0
181280,0
181288,0
181289,0
181290,0
181291,0
181300,0
181316,0
181328,0
181329,0
181333,0
181336,0
181339,0
181341,0
181348,0
181355,0
181359,0
181360,0
181365,0
181366,0
181370,0
181374,0
181383,0
181388,0
181389,0
181390,0
181393,0
181395,0
181401,0
181402,1
181403,0
181404,0
181415,0
181428,0
181432,0
181433,0
181450,0
181456,0
181458,0
181467,0
181476,0
181481,0
181505,0
181506,0
181512,0
181513,0
181517,0
181540,0
181545,0
181550,1
181552,0
181554,0
181557,0
181561,0
181563,0
181565,0
181568,0
181569,0
181570,0
181581,0
181583,0
181585,0
181589,0
181592,0
181604,0
181611,0
181617,0
181618,0
181619,0
181632,0
181637,0
181642,0
181643,0
181645,0
181649,0
181651,0
181655,0
181662,0
181669,0
181682,0
181685,0
181687,0
181688,0
181692,0
181697,0
181702,0
181703,0
181723,0
181725,0
181731,0
181738,0
181742,0
181743,1
181746,0
181759,0
181761,0
181762,0
181766,0
181768,0
181769,0
181770,0
181773,0
181775,0
181776,0
181790,0
181792,0
181794,0
181810,1
181811,0
181814,0
181822,0
181824,0
181833,0
181836,0
181841,0
181844,0
181850,0
181870,0
181873,0
181874,0
181875,0
181881,0
181883,0
181888,0
181906,0
181907,0
181909,0
181921,0
181925,0
181929,0
181935,0
181939,0
181940,0
181944,0
181949,0
181953,0
181954,0
181961,0
181965,0
181970,1
181973,0
181977,0
181980,0
181988,0
181995,0
182002,0
182006,0
182027,0
182036,0
182039,0
182057,0
182065,0
182086,0
182088,0
182092,0
182096,0
182097,0
182104,0
182109,0
182116,0
182117,0
182119,0
182120,0
182126,0
182129,0
182130,0
182136,0
182138,0
182139,0
182142,0
182152,0
182160,0
182167,0
182169,0
182199,0
182223,0
182233,0
182234,0
182236,0
182237,0
182248,1
182254,0
182262,0
182285,0
182287,0
182290,0
182293,0
182294,0
182296,0
182301,0
182305,0
182310,0
182313,0
182325,0
182339,0
182342,0
182344,0
182345,0
182356,0
182357,0
182361,0
182372,0
182380,0
182385,0
182390,0
182396,0
182401,0
182404,0
182411,0
182415,0
182417,0
182426,0
182428,0
182430,0
182450,0
182452,0
182456,0
182460,0
182463,0
182464,0
182466,0
182467,0
182468,0
182470,1
182471,0
182473,0
182476,0
182477,0
182478,0
182479,0
182483,0
182485,0
182486,0
182493,0
182494,0
182495,0
182500,0
182502,0
182504,0
182507,0
182510,0
182511,0
182519,0
182527,0
182532,0
182534,0
182553,0
182554,0
182557,0
182558,0
182582,0
182586,0
182589,0
182590,0
182603,0
182605,1
182606,0
182608,0
182610,0
182611,0
182613,0
182624,0
182625,0
182628,0
182632,0
182634,0
182637,0
182661,0
182664,0
182668,0
182670,0
182671,0
182675,0
182681,0
182684,0
182699,0
182703,0
182704,0
182708,0
182709,0
182712,0
182713,1
182721,0
182724,0
182725,0
182727,0
182732,0
182736,0
182741,0
182743,0
182745,0
182748,1
182750,0
182760,0
182764,0
182765,0
182766,0
182770,0
182777,1
182781,0
182786,0
182796,0
182797,0
182808,0
182813,0
182831,0
182836,0
182839,0
182840,0
182841,0
182842,0
182844,0
182853,0
182855,1
182864,0
182867,0
182876,0
182887,0
182890,0
182897,0
182900,0
182901,0
182904,0
182906,1
182907,1
182908,0
182911,0
182918,0
182923,0
182928,0
182931,0
182934,0
182939,0
182948,0
182949,0
182954,0
182957,0
182958,0
182960,0
182964,0
182969,0
182984,0
182988,0
183002,0
183004,0
183006,0
183009,0
183015,0
183030,0
183038,0
183039,0
183047,0
183054,0
183061,0
183062,0
183063,0
183078,1
183085,0
183087,1
183090,0
183102,0
183104,0
183106,0
183113,0
183127,0
183129,0
183136,0
183142,0
183145,0
183146,0
183148,1
183153,0
183155,0
183157,0
183159,0
183163,0
183165,0
183167,0
183177,0
183182,0
183187,0
183195,0
183199,0
183203,0
183210,0
183217,0
183218,0
183236,0
183242,0
183243,0
183246,0
183254,0
183268,0
183272,0
183274,0
183277,0
183283,0
183290,0
183298,0
183306,0
183317,0
183318,0
183320,0
183332,0
183353,0
183357,0
183370,0
183375,0
183377,0
183381,0
183383,0
183385,0
183409,0
183418,0
183419,0
183436,0
183450,0
183451,0
183452,0
183454,0
183456,0
183458,0
183464,0
183468,0
183469,0
183477,0
183481,0
183496,0
183498,0
183499,0
183507,0
183515,0
183519,0
183527,0
183528,0
183534,0
183535,0
183539,0
183542,0
183545,0
183547,0
183548,0
183549,0
183551,0
183552,0
183555,0
183556,0
183558,0
183572,0
183573,0
183577,0
183581,0
183582,0
183583,0
183584,0
183588,0
183589,0
183593,0
183595,0
183598,0
183600,0
183602,0
183603,0
183606,0
183608,0
183610,0
183611,0
183616,0
183621,0
183627,0
183629,0
183631,0
183642,0
183649,0
183651,0
183655,0
183662,0
183663,0
183665,0
183667,0
183668,0
183669,0
183680,0
183689,0
183692,0
183699,0
183709,0
183712,0
183715,0
183728,0
183749,0
183754,0
183758,0
183761,0
183764,0
183766,0
183783,0
183793,0
183797,0
183808,0
183813,0
183815,0
183817,0
183823,0
183824,0
183827,0
183831,0
183838,0
183842,0
183845,0
183851,0
183858,0
183863,0
183870,0
183872,0
183877,0
183884,0
183892,0
183894,0
183896,0
183907,0
183910,0
183915,0
183922,0
183926,0
183927,0
183928,0
183929,0
183930,0
183937,0
183942,0
183949,0
183956,0
183960,0
183962,0
183973,0
183981,0
183984,0
184000,0
184004,0
184009,0
184010,0
184011,0
184012,0
184016,0
184020,0
184025,0
184028,0
184029,0
184030,0
184043,0
184052,0
184067,0
184077,0
184082,0
184096,0
184108,0
184110,0
184113,0
184117,0
184122,0
184123,0
184145,0
184148,0
184153,0
184161,0
184163,0
184176,0
184192,0
184217,0
184218,0
184219,0
184222,0
184223,0
184230,0
184232,0
184234,0
184238,0
184240,0
184241,0
184243,0
184247,0
184255,0
184256,0
184257,0
184262,0
184263,0
184265,0
184266,0
184272,0
184274,0
184276,0
184280,0
184288,0
184290,0
184297,0
184303,0
184307,0
184309,0
184317,0
184318,0
184323,1
184327,0
184328,0
184332,0
184335,0
184341,0
184343,1
184344,0
184358,0
184362,0
184365,0
184372,0
184375,0
184379,0
184385,0
184401,0
184402,0
184405,0
184406,0
184413,0
184420,0
184429,0
184430,0
184434,0
184436,0
184437,0
184443,0
184446,0
184449,0
184454,0
184465,0
184470,0
184473,0
184481,0
184482,0
184484,0
184489,0
184503,0
184504,0
184506,0
184510,0
184513,0
184514,0
184515,0
184544,0
184554,0
184555,0
184559,0
184561,0
184565,0
184571,0
184578,0
184590,0
184591,0
184595,0
184599,0
184600,0
184608,0
184612,0
184617,0
184625,0
184627,0
184628,0
184637,0
184642,0
184646,0
184651,0
184657,0
184660,0
184662,0
184670,0
184690,0
184695,0
184698,0
184702,0
184703,0
184708,0
184709,0
184712,0
184714,0
184715,0
184720,0
184724,0
184741,0
184742,0
184754,0
184762,0
184764,0
184767,0
184778,0
184799,0
184801,0
184805,0
184808,0
184809,0
184816,1
184821,0
184822,0
184823,0
184826,0
184836,0
184839,0
184842,0
184845,0
184860,0
184869,0
184873,0
184879,0
184880,0
184883,0
184888,0
184890,0
184893,0
184897,0
184898,0
184899,0
184901,0
184904,0
184916,0
184923,0
184929,0
184942,0
184946,0
184949,0
184956,0
184957,0
184965,0
184968,0
184983,0
184984,0
184986,0
184987,0
185009,0
185010,0
185014,1
185017,0
185018,0
185026,0
185028,0
185039,1
185043,0
185047,0
185049,0
185050,0
185055,0
185063,1
185065,0
185070,0
185072,0
185073,0
185077,0
185078,0
185079,0
185084,0
185087,0
185090,0
185094,0
185095,0
185096,0
185100,0
185102,0
185106,0
185108,0
185110,0
185112,0
185125,0
185133,0
185136,0
185140,0
185141,0
185144,0
185149,0
185159,0
185167,0
185169,0
185188,0
185189,0
185192,0
185193,1
185199,0
185200,0
185207,0
185216,0
185220,0
185224,0
185229,0
185234,0
185235,0
185237,0
185240,1
185241,0
185245,0
185253,0
185256,0
185258,1
185268,0
185270,0
185272,0
185277,0
185297,0
185306,0
185309,0
185310,1
185318,0
185330,0
185334,0
185342,0
185344,0
185355,0
185364,0
185370,0
185372,0
185378,0
185379,0
185380,0
185404,0
185406,0
185409,0
185412,0
185415,0
185416,0
185417,0
185422,1
185427,0
185428,0
185429,0
185443,0
185451,0
185457,0
185461,0
185465,0
185473,0
185475,0
185477,0
185478,0
185479,0
185483,0
185486,0
185489,0
185494,0
185496,0
185498,0
185499,0
185505,0
185507,0
185511,0
185515,0
185524,0
185526,0
185527,0
185537,0
185539,0
185543,0
185546,0
185548,0
185554,0
185556,0
185558,0
185563,0
185568,0
185578,0
185587,0
185593,0
185598,1
185600,0
185602,0
185604,1
185605,0
185615,0
185623,0
185643,0
185644,0
185647,1
185651,0
185654,0
185655,0
185657,0
185666,0
185667,0
185669,0
185678,0
185679,0
185687,0
185695,0
185701,0
185704,0
185705,0
185725,0
185730,0
185742,0
185748,0
185750,0
185751,0
185752,0
185755,0
185763,1
185766,0
185770,0
185774,0
185777,0
185788,0
185790,0
185794,0
185795,0
185800,0
185803,0
185809,1
185812,0
185816,0
185828,0
185830,0
185831,1
185838,0
185839,0
185843,0
185844,0
185845,0
185848,0
185850,0
185853,0
185862,1
185867,0
185871,0
185874,0
185876,0
185897,0
185902,0
185906,0
185914,0
185918,0
185919,0
185920,0
185922,0
185925,0
185928,0
185930,0
185949,0
185954,0
185976,0
185977,0
185978,0
185979,0
185986,0
185991,0
185994,0
185996,0
185998,0
186001,0
186002,0
186005,0
186006,0
186008,0
186013,0
186015,0
186016,0
186024,0
186039,0
186040,0
186048,0
186052,0
186057,0
186060,0
186068,0
186071,0
186078,0
186081,0
186082,0
186087,0
186088,0
186090,0
186095,0
186097,0
186099,0
186106,0
186109,1
186111,0
186114,0
186117,0
186118,0
186130,0
186138,0
186156,0
186158,0
186164,0
186165,0
186175,0
186181,0
186191,0
186195,0
186199,0
186205,0
186209,1
186217,0
186222,0
186225,1
186230,0
186236,0
186243,0
186248,0
186254,0
186258,0
186259,0
186262,0
186265,0
186268,0
186274,0
186276,0
186278,0
186292,0
186302,0
186313,0
186314,0
186316,0
186317,0
186319,0
186320,0
186322,0
186324,0
186326,0
186335,0
186337,0
186340,0
186345,0
186352,0
186355,0
186359,0
186365,0
186366,0
186367,0
186368,0
186376,0
186378,0
186385,0
186389,0
186392,0
186397,0
186400,0
186415,0
186422,0
186423,0
186427,0
186429,0
186431,0
186441,0
186442,0
186446,0
186447,0
186448,0
186460,0
186463,0
186470,0
186476,0
186478,0
186481,0
186482,0
186484,0
186492,0
186502,0
186504,0
186517,0
186518,0
186519,0
186527,0
186528,1
186530,0
186533,0
186536,0
186542,1
186545,0
186555,1
186561,0
186567,0
186572,0
186574,0
186576,0
186589,0
186590,0
186592,0
186595,0
186596,0
186600,0
186617,0
186618,0
186626,0
186629,0
186633,0
186639,0
186648,0
186651,0
186678,0
186679,0
186684,0
186688,0
186691,0
186693,0
186694,0
186695,0
186710,0
186711,0
186717,0
186718,0
186725,0
186736,0
186738,0
186739,0
186745,0
186749,0
186751,0
186759,1
186768,0
186770,0
186771,0
186772,0
186792,1
186800,0
186803,0
186804,0
186807,0
186809,0
186814,0
186815,0
186817,1
186820,1
186824,0
186827,0
186833,0
186834,0
186839,0
186843,0
186845,0
186847,0
186862,0
186865,0
186870,0
186874,0
186875,0
186893,0
186895,0
186901,0
186902,0
186904,0
186905,0
186914,0
186920,0
186928,0
186944,0
186947,0
186953,0
186955,0
186957,1
186959,0
186963,0
186965,0
186967,0
186974,0
186976,0
186977,0
186981,0
186994,0
187010,1
187012,0
187017,0
187018,0
187022,0
187024,0
187025,0
187027,0
187029,0
187035,0
187038,0
187046,0
187055,0
187057,0
187060,0
187063,0
187067,0
187068,0
187085,1
187086,0
187090,0
187094,0
187097,0
187099,0
187101,0
187113,0
187115,0
187118,0
187119,0
187120,0
187124,0
187141,1
187144,0
187145,0
187159,0
187160,0
187168,0
187169,0
187180,0
187188,0
187200,0
187204,0
187205,0
187209,0
187213,0
187216,0
187219,0
187224,0
187225,0
187236,0
187240,0
187241,0
187242,0
187254,0
187260,0
187267,0
187276,0
187278,0
187293,0
187296,0
187300,0
187303,0
187308,0
187315,0
187326,0
187338,0
187344,0
187345,0
187352,0
187354,0
187366,0
187368,0
187379,1
187388,0
187404,0
187408,0
187417,0
187424,0
187431,0
187432,0
187437,0
187440,0
187442,0
187445,0
187446,0
187448,0
187449,0
187452,0
187462,0
187466,0
187469,0
187477,0
187483,0
187484,0
187491,0
187500,0
187502,0
187511,1
187514,0
187515,0
187520,0
187529,0
187534,0
187535,0
187537,0
187539,0
187541,0
187549,0
187551,0
187560,0
187564,0
187576,0
187577,0
187579,0
187582,0
187583,1
187584,0
187588,0
187589,0
187594,0
187597,0
187601,0
187608,0
187609,0
187614,0
187617,0
187620,0
187623,0
187633,0
187641,0
187642,0
187646,0
187653,0
187658,0
187674,0
187684,0
187688,0
187694,0
187695,0
187696,0
187706,0
187707,0
187711,0
187713,0
187718,0
187720,0
187722,1
187724,1
187725,0
187734,0
187736,0
187740,0
187742,0
187744,0
187749,0
187750,0
187754,0
187755,0
187765,0
187766,0
187768,0
187775,1
187777,0
187785,0
187800,0
187803,0
187821,0
187827,0
187829,0
187830,0
187833,0
187845,0
187846,0
187850,0
187856,0
187861,0
187864,0
187876,0
187882,0
187885,0
187887,0
187889,0
187892,0
187909,0
187912,0
187920,0
187923,0
187924,0
187926,0
187930,0
187932,0
187934,0
187937,1
187938,0
187940,0
187944,0
187946,0
187955,0
187960,0
187971,0
187973,0
187976,1
187977,0
187979,0
187982,0
187983,0
187985,0
187988,0
187994,0
187999,0
188006,0
188008,0
188011,0
188012,0
188016,0
188023,0
188031,0
188039,0
188043,0
188063,0
188066,0
188070,0
188078,0
188082,0
188085,0
188101,0
188102,1
188103,0
188106,0
188109,0
188111,0
188113,1
188114,1
188117,0
188121,0
188123,0
188130,0
188133,0
188137,0
188138,0
188140,0
188144,0
188146,0
188157,0
188168,0
188169,0
188177,0
188181,0
188183,0
188189,1
188194,0
188196,0
188198,0
188199,0
188205,0
188220,0
188222,0
188225,0
188228,0
188231,0
188232,0
188238,0
188251,0
188252,0
188254,0
188256,0
188265,1
188267,0
188269,0
188271,0
188299,0
188300,0
188301,0
188304,0
188309,0
188311,0
188322,0
188327,0
188332,0
188334,0
188340,0
188353,0
188359,0
188361,0
188369,0
188373,0
188376,0
188388,0
188390,0
188409,0
188415,0
188418,0
188421,0
188427,0
188428,0
188429,0
188438,0
188444,0
188447,1
188456,0
188459,0
188462,0
188464,0
188465,0
188467,0
188469,0
188476,0
188480,0
188483,0
188484,0
188488,0
188498,0
188503,0
188505,0
188507,0
188510,0
188523,0
188536,0
188542,0
188554,0
188561,0
188562,0
188568,0
188593,0
188613,0
188614,0
188615,0
188628,0
188629,0
188632,0
188637,0
188642,0
188649,0
188653,0
188661,0
188668,0
188681,0
188682,0
188690,0
188692,0
188703,0
188705,0
188713,0
188714,0
188719,0
188735,0
188751,0
188752,0
188755,0
188756,0
188760,0
188767,0
188774,0
188775,0
188779,0
188782,0
188784,0
188795,0
188800,0
188803,0
188805,0
188808,0
188811,0
188817,0
188822,0
188832,0
188833,0
188836,0
188837,0
188838,0
188841,0
188845,0
188852,0
188853,0
188860,0
188863,0
188865,0
188869,0
188872,0
188874,0
188882,0
188883,0
188894,0
188897,0
188903,0
188904,0
188906,0
188908,0
188911,0
188917,0
188921,0
188926,0
188928,0
188934,0
188936,0
188945,0
188950,0
188963,0
188966,0
188972,0
188973,0
188977,0
188979,0
188980,0
188987,0
188989,0
188990,0
188992,0
188993,0
188997,0
189006,0
189010,0
189013,0
189017,0
189022,0
189025,0
189027,0
189029,0
189033,0
189037,0
189045,0
189047,0
189050,0
189055,0
189067,0
189072,0
189074,0
189085,0
189103,0
189106,0
189109,0
189119,0
189127,0
189129,0
189132,0
189135,0
189136,0
189141,0
189142,0
189148,0
189151,0
189167,0
189175,0
189176,0
189179,0
189188,0
189208,0
189214,0
189217,0
189222,0
189223,0
189224,0
189240,0
189241,0
189242,0
189246,0
189249,0
189252,0
189253,0
189255,0
189260,0
189281,0
189289,0
189293,0
189295,0
189301,0
189303,0
189324,0
189333,1
189335,0
189342,0
189346,0
189347,0
189353,0
189356,0
189360,0
189361,0
189364,0
189376,0
189379,0
189383,0
189387,0
189399,0
189429,0
189443,0
189448,0
189452,0
189454,0
189456,0
189463,0
189466,0
189469,0
189474,0
189482,0
189489,1
189490,0
189501,0
189502,0
189513,0
189514,0
189525,0
189527,0
189540,0
189541,0
189545,0
189547,0
189551,0
189552,0
189571,0
189572,1
189577,0
189578,0
189579,0
189585,0
189586,0
189591,0
189594,0
189599,0
189605,0
189612,0
189617,0
189620,0
189624,0
189631,0
189636,1
189645,0
189659,0
189663,0
189664,0
189665,0
189666,0
189667,0
189671,0
189683,0
189689,0
189701,0
189702,0
189709,0
189710,0
189712,0
189715,0
189718,0
189723,0
189728,0
189729,1
189741,0
189749,0
189756,0
189758,0
189763,0
189767,0
189772,0
189773,0
189782,0
189783,0
189784,0
189788,0
189792,0
189793,0
189797,0
189802,0
189807,0
189813,0
189816,0
189820,0
189826,0
189831,0
189833,0
189840,0
189843,0
189845,0
189846,0
189847,1
189850,0
189851,0
189853,0
189857,0
189868,0
189869,0
189874,0
189876,0
189884,0
189885,0
189887,0
189889,0
189897,0
189902,0
189904,0
189905,0
189919,0
189920,0
189923,0
189936,0
189939,0
189940,0
189941,0
189956,0
189958,0
189962,0
189963,0
189969,0
189975,0
189988,0
189992,0
189993,0
189994,0
189997,0
189998,0
190004,0
190009,0
190011,0
190012,0
190027,0
190029,0
190038,1
190040,0
190042,0
190045,0
190059,0
190067,0
190069,0
190074,0
190077,0
190097,0
190098,0
190104,0
190106,0
190108,0
190110,0
190111,0
190113,0
190115,0
190136,0
190144,0
190145,0
190150,0
190154,0
190163,0
190181,0
190183,0
190198,0
190199,0
190204,0
190207,0
190211,0
190224,0
190229,0
190230,0
190234,0
190245,0
190250,0
190251,1
190258,0
190265,0
190270,0
190273,0
190274,0
190282,0
190287,0
190295,0
190297,0
190304,0
190308,0
190319,0
190320,0
190327,0
190331,0
190332,0
190337,0
190342,0
190343,0
190346,0
190348,0
190350,0
190353,0
190359,0
190361,0
190362,0
190368,0
190373,1
190374,0
190379,0
190387,0
190390,0
190391,0
190393,0
190398,0
190399,0
190401,0
190403,0
190408,0
190415,0
190418,0
190444,0
190449,0
190455,0
190457,0
190459,0
190462,0
190470,0
190477,0
190478,0
190488,0
190489,1
190495,0
190503,0
190504,0
190512,0
190524,0
190529,0
190534,1
190535,0
190536,0
190549,0
190551,0
190573,0
190585,0
190589,0
190596,0
190600,0
190603,0
190613,0
190614,0
190625,0
190628,0
190629,0
190637,0
190639,0
190649,0
190650,0
190658,0
190665,0
190668,0
190673,0
190676,0
190685,0
190696,0
190702,0
190715,0
190716,0
190721,0
190722,0
190725,0
190730,0
190735,0
190742,0
190745,0
190746,0
190749,0
190757,0
190758,0
190766,0
190771,0
190772,0
190773,0
190788,0
190792,0
190795,0
190798,0
190799,0
190806,0
190810,0
190840,0
190843,0
190851,0
190853,0
190866,1
190870,0
190873,0
190880,0
190893,0
190895,0
190911,0
190914,0
190918,0
190923,0
190926,0
190927,0
190929,0
190937,0
190943,0
190966,0
190969,0
190971,0
190974,0
190984,0
190988,0
190992,0
190993,0
190997,0
191002,0
191003,0
191005,0
191007,0
191010,0
191025,0
191026,0
191028,0
191030,1
191031,0
191033,0
191058,0
191059,0
191061,0
191066,0
191069,0
191077,1
191080,0
191082,0
191085,0
191088,0
191089,0
191090,0
191092,0
191104,0
191110,0
191113,0
191120,0
191124,0
191138,0
191144,0
191146,0
191156,1
191157,0
191160,0
191164,0
191171,0
191173,0
191175,0
191183,0
191188,1
191192,0
191197,0
191198,0
191208,0
191217,0
191221,0
191230,0
191239,0
191242,0
191248,0
191257,0
191262,0
191273,0
191286,0
191287,0
191299,0
191303,0
191306,0
191312,0
191314,0
191320,0
191324,0
191326,1
191330,0
191342,0
191359,0
191361,0
191365,0
191381,0
191384,0
191396,0
191400,0
191401,0
191406,0
191408,0
191415,0
191417,0
191419,0
191420,0
191421,0
191424,0
191427,0
191432,0
191445,0
191455,0
191456,0
191457,0
191459,0
191469,0
191472,0
191481,0
191484,0
191485,1
191486,0
191488,0
191490,0
191498,0
191500,0
191509,0
191511,0
191518,0
191520,0
191528,0
191531,0
191535,0
191539,0
191541,0
191544,0
191553,0
191568,0
191570,0
191577,0
191578,0
191583,0
191584,0
191594,0
191595,0
191597,0
191599,0
191602,0
191604,0
191610,0
191611,0
191614,0
191616,0
191624,0
191628,0
191637,0
191644,0
191645,0
191648,0
191649,0
191650,0
191652,0
191654,0
191663,0
191665,0
191667,0
191669,0
191671,0
191680,0
191681,0
191684,0
191703,0
191704,0
191705,0
191706,0
191717,0
191720,0
191721,0
191738,0
191740,0
191749,0
191759,0
191760,0
191761,0
191772,0
191779,0
191784,0
191791,0
191794,0
191799,0
191800,0
191807,0
191810,0
191817,0
191832,0
191835,0
191839,0
191845,0
191859,0
191868,1
191869,0
191871,0
191873,0
191877,0
191878,0
191883,0
191887,1
191890,0
191903,0
191905,0
191914,0
191919,0
191923,0
191938,0
191939,0
191942,0
191946,0
191947,0
191950,0
191959,0
191967,0
191975,0
191976,0
191981,0
191984,1
191993,0
191995,1
191997,0
192010,0
192012,0
192017,0
192033,0
192035,0
192046,0
192047,0
192049,0
192052,0
192059,0
192060,0
192066,0
192076,1
192079,0
192080,0
192081,0
192088,0
192089,0
192094,0
192101,0
192102,0
192106,0
192113,0
192115,0
192116,0
192120,0
192124,0
192125,0
192127,0
192132,0
192134,0
192135,0
192138,0
192145,0
192155,0
192160,0
192205,0
192215,0
192226,0
192231,1
192234,0
192239,0
192251,0
192253,0
192259,0
192261,0
192268,0
192273,0
192275,0
192276,0
192279,0
192281,0
192284,0
192291,0
192298,0
192307,0
192308,0
192310,0
192317,0
192321,0
192326,0
192327,0
192329,0
192330,0
192333,0
192339,0
192347,0
192353,0
192357,0
192363,0
192364,0
192367,0
192370,0
192373,0
192376,0
192377,0
192379,0
192389,0
192394,1
192399,0
192401,0
192422,0
192424,0
192428,0
192443,0
192455,0
192458,0
192459,0
192462,0
192463,0
192479,0
192481,0
192483,0
192490,0
192496,0
192502,0
192515,0
192527,0
192529,0
192551,0
192563,0
192564,0
192572,0
192583,0
192592,0
192593,0
192602,0
192606,0
192620,0
192636,1
192648,0
192655,0
192660,0
192665,0
192667,0
192672,0
192676,0
192679,0
192680,0
192685,0
192688,0
192691,0
192706,0
192715,0
192718,0
192725,0
192740,0
192743,0
192748,0
192749,0
192751,0
192758,0
192762,0
192763,0
192774,0
192777,0
192789,0
192796,0
192801,1
192811,0
192814,0
192816,0
192829,0
192831,0
192836,0
192843,0
192845,0
192846,0
192847,0
192848,0
192851,0
192856,0
192858,0
192862,0
192868,0
192879,1
192881,0
192890,0
192892,0
192898,0
192900,0
192902,0
192903,0
192905,0
192914,0
192916,0
192917,0
192926,0
192930,0
192933,0
192937,0
192941,0
192943,0
192946,0
192947,0
192960,0
192967,0
192968,0
192981,0
192990,0
192997,0
193003,0
193015,0
193016,0
193017,0
193019,0
193021,0
193033,0
193036,0
193042,0
193044,0
193047,0
193050,0
193056,0
193057,0
193064,0
193071,0
193078,0
193085,0
193091,0
193104,0
193107,0
193116,0
193119,0
193121,0
193127,0
193133,0
193137,0
193141,0
193145,0
193146,0
193149,0
193155,0
193169,0
193171,0
193176,0
193179,0
193190,0
193209,0
193210,0
193211,0
193212,0
193213,0
193230,0
193241,0
193244,0
193245,0
193260,0
193263,0
193266,0
193269,0
193272,0
193273,0
193277,0
193281,0
193284,0
193286,0
193296,0
193302,0
193307,0
193318,1
193334,0
193335,0
193336,0
193340,0
193341,0
193344,0
193346,0
193354,0
193356,0
193360,0
193368,0
193372,0
193391,0
193393,0
193398,0
193401,0
193405,0
193410,0
193417,0
193422,0
193425,0
193429,0
193430,0
193441,0
193443,0
193447,0
193455,0
193456,0
193461,0
193466,0
193467,0
193471,0
193482,1
193493,0
193496,0
193500,0
193509,1
193515,0
193519,0
193530,0
193534,0
193538,0
193543,0
193545,0
193552,0
193555,0
193556,1
193561,0
193564,0
193565,0
193574,0
193576,0
193578,0
193579,0
193580,0
193581,0
193590,0
193591,0
193607,0
193608,0
193609,0
193611,0
193613,0
193617,0
193620,0
193627,0
193629,0
193630,0
193631,0
193638,0
193643,0
193649,0
193653,0
193668,0
193673,0
193676,0
193678,0
193679,0
193686,0
193690,0
193692,0
193696,0
193697,0
193704,0
193709,0
193723,0
193731,0
193732,0
193738,0
193740,0
193743,0
193751,0
193752,0
193756,0
193767,0
193770,0
193771,0
193775,0
193776,0
193782,0
193803,0
193814,0
193819,0
193824,1
193826,0
193829,0
193843,0
193846,0
193849,0
193850,0
193852,0
193859,0
193865,0
193880,0
193884,0
193891,0
193895,0
193905,0
193907,0
193916,0
193920,0
193921,0
193923,0
193926,0
193942,0
193943,0
193945,0
193951,0
193952,0
193955,0
193956,0
193957,0
193959,0
193968,0
193979,0
193997,0
194004,0
194007,1
194008,0
194011,0
194014,0
194019,0
194020,0
194021,1
194024,0
194027,0
194028,0
194033,0
194035,0
194041,0
194044,0
194052,0
194053,0
194058,0
194060,0
194061,0
194068,0
194070,0
194071,0
194075,0
194078,0
194080,0
194081,0
194084,0
194092,0
194110,0
194113,0
194124,0
194127,0
194140,0
194142,0
194149,0
194169,0
194174,0
194176,0
194181,0
194186,0
194187,0
194188,0
194189,0
194193,0
194198,0
194201,0
194205,0
194208,0
194228,0
194232,0
194234,0
194235,0
194236,0
194237,0
194242,0
194250,0
194251,0
194254,0
194256,0
194261,0
194262,0
194265,0
194266,0
194272,0
194273,0
194274,0
194287,0
194289,0
194291,0
194295,0
194325,0
194328,0
194340,0
194347,0
194350,0
194358,0
194369,0
194377,0
194381,0
194382,0
194383,0
194389,0
194391,0
194400,0
194401,0
194404,0
194410,0
194426,0
194435,0
194440,0
194452,0
194454,0
194455,0
194463,0
194468,0
194474,0
194478,0
194481,0
194485,0
194486,0
194493,0
194506,0
194507,0
194508,0
194513,0
194518,0
194519,0
194520,0
194525,0
194532,0
194539,0
194541,0
194543,0
194551,0
194557,0
194559,0
194563,0
194565,0
194579,0
194581,0
194582,0
194583,0
194587,0
194596,0
194602,0
194607,0
194614,0
194616,0
194634,0
194646,0
194648,0
194651,0
194659,0
194671,0
194674,0
194677,0
194678,0
194682,0
194685,0
194691,0
194695,0
194698,0
194705,0
194709,0
194711,0
194714,0
194719,0
194724,0
194728,0
194730,0
194735,0
194736,0
194737,0
194740,0
194745,0
194749,0
194752,0
194761,0
194769,0
194771,0
194777,0
194782,0
194783,0
194786,0
194791,0
194792,0
194793,0
194809,0
194811,0
194812,1
194817,0
194822,0
194835,0
194845,0
194854,0
194866,0
194875,0
194882,0
194883,0
194884,0
194891,0
194895,0
194914,0
194915,0
194917,0
194922,0
194925,0
194927,0
194930,0
194935,0
194948,0
194951,0
194955,0
194960,0
194966,0
194967,1
194978,0
194979,0
194983,0
194989,0
195003,0
195010,0
195022,0
195026,0
195027,1
195031,0
195035,0
195036,0
195039,0
195043,0
195047,0
195049,0
195050,0
195055,0
195056,0
195058,0
195073,0
195074,0
195076,0
195079,0
195084,0
195091,0
195095,0
195099,0
195101,0
195108,0
195125,0
195127,0
195129,1
195133,0
195136,0
195138,0
195142,0
195143,1
195149,0
195152,0
195159,0
195164,0
195166,0
195169,0
195170,0
195171,0
195176,0
195181,0
195182,0
195186,0
195194,0
195213,0
195219,0
195224,0
195225,0
195230,0
195237,0
195241,0
195250,0
195262,0
195264,0
195270,0
195273,0
195275,1
195279,0
195291,0
195301,0
195302,0
195303,0
195304,0
195322,0
195324,0
195325,1
195334,0
195335,0
195340,0
195346,0
195347,0
195348,0
195379,0
195386,0
195390,0
195403,0
195407,0
195410,0
195415,0
195422,0
195424,0
195430,1
195442,0
195449,0
195462,0
195463,0
195469,0
195476,0
195478,0
195481,0
195485,0
195486,0
195488,0
195494,0
195498,0
195502,0
195503,0
195513,0
195516,0
195521,0
195526,0
195533,0
195537,0
195540,0
195546,0
195548,1
195557,0
195560,0
195562,0
195563,0
195566,0
195570,0
195571,0
195572,0
195578,1
195594,0
195596,0
195604,0
195607,0
195611,0
195621,0
195624,0
195628,0
195635,0
195638,0
195643,0
195646,0
195658,0
195659,0
195664,0
195671,0
195673,0
195687,0
195690,0
195694,0
195695,0
195697,0
195703,0
195711,0
195715,0
195716,0
195720,0
195721,0
195722,0
195724,0
195732,0
195743,0
195747,0
195756,0
195761,0
195764,0
195770,0
195773,0
195778,0
195779,0
195788,0
195789,0
195790,0
195794,0
195802,0
195805,0
195807,0
195812,0
195814,1
195824,0
195835,0
195844,0
195848,0
195853,0
195857,0
195861,0
195863,0
195870,0
195871,0
195873,0
195907,0
195908,0
195912,0
195915,0
195920,0
195924,0
195928,0
195941,0
195944,0
195946,0
195954,0
195955,0
195958,0
195972,0
195976,0
195978,0
195983,0
195992,1
195994,0
195995,0
196003,0
196015,0
196024,0
196038,0
196042,0
196064,0
196067,0
196069,0
196074,0
196076,0
196077,0
196080,0
196081,0
196082,0
196086,0
196095,0
196101,0
196104,0
196105,0
196110,0
196138,0
196140,0
196144,0
196150,0
196161,0
196163,0
196164,0
196170,0
196174,0
196177,0
196183,0
196184,0
196185,0
196187,0
196191,0
196206,0
196222,0
196233,1
196238,0
196246,0
196251,0
196254,0
196262,0
196265,0
196268,0
196272,0
196275,0
196288,0
196297,0
196300,0
196307,0
196309,0
196317,0
196318,0
196327,1
196331,0
196338,0
196339,0
196353,0
196359,0
196376,0
196378,0
196383,0
196389,0
196390,0
196393,0
196396,0
196406,0
196409,0
196412,0
196422,0
196425,1
196427,0
196439,0
196440,0
196444,0
196452,0
196453,0
196455,0
196464,0
196469,0
196472,0
196478,0
196482,0
196483,0
196487,0
196488,0
196499,0
196504,0
196517,0
196518,0
196527,0
196529,0
196532,0
196536,0
196548,0
196552,0
196558,0
196560,0
196565,0
196568,0
196576,1
196578,0
196583,0
196586,0
196591,0
196604,0
196606,0
196610,0
196611,0
196613,0
196626,0
196629,0
196633,0
196634,0
196642,0
196644,0
196658,0
196668,0
196670,0
196672,0
196673,0
196676,0
196678,0
196688,0
196693,0
196694,0
196696,0
196701,0
196706,0
196709,1
196713,0
196722,0
196723,0
196728,0
196739,0
196743,0
196744,0
196751,0
196754,0
196766,0
196778,0
196781,0
196783,0
196785,0
196787,0
196803,0
196805,0
196806,0
196811,0
196814,0
196817,0
196818,0
196822,0
196823,0
196824,0
196825,0
196828,0
196830,0
196838,0
196845,0
196859,0
196860,0
196864,0
196868,0
196869,0
196873,0
196879,0
196883,0
196885,0
196893,0
196902,0
196905,0
196906,0
196910,0
196917,0
196922,0
196925,0
196927,0
196928,0
196934,0
196935,0
196939,0
196943,0
196963,0
196964,0
196967,0
196971,0
196972,0
196973,0
196984,0
196986,1
196989,0
196991,0
196998,0
197000,0
197001,0
197002,0
197003,0
197007,0
197010,0
197015,0
197017,0
197021,0
197025,0
197028,0
197030,0
197035,0
197036,0
197037,0
197042,0
197069,0
197074,0
197075,0
197078,1
197089,0
197095,0
197099,0
197101,0
197104,0
197107,0
197113,0
197120,0
197125,0
197126,0
197129,0
197136,0
197144,0
197146,0
197147,0
197152,1
197154,0
197159,0
197163,0
197164,0
197172,0
197174,0
197180,0
197181,0
197186,0
197189,0
197195,0
197196,0
197198,0
197201,0
197204,0
197211,0
197230,0
197236,0
197238,0
197241,0
197242,0
197246,0
197247,0
197250,0
197260,0
197271,0
197272,0
197273,0
197288,0
197290,0
197322,0
197323,0
197327,0
197339,0
197341,1
197342,0
197372,0
197380,0
197383,0
197387,0
197388,0
197391,0
197394,0
197404,0
197411,0
197413,0
197423,0
197429,0
197432,0
197441,0
197443,0
197448,0
197454,0
197460,0
197463,0
197464,0
197472,0
197474,0
197481,0
197482,0
197495,0
197505,0
197507,0
197511,0
197514,0
197522,0
197523,0
197525,0
197533,0
197535,0
197544,0
197552,0
197555,0
197559,0
197563,0
197564,0
197570,0
197578,0
197579,0
197580,0
197584,0
197592,0
197595,0
197597,0
197599,0
197600,0
197601,0
197603,0
197605,0
197612,0
197619,0
197624,0
197629,0
197630,0
197633,0
197638,0
197656,0
197659,0
197666,0
197680,0
197685,0
197691,0
197692,0
197696,0
197698,0
197699,1
197718,0
197719,0
197726,0
197733,0
197736,0
197749,0
197750,0
197754,0
197756,0
197761,0
197763,0
197764,0
197770,0
197775,0
197776,0
197781,0
197786,0
197787,0
197792,0
197793,0
197800,0
197815,0
197838,0
197845,0
197853,0
197855,0
197856,0
197860,0
197861,0
197866,0
197868,0
197879,0
197884,0
197890,0
197896,0
197898,0
197900,0
197903,0
197923,0
197927,0
197928,0
197930,0
197942,0
197943,0
197947,0
197948,1
197952,0
197954,1
197957,0
197958,0
197962,0
197968,0
197977,0
197979,0
197981,0
197982,0
197983,0
197992,1
197993,0
198002,0
198003,0
198006,0
198014,0
198015,0
198019,0
198025,0
198026,0
198034,0
198037,0
198044,0
198056,0
198057,0
198060,0
198068,0
198079,0
198081,0
198087,0
198103,0
198106,0
198117,0
198118,0
198121,0
198127,0
198130,0
198132,0
198133,0
198136,0
198141,0
198142,0
198144,0
198151,0
198153,0
198161,0
198162,0
198169,0
198178,0
198185,0
198190,0
198204,0
198209,0
198212,0
198215,0
198216,0
198224,0
198228,0
198229,0
198231,0
198234,0
198235,0
198236,0
198245,0
198246,0
198247,1
198250,0
198251,0
198258,0
198262,0
198273,0
198279,0
198282,0
198284,0
198293,0
198298,0
198301,0
198309,0
198316,0
198322,0
198324,0
198327,0
198336,0
198343,0
198350,0
198353,1
198355,0
198356,0
198369,0
198371,0
198376,0
198378,0
198383,0
198395,0
198404,0
198414,0
198417,0
198421,0
198428,0
198431,0
198433,0
198437,0
198440,0
198458,0
198459,0
198461,0
198463,0
198477,0
198480,0
198481,0
198497,0
198505,0
198518,0
198523,0
198528,0
198532,0
198536,0
198548,0
198552,0
198556,0
198559,0
198563,0
198570,1
198575,0
198588,0
198592,0
198593,0
198596,0
198602,0
198605,0
198610,0
198612,0
198615,0
198616,0
198618,0
198626,0
198631,0
198643,0
198645,0
198654,0
198655,0
198659,1
198660,0
198664,0
198669,0
198673,0
198679,0
198680,0
198684,0
198689,0
198694,0
198695,0
198697,0
198704,0
198707,0
198709,0
198712,0
198717,0
198720,0
198728,0
198737,0
198741,0
198743,0
198751,0
198753,0
198757,0
198760,0
198761,0
198763,0
198771,0
198774,0
198775,0
198783,0
198786,0
198792,0
198797,0
198800,0
198812,0
198816,0
198831,0
198838,0
198844,0
198847,0
198848,0
198849,0
198855,0
198862,0
198867,0
198869,0
198870,0
198871,0
198891,0
198895,0
198899,0
198911,0
198924,0
198928,0
198931,0
198939,0
198950,0
198952,0
198961,0
198966,0
198968,0
198969,0
198975,0
198985,0
198990,0
198994,0
198996,0
199000,0
199001,0
199002,0
199008,0
199012,1
199017,0
199018,0
199022,0
199023,0
199025,0
199031,0
199034,0
199041,0
199043,0
199044,0
199048,0
199055,0
199059,0
199063,0
199079,0
199082,0
199084,0
199087,0
199088,0
199091,0
199098,0
199101,0
199102,0
199105,0
199107,0
199118,0
199126,0
199129,0
199132,0
199134,0
199137,0
199140,0
199151,0
199154,0
199159,0
199163,0
199168,0
199175,0
199183,0
199189,0
199196,0
199198,0
199202,0
199218,0
199233,0
199234,0
199243,0
199244,0
199246,0
199253,0
199265,0
199272,0
199284,0
199286,0
199293,0
199305,0
199306,0
199307,0
199315,0
199318,0
199321,0
199325,0
199332,0
199338,0
199342,0
199346,0
199347,0
199354,0
199363,0
199364,0
199365,0
199375,0
199384,0
199390,0
199392,0
199396,0
199397,0
199405,0
199410,0
199411,0
199443,0
199445,0
199446,0
199447,0
199448,0
199449,0
199450,0
199455,0
199456,0
199457,0
199458,0
199466,0
199467,0
199475,0
199477,0
199479,0
199493,0
199496,0
199499,0
199500,0
199502,0
199511,0
199512,0
199517,0
199518,0
199519,0
199525,0
199527,0
199532,0
199534,0
199539,0
199541,0
199542,0
199549,0
199555,0
199564,0
199570,0
199576,0
199579,0
199581,0
199582,0
199585,0
199591,0
199600,0
199601,0
199614,0
199615,0
199624,0
199626,0
199634,0
199637,0
199639,0
199649,0
199653,0
199659,0
199666,0
199676,0
199683,0
199690,0
199694,0
199697,0
199706,0
199709,0
199713,0
199718,0
199734,0
199737,0
199739,0
199741,0
199742,1
199747,0
199748,0
199754,0
199761,0
199777,1
199784,1
199787,0
199790,0
199794,0
199801,0
199809,0
199813,0
199814,0
199823,0
199824,0
199826,0
199827,0
199829,0
199830,0
199836,0
199847,0
199856,0
199860,0
199863,0
199873,0
199880,0
199886,0
199889,0
199890,0
199896,0
199898,0
199900,0
199932,0
199934,0
199936,0
199937,0
199939,0
199946,0
199952,0
199954,0
199955,0
199964,1
199966,0
199969,0
199976,0
199979,0
199982,0
199987,0
199995,0
199999,0
200004,0
200011,0
200012,0
200015,1
200021,0
200022,0
200031,0
200032,0
200033,0
200044,0
200048,0
200064,0
200075,0
200076,0
200085,0
200089,0
200090,0
200091,0
200096,0
200103,0
200108,0
200118,0
200127,0
200134,0
200135,0
200140,0
200143,0
200147,0
200149,0
200152,0
200160,0
200165,0
200183,0
200187,0
200188,0
200192,0
200193,0
200196,0
200198,0
200203,0
200204,0
200205,0
200209,0
200216,0
200219,0
200224,1
200227,0
200228,0
200234,0
200235,0
200239,0
200241,0
200242,0
200245,0
200250,0
200262,0
200269,1
200273,0
200278,0
200280,0
200283,0
200289,0
200290,0
200294,0
200297,0
200298,0
200299,0
200303,0
200304,0
200309,0
200316,0
200322,0
200326,0
200339,0
200341,0
200342,0
200353,0
200356,0
200358,0
200376,0
200381,0
200385,0
200390,0
200391,0
200394,1
200404,0
200407,0
200409,0
200412,1
200415,0
200419,0
200426,0
200437,0
200443,0
200455,0
200462,1
200472,0
200474,0
200490,0
200497,0
200503,0
200507,0
200508,0
200516,0
200518,0
200520,0
200531,0
200537,0
200543,0
200556,0
200558,0
200559,0
200564,0
200567,0
200571,0
200572,0
200574,0
200579,0
200581,0
200583,0
200589,0
200592,0
200610,0
200612,0
200614,0
200617,0
200618,0
200620,0
200623,0
200625,0
200629,0
200631,0
200632,0
200634,0
200635,0
200636,0
200639,0
200644,0
200652,0
200664,0
200665,0
200674,0
200681,0
200683,0
200684,0
200695,0
200698,0
200713,0
200720,0
200724,0
200726,0
200730,0
200736,0
200737,0
200738,0
200739,0
200744,0
200745,0
200746,0
200747,0
200748,0
200750,0
200754,0
200759,0
200761,0
200775,0
200776,0
200781,1
200790,0
200795,0
200811,0
200812,0
200815,0
200820,0
200825,0
200837,0
200839,0
200852,0
200854,0
200860,0
200862,0
200864,0
200869,0
200871,0
200873,1
200875,0
200882,0
200886,0
200902,0
200911,0
200912,0
200916,0
200928,0
200932,0
200940,0
200949,0
200951,0
200955,0
200960,0
200962,0
200964,0
200980,0
200982,0
200983,0
200987,0
200991,0
200996,0
201012,0
201014,0
201016,0
201018,0
201029,1
201040,0
201041,0
201043,0
201055,0
201056,0
201062,0
201063,0
201064,0
201070,0
201077,1
201079,0
201088,0
201090,0
201105,0
201115,0
201117,0
201125,0
201137,0
201144,0
201147,0
201148,0
201149,0
201159,0
201163,0
201179,0
201185,0
201190,0
201192,0
201194,0
201195,0
201196,0
201201,0
201202,0
201204,0
201213,0
201214,0
201216,1
201224,0
201229,0
201243,1
201245,0
201249,1
201259,0
201260,0
201264,0
201267,0
201269,0
201270,1
201272,0
201280,0
201282,0
201285,0
201288,0
201296,0
201298,0
201305,0
201306,0
201308,0
201314,0
201315,0
201324,0
201325,0
201334,0
201339,1
201341,0
201342,0
201349,0
201350,0
201351,0
201357,0
201359,0
201370,0
201371,0
201397,0
201398,0
201410,0
201411,0
201418,0
201433,0
201437,0
201438,0
201441,0
201443,0
201447,0
201450,0
201456,0
201461,0
201469,0
201477,0
201485,0
201488,0
201490,0
201491,0
201493,0
201495,0
201497,0
201502,0
201504,1
201506,0
201521,0
201523,0
201524,0
201525,0
201526,1
201529,0
201530,0
201533,1
201538,0
201541,0
201551,0
201552,0
201553,0
201554,0
201562,0
201563,0
201566,0
201585,0
201593,0
201596,0
201598,0
201603,0
201605,0
201606,0
201611,0
201618,0
201625,0
201629,0
201639,0
201671,0
201677,0
201681,0
201682,0
201693,0
201700,0
201701,0
201706,0
201717,0
201722,0
201726,0
201728,0
201735,0
201737,0
201738,1
201739,0
201740,1
201745,0
201749,0
201752,0
201754,0
201771,0
201772,0
201773,0
201774,0
201775,0
201781,0
201788,0
201792,0
201799,0
201803,0
201810,0
201818,0
201820,0
201827,1
201831,0
201832,0
201834,0
201841,0
201843,0
201854,0
201856,0
201857,0
201860,1
201861,0
201864,0
201868,0
201879,0
201886,0
201902,0
201906,0
201913,0
201917,0
201922,0
201935,0
201937,0
201948,0
201953,0
201956,0
201957,0
201963,0
201967,0
201969,0
201984,0
201986,0
201987,0
201988,0
201994,0
201995,0
202002,0
202003,1
202005,0
202010,0
202013,0
202027,0
202033,0
202058,0
202061,0
202063,0
202068,0
202077,0
202095,0
202111,0
202121,0
202124,0
202126,0
202130,0
202134,0
202135,0
202143,0
202144,0
202147,0
202148,0
202163,0
202171,1
202178,0
202181,0
202187,0
202206,1
202210,0
202212,0
202214,0
202219,0
202221,0
202222,0
202230,0
202231,0
202233,0
202234,0
202241,0
202242,0
202244,0
202249,0
202270,0
202280,0
202283,0
202287,0
202291,0
202299,0
202303,1
202314,0
202315,0
202316,0
202319,0
202320,0
202326,0
202327,0
202328,0
202329,0
202348,0
202360,0
202362,0
202370,0
202374,0
202386,0
202393,0
202399,0
202400,0
202412,0
202414,0
202418,0
202419,0
202425,0
202429,0
202447,0
202463,0
202469,0
202472,1
202473,0
202475,0
202480,0
202494,0
202499,0
202503,0
202504,0
202506,0
202507,0
202509,0
202521,0
202529,0
202540,0
202543,0
202573,0
202574,0
202578,0
202581,0
202591,0
202595,0
202597,0
202605,0
202606,0
202613,0
202615,0
202618,1
202630,0
202631,0
202633,1
202636,0
202637,0
202640,0
202644,0
202646,0
202650,0
202656,0
202657,0
202663,0
202669,0
202670,0
202675,0
202677,0
202705,0
202708,0
202712,0
202713,0
202717,0
202719,0
202729,0
202735,0
202736,0
202738,0
202740,0
202746,0
202748,0
202753,0
202760,0
202768,0
202771,0
202773,0
202781,0
202782,0
202787,0
202804,0
202805,0
202806,0
202807,0
202816,0
202818,0
202821,0
202837,0
202845,0
202847,0
202849,0
202861,0
202868,0
202869,0
202877,0
202878,0
202885,0
202898,0
202901,0
202904,0
202920,0
202926,0
202929,0
202931,0
202936,0
202947,0
202953,0
202960,0
202966,0
202970,0
202974,0
202975,0
202976,0
202977,0
202979,0
202981,0
202987,0
202993,0
202999,0
203005,0
203007,0
203008,0
203013,0
203019,0
203026,0
203027,0
203030,0
203045,0
203050,0
203051,0
203052,0
203055,0
203059,0
203062,0
203065,0
203073,0
203077,0
203078,0
203080,0
203082,0
203083,0
203089,0
203098,0
203100,0
203104,0
203108,0
203110,0
203112,0
203117,0
203119,0
203123,0
203127,0
203130,0
203134,0
203135,0
203136,0
203147,0
203149,0
203158,0
203162,0
203164,0
203166,0
203180,0
203186,0
203187,0
203192,0
203203,0
203204,0
203206,0
203209,0
203211,0
203214,0
203215,0
203216,0
203218,0
203219,0
203229,0
203231,0
203233,0
203249,0
203250,0
203251,0
203254,0
203256,0
203264,0
203266,0
203269,0
203278,0
203287,0
203289,0
203296,0
203298,0
203299,1
203301,0
203302,0
203303,0
203311,0
203313,0
203317,0
203323,0
203338,0
203339,0
203345,0
203358,0
203359,0
203360,0
203376,0
203380,0
203381,0
203384,0
203385,0
203387,0
203391,0
203394,0
203402,0
203404,0
203417,0
203418,0
203421,0
203425,0
203426,0
203430,0
203432,0
203439,0
203441,0
203444,0
203449,0
203454,0
203459,0
203460,0
203466,0
203469,0
203476,0
203481,0
203487,0
203488,0
203496,0
203497,1
203505,0
203506,0
203513,0
203520,0
203523,0
203535,0
203536,0
203545,0
203556,0
203560,0
203562,0
203563,0
203570,0
203581,0
203584,0
203592,0
203598,0
203606,0
203611,0
203612,0
203618,0
203621,0
203622,0
203623,0
203631,0
203633,0
203638,0
203642,0
203643,0
203647,0
203655,0
203656,0
203658,0
203662,0
203665,0
203669,0
203674,0
203675,0
203680,1
203681,0
203684,0
203695,0
203704,0
203706,0
203707,0
203710,0
203712,0
203713,0
203717,0
203724,0
203733,0
203745,0
203751,0
203752,0
203755,0
203756,0
203765,0
203766,0
203769,0
203785,0
203792,0
203797,0
203806,0
203808,0
203814,0
203818,0
203824,0
203829,0
203830,0
203833,0
203846,0
203850,0
203854,0
203856,0
203860,0
203867,0
203871,0
203879,0
203880,0
203887,0
203897,0
203898,0
203900,0
203906,0
203910,0
203920,0
203924,0
203934,0
203937,0
203942,0
203943,0
203948,0
203953,0
203954,0
203966,0
203967,0
203989,0
203990,0
203992,0
204002,0
204003,0
204010,0
204015,0
204019,1
204020,0
204025,0
204030,0
204033,0
204037,0
204038,0
204043,0
204045,1
204049,0
204061,0
204070,0
204073,0
204080,0
204104,0
204107,0
204111,0
204125,0
204127,0
204132,0
204136,0
204140,0
204143,0
204150,0
204155,0
204164,0
204176,0
204188,0
204194,0
204212,0
204217,0
204219,0
204227,0
204228,0
204229,0
204239,0
204240,0
204250,0
204251,0
204252,0
204257,0
204260,0
204261,0
204262,0
204267,0
204275,0
204282,0
204286,0
204290,0
204296,0
204303,0
204306,0
204309,0
204319,0
204320,0
204321,0
204326,0
204328,0
204331,0
204339,0
204346,0
204352,0
204355,0
204359,0
204363,0
204364,0
204367,0
204370,0
204377,0
204383,0
204384,0
204392,0
204398,0
204400,0
204401,0
204406,0
204407,0
204409,0
204410,0
204413,0
204420,0
204422,0
204426,0
204427,0
204428,0
204430,0
204433,0
204435,0
204437,0
204440,0
204442,1
204443,0
204448,0
204455,0
204461,0
204465,0
204467,0
204470,0
204480,0
204481,0
204484,0
204486,0
204487,0
204494,0
204495,1
204500,0
204503,0
204506,0
204510,0
204511,1
204515,0
204517,0
204523,1
204528,0
204530,0
204531,0
204537,0
204545,0
204550,0
204561,0
204566,0
204575,0
204577,0
204581,0
204591,0
204596,0
204606,0
204613,0
204614,0
204619,0
204620,0
204622,0
204626,0
204628,0
204630,0
204632,0
204634,0
204635,0
204642,0
204645,1
204653,0
204655,0
204667,0
204674,0
204676,0
204678,0
204681,0
204690,0
204695,0
204704,0
204705,0
204706,1
204708,0
204711,0
204712,0
204716,0
204718,0
204728,0
204738,0
204744,0
204763,0
204768,0
204774,0
204776,0
204778,0
204782,0
204783,0
204787,0
204795,0
204798,0
204815,0
204816,0
204820,0
204821,0
204827,0
204830,0
204832,0
204836,0
204839,0
204840,0
204844,0
204850,1
204873,0
204885,0
204888,0
204893,0
204894,0
204896,0
204902,0
204903,0
204906,0
204907,0
204917,0
204918,0
204922,0
204930,1
204934,0
204937,0
204943,0
204945,0
204955,0
204969,0
204972,0
204973,0
204993,0
205008,0
205011,0
205018,0
205026,0
205028,0
205030,0
205036,0
205038,0
205045,0
205058,0
205069,0
205075,0
205100,0
205101,0
205102,0
205104,0
205105,0
205114,0
205115,0
205117,0
205118,0
205128,0
205134,0
205136,0
205143,0
205149,0
205163,0
205170,0
205176,0
205179,1
205180,0
205181,0
205185,0
205187,0
205201,0
205203,0
205210,1
205222,0
205229,0
205237,1
205249,0
205257,0
205266,0
205268,0
205270,0
205277,0
205280,0
205292,0
205296,0
205301,0
205306,0
205309,0
205310,0
205311,0
205326,0
205328,0
205330,0
205332,0
205333,0
205337,0
205348,1
205360,0
205374,0
205381,0
205387,0
205394,0
205395,0
205397,0
205405,0
205406,0
205412,0
205418,0
205425,0
205429,0
205440,0
205449,0
205451,0
205461,0
205462,0
205464,0
205472,0
205473,0
205476,0
205479,0
205482,0
205487,0
205501,0
205503,0
205508,0
205512,0
205519,0
205521,0
205531,0
205537,0
205538,0
205542,0
205550,0
205555,0
205556,0
205559,0
205562,0
205563,0
205564,0
205579,0
205582,0
205595,0
205605,0
205606,0
205607,0
205611,0
205614,1
205615,0
205634,0
205640,0
205643,0
205648,0
205651,0
205656,0
205663,0
205672,0
205679,0
205685,0
205693,0
205705,0
205717,0
205718,0
205722,0
205730,0
205737,0
205742,0
205745,0
205748,0
205756,0
205762,0
205774,0
205789,0
205796,0
205799,0
205804,0
205810,0
205811,0
205817,0
205822,0
205828,0
205830,0
205834,0
205843,1
205865,0
205868,0
205871,0
205872,0
205879,0
205881,0
205883,0
205889,0
205897,0
205899,0
205903,0
205905,0
205910,0
205913,0
205916,0
205917,1
205918,0
205919,0
205920,0
205921,0
205924,0
205927,0
205929,0
205930,0
205931,0
205933,0
205935,0
205938,0
205940,0
205942,0
205944,0
205945,0
205954,0
205956,0
205960,0
205961,0
205977,0
205985,0
205992,0
206003,0
206007,0
206010,0
206017,0
206018,0
206019,0
206026,0
206027,0
206037,0
206039,0
206042,0
206044,0
206045,0
206051,0
206052,0
206059,0
206061,0
206069,0
206070,0
206071,0
206073,0
206074,0
206079,0
206080,0
206086,1
206098,0
206106,0
206120,0
206133,0
206138,0
206140,1
206149,0
206150,0
206151,0
206160,0
206172,0
206173,0
206177,0
206185,0
206188,0
206192,0
206211,0
206213,0
206222,0
206225,0
206233,0
206241,0
206256,0
206268,0
206275,0
206278,0
206282,0
206286,0
206287,0
206295,0
206309,0
206313,0
206320,0
206323,0
206326,0
206330,0
206331,0
206337,0
206339,0
206349,0
206357,0
206362,0
206367,0
206373,0
206384,0
206391,0
206392,0
206400,0
206406,0
206412,0
206418,0
206420,0
206423,0
206425,0
206436,0
206454,0
206456,0
206459,0
206462,0
206466,0
206469,0
206470,0
206477,0
206478,0
206480,0
206490,0
206492,0
206494,0
206495,0
206497,0
206504,0
206508,0
206510,0
206512,0
206513,1
206514,0
206517,0
206520,0
206526,0
206535,0
206540,0
206546,0
206547,0
206550,0
206553,0
206565,0
206584,0
206590,0
206594,0
206599,0
206606,0
206607,0
206628,0
206632,0
206639,1
206642,0
206644,0
206648,0
206652,0
206653,0
206661,0
206663,0
206664,0
206666,0
206668,0
206673,0
206679,0
206686,0
206687,0
206692,0
206701,0
206707,0
206708,0
206710,0
206712,1
206722,0
206726,0
206734,0
206736,0
206738,0
206745,0
206748,0
206751,0
206754,0
206758,0
206763,0
206764,0
206787,0
206791,1
206803,0
206810,0
206815,0
206819,0
206820,0
206833,0
206838,0
206840,0
206842,0
206843,1
206852,0
206854,1
206856,0
206866,0
206867,0
206874,0
206886,1
206887,0
206896,0
206903,0
206917,0
206919,0
206922,0
206923,0
206924,0
206926,0
206940,0
206943,0
206948,0
206952,0
206961,0
206967,0
206968,0
206972,0
206977,0
206979,0
206982,0
206984,0
206986,0
206988,0
206989,0
207002,0
207007,0
207011,0
207016,0
207023,0
207024,0
207027,0
207028,0
207036,0
207038,0
207042,1
207047,0
207052,0
207055,0
207056,0
207058,0
207061,0
207075,0
207081,0
207082,0
207086,0
207090,0
207091,0
207100,0
207103,0
207110,0
207116,0
207120,0
207121,0
207123,0
207124,0
207125,0
207126,0
207129,0
207131,0
207137,0
207138,0
207148,0
207153,0
207157,0
207161,0
207167,0
207171,0
207176,0
207177,0
207182,0
207186,0
207188,0
207192,0
207194,0
207195,0
207205,0
207209,0
207220,0
207228,0
207229,0
207237,0
207245,0
207248,0
207253,0
207258,0
207260,0
207263,0
207271,0
207273,0
207276,0
207278,0
207279,0
207280,0
207285,0
207287,0
207294,0
207300,0
207307,0
207310,0
207318,0
207319,0
207327,0
207331,0
207333,0
207337,0
207338,0
207341,0
207342,0
207348,0
207352,0
207353,0
207355,0
207357,0
207368,0
207369,0
207370,0
207373,0
207376,0
207383,0
207390,0
207392,0
207401,0
207402,0
207406,1
207407,0
207412,0
207420,0
207421,0
207422,0
207423,0
207426,0
207427,0
207439,0
207446,0
207451,0
207455,1
207461,0
207474,0
207479,0
207481,0
207483,0
207485,0
207494,0
207500,0
207501,0
207505,0
207507,0
207513,0
207519,1
207528,0
207531,0
207533,0
207538,0
207539,0
207549,0
207551,0
207556,0
207559,0
207563,0
207569,0
207589,0
207591,0
207593,0
207596,0
207602,0
207603,0
207605,0
207610,0
207613,0
207614,0
207617,0
207625,0
207626,0
207628,0
207641,0
207645,0
207647,0
207650,0
207653,0
207654,0
207655,0
207656,0
207659,0
207666,0
207670,0
207672,0
207673,0
207674,0
207679,0
207688,0
207695,0
207698,0
207708,0
207721,0
207733,0
207736,0
207742,0
207744,0
207748,0
207755,0
207762,0
207765,0
207766,0
207773,0
207789,0
207804,0
207808,0
207811,0
207813,0
207820,0
207824,0
207825,0
207829,0
207831,0
207832,0
207839,0
207850,0
207851,0
207856,0
207857,1
207859,0
207864,0
207865,0
207889,0
207893,0
207896,0
207908,0
207914,0
207916,0
207921,0
207922,0
207924,0
207935,0
207939,0
207948,0
207957,0
207958,0
207962,0
207965,0
207979,0
207989,0
207990,0
207999,0
208001,0
208009,0
208012,0
208016,0
208021,0
208024,0
208041,0
208046,0
208048,0
208049,0
208058,0
208066,0
208067,0
208068,0
208072,0
208076,0
208081,0
208086,0
208093,0
208102,0
208103,0
208106,0
208110,0
208117,0
208124,0
208133,0
208136,0
208138,0
208143,0
208145,0
208147,0
208149,0
208150,0
208154,0
208157,1
208158,0
208167,0
208168,0
208170,0
208171,0
208174,0
208182,0
208183,0
208189,0
208190,0
208206,0
208211,0
208212,0
208215,0
208221,0
208236,0
208240,0
208251,0
208253,1
208255,0
208259,0
208266,0
208274,0
208283,0
208287,0
208292,0
208295,0
208296,0
208306,0
208314,0
208320,0
208332,0
208341,0
208348,0
208355,0
208356,0
208361,0
208370,0
208372,0
208380,0
208382,0
208384,0
208385,0
208387,0
208390,0
208398,1
208404,0
208409,0
208415,0
208418,0
208420,0
208421,0
208425,1
208429,0
208434,0
208438,0
208440,0
208442,0
208446,0
208448,0
208449,0
208456,0
208461,0
208464,0
208473,0
208480,0
208482,0
208486,0
208504,0
208505,0
208508,0
208515,0
208518,0
208519,0
208521,0
208534,1
208535,0
208541,0
208545,0
208554,0
208557,0
208558,0
208564,0
208565,0
208572,0
208577,0
208584,0
208591,0
208593,0
208597,0
208599,0
208600,0
208602,0
208605,0
208612,0
208629,0
208633,0
208635,0
208639,0
208640,0
208643,0
208644,0
208651,0
208662,0
208670,0
208671,0
208673,0
208677,0
208689,1
208690,0
208694,0
208702,0
208703,0
208708,0
208710,0
208716,0
208717,0
208718,0
208719,0
208720,0
208721,0
208722,0
208728,0
208729,0
208731,0
208735,0
208736,0
208745,0
208746,0
208748,0
208750,0
208752,0
208753,0
208754,0
208756,0
208758,0
208762,0
208765,1
208769,0
208770,0
208773,0
208779,0
208780,0
208785,0
208789,0
208802,0
208803,0
208819,0
208823,1
208825,0
208829,0
208833,0
208840,0
208841,0
208842,0
208844,0
208845,0
208847,0
208861,0
208862,0
208870,0
208872,0
208873,0
208881,0
208882,0
208885,0
208894,0
208896,0
208899,0
208901,0
208907,0
208909,0
208913,0
208917,0
208921,0
208924,0
208931,0
208936,0
208950,0
208951,0
208957,0
208959,1
208960,0
208962,0
208966,0
208967,0
208969,0
208970,0
208973,0
208978,0
208984,0
208987,0
208989,0
208990,0
208992,0
209001,0
209004,0
209008,0
209009,0
209012,0
209018,0
209029,0
209035,0
209039,1
209044,0
209046,0
209051,0
209057,0
209062,0
209069,0
209070,0
209071,0
209077,0
209081,0
209084,0
209087,0
209101,0
209105,0
209107,0
209110,0
209115,0
209116,0
209121,0
209123,0
209128,0
209149,0
209156,0
209177,1
209178,0
209179,0
209202,0
209204,0
209206,0
209207,0
209208,0
209212,0
209217,0
209219,0
209229,0
209241,0
209242,1
209245,0
209246,0
209252,0
209259,0
209265,0
209274,0
209275,0
209277,0
209278,0
209283,0
209284,0
209294,0
209304,0
209309,0
209312,0
209322,0
209328,0
209339,0
209343,0
209349,0
209354,0
209363,0
209365,0
209370,1
209371,0
209375,0
209378,0
209401,0
209410,0
209411,0
209416,0
209421,0
209423,0
209429,0
209430,0
209434,0
209435,0
209437,0
209438,0
209445,0
209446,0
209455,0
209459,0
209461,0
209465,0
209466,0
209470,0
209480,0
209483,1
209484,0
209485,0
209488,0
209498,0
209499,0
209518,0
209519,0
209522,0
209525,0
209527,0
209534,0
209536,0
209537,0
209548,0
209561,0
209562,0
209571,0
209576,1
209579,0
209581,0
209586,0
209587,0
209588,0
209589,0
209596,0
209597,0
209599,0
209607,0
209612,0
209630,0
209637,0
209643,0
209645,0
209651,0
209661,0
209665,0
209667,0
209675,0
209676,0
209677,0
209678,0
209684,0
209685,0
209696,0
209713,0
209715,0
209723,1
209745,0
209746,0
209750,0
209753,0
209754,0
209755,0
209764,0
209766,0
209769,0
209771,0
209775,1
209791,0
209793,0
209794,0
209811,0
209812,0
209813,0
209820,0
209826,0
209827,0
209828,0
209834,0
209835,0
209838,0
209844,0
209849,0
209851,0
209852,0
209855,0
209856,0
209859,0
209865,0
209874,0
209876,1
209877,0
209882,0
209890,0
209892,0
209893,0
209896,0
209901,0
209912,0
209923,1
209928,0
209942,0
209952,0
209963,0
209964,1
209969,0
209972,0
209982,0
209985,0
209991,0
209992,0
210002,0
210007,0
210010,0
210011,0
210012,0
210021,0
210023,0
210027,0
210035,0
210041,0
210055,0
210069,0
210076,0
210086,0
210088,0
210105,0
210110,0
210112,0
210114,0
210115,0
210121,0
210122,0
210148,0
210154,0
210157,0
210158,0
210161,0
210162,0
210165,0
210168,0
210171,0
210174,0
210178,0
210191,0
210195,0
210198,0
210200,0
210203,0
210204,0
210216,0
210217,0
210218,0
210231,0
210233,0
210234,0
210238,0
210246,0
210247,0
210251,0
210253,0
210260,0
210263,0
210264,0
210267,0
210276,0
210277,0
210278,0
210289,0
210292,0
210294,0
210298,0
210306,0
210308,0
210311,0
210313,0
210316,0
210320,0
210328,0
210331,0
210334,0
210347,0
210351,0
210353,0
210364,0
210368,0
210370,0
210374,0
210386,0
210391,0
210395,0
210397,0
210400,0
210404,0
210406,0
210408,0
210419,0
210420,0
210424,0
210425,0
210430,0
210435,0
210444,0
210455,0
210460,0
210462,0
210464,0
210467,0
210473,0
210475,0
210476,0
210478,0
210485,0
210493,0
210503,0
210506,0
210508,0
210513,0
210531,0
210532,0
210535,0
210541,0
210547,0
210548,0
210549,0
210551,0
210555,0
210558,0
210562,0
210569,0
210570,0
210577,0
210579,0
210596,0
210600,0
210604,0
210605,0
210606,0
210618,0
210649,0
210654,0
210658,0
210659,0
210660,0
210673,0
210686,0
210688,0
210694,0
210698,0
210699,0
210702,1
210704,0
210707,0
210708,0
210712,0
210716,0
210719,0
210730,0
210735,0
210738,0
210748,0
210756,0
210759,1
210765,0
210766,1
210772,0
210785,0
210789,0
210790,0
210798,0
210800,0
210819,0
210821,0
210823,0
210833,0
210840,0
210841,0
210842,0
210844,0
210847,0
210850,1
210852,0
210859,0
210864,0
210867,0
210870,0
210871,0
210876,0
210877,0
210880,0
210881,0
210882,0
210884,0
210885,0
210888,1
210899,0
210915,0
210916,0
210925,0
210931,0
210935,0
210966,0
210977,0
210978,0
210983,0
210989,0
210996,0
210998,0
211003,0
211008,0
211010,0
211017,0
211021,0
211025,0
211032,0
211033,0
211034,0
211035,0
211037,0
211043,0
211044,0
211047,0
211055,0
211059,0
211068,0
211074,0
211076,0
211083,0
211098,0
211106,0
211112,0
211113,0
211122,0
211123,0
211127,0
211129,0
211131,0
211132,0
211133,0
211174,0
211178,0
211182,0
211185,0
211205,0
211212,0
211219,0
211222,0
211229,0
211232,0
211233,0
211238,0
211249,0
211252,0
211265,0
211270,1
211274,0
211275,0
211277,1
211280,0
211296,0
211301,0
211304,0
211313,0
211317,0
211318,0
211322,0
211333,0
211335,0
211344,1
211354,0
211360,0
211362,0
211367,1
211369,0
211370,0
211374,0
211377,0
211385,0
211386,0
211391,0
211393,0
211397,0
211403,0
211408,0
211410,0
211418,0
211419,0
211428,0
211432,1
211434,0
211435,0
211437,0
211439,0
211443,0
211453,0
211454,0
211478,0
211481,0
211489,0
211499,1
211502,0
211504,0
211525,0
211526,0
211533,0
211536,0
211542,0
211543,0
211544,0
211562,0
211563,0
211565,0
211566,0
211576,0
211583,0
211586,0
211590,0
211592,0
211597,0
211609,0
211615,0
211619,0
211621,0
211623,0
211626,0
211628,0
211634,0
211636,0
211637,0
211639,0
211642,0
211643,0
211652,0
211654,0
211658,0
211665,0
211667,0
211672,0
211674,0
211687,0
211689,0
211691,0
211692,0
211694,0
211700,0
211707,0
211709,0
211710,0
211727,0
211734,0
211736,0
211746,0
211758,0
211763,0
211769,0
211771,0
211774,0
211776,0
211779,0
211783,0
211789,1
211791,0
211795,0
211797,0
211803,0
211806,1
211812,0
211814,0
211821,0
211827,0
211833,0
211840,0
211841,0
211842,0
211846,0
211851,0
211858,0
211865,0
211869,0
211873,0
211877,0
211881,0
211883,0
211885,0
211902,0
211903,0
211912,0
211915,0
211924,0
211926,0
211930,0
211932,0
211936,0
211938,0
211959,0
211969,0
211970,0
211971,0
211977,0
211978,0
211980,0
211986,0
211994,0
212000,0
212007,0
212013,0
212019,1
212020,0
212025,0
212035,0
212036,0
212040,0
212042,0
212047,0
212052,0
212054,0
212067,0
212070,0
212071,0
212074,0
212075,0
212076,0
212087,0
212089,0
212090,0
212098,0
212100,0
212107,0
212108,0
212113,0
212122,0
212134,0
212138,0
212140,1
212142,0
212152,0
212153,0
212171,0
212175,0
212180,0
212181,0
212186,0
212187,0
212188,0
212192,0
212197,0
212198,0
212202,1
212211,0
212225,0
212226,0
212231,0
212232,0
212234,0
212235,0
212236,0
212237,0
212247,0
212248,0
212290,0
212297,0
212298,0
212302,0
212309,0
212328,0
212331,0
212336,0
212338,0
212341,0
212343,0
212347,0
212348,0
212358,0
212362,0
212365,0
212375,0
212383,0
212396,0
212398,0
212401,0
212404,0
212409,0
212414,0
212418,0
212431,0
212432,0
212440,1
212443,0
212449,0
212455,0
212459,0
212475,0
212478,0
212479,0
212480,0
212481,0
212483,0
212484,0
212493,1
212499,0
212502,0
212504,0
212510,0
212511,0
212516,0
212518,0
212519,0
212522,0
212523,0
212532,0
212533,0
212538,0
212542,0
212544,0
212549,0
212550,0
212560,0
212565,0
212570,0
212571,0
212572,0
212574,0
212575,0
212577,0
212578,0
212579,0
212589,0
212590,0
212594,0
212595,0
212598,0
212605,0
212617,0
212622,0
212624,0
212626,0
212629,0
212634,0
212644,0
212647,0
212650,0
212652,0
212654,0
212655,0
212659,0
212666,0
212668,0
212672,0
212678,0
212704,0
212711,0
212738,0
212745,0
212748,0
212753,0
212756,0
212760,0
212765,0
212767,0
212769,0
212773,0
212780,0
212782,0
212783,0
212785,0
212795,0
212797,0
212799,0
212802,0
212803,0
212809,0
212818,0
212819,0
212823,0
212826,0
212829,0
212834,0
212836,0
212847,0
212849,0
212867,0
212875,0
212876,0
212882,0
212884,1
212885,0
212887,0
212888,0
212892,0
212893,0
212895,0
212898,0
212919,0
212926,0
212931,0
212936,0
212940,0
212942,0
212954,0
212957,0
212959,1
212965,0
212977,0
212980,0
212985,0
213001,0
213016,0
213017,1
213018,0
213020,0
213028,0
213029,0
213032,0
213041,0
213046,0
213060,0
213069,1
213079,0
213092,0
213096,1
213101,0
213104,0
213106,0
213110,0
213115,0
213116,0
213125,0
213129,0
213132,0
213136,0
213138,0
213140,0
213141,0
213151,0
213156,0
213157,0
213159,0
213163,0
213165,0
213166,0
213169,0
213172,0
213175,0
213177,0
213178,0
213179,0
213180,0
213190,0
213193,0
213200,0
213205,0
213213,1
213220,0
213224,0
213226,0
213234,0
213239,0
213241,0
213252,0
213258,1
213259,0
213264,0
213267,0
213268,0
213270,0
213280,0
213289,0
213293,0
213294,0
213295,0
213296,0
213300,0
213304,0
213311,0
213314,0
213320,0
213336,0
213337,0
213339,0
213345,0
213346,0
213350,0
213351,0
213352,0
213354,0
213357,0
213358,0
213360,0
213363,0
213367,0
213368,0
213374,0
213379,0
213380,0
213384,0
213387,0
213390,0
213396,0
213399,0
213401,0
213404,0
213405,0
213419,0
213421,0
213422,0
213423,0
213424,0
213428,0
213436,0
213437,0
213439,0
213445,0
213446,0
213480,0
213482,0
213486,0
213489,0
213493,0
213495,0
213498,0
213500,0
213510,0
213516,0
213517,0
213524,0
213532,0
213537,0
213539,0
213543,0
213544,0
213555,0
213556,0
213559,0
213560,0
213566,0
213568,0
213571,0
213578,0
213580,0
213588,0
213591,0
213597,0
213606,0
213619,0
213620,0
213631,0
213634,0
213637,0
213639,0
213645,0
213647,0
213658,0
213671,0
213677,0
213678,0
213679,0
213684,0
213686,0
213691,0
213692,0
213702,0
213705,0
213712,0
213714,0
213718,0
213720,0
213724,0
213726,0
213727,0
213752,0
213763,0
213764,0
213770,0
213771,0
213772,0
213774,0
213777,0
213779,0
213784,0
213785,0
213793,0
213797,0
213803,0
213810,0
213811,0
213812,0
213817,0
213823,1
213834,0
213836,0
213842,0
213844,0
213854,0
213857,0
213861,0
213870,0
213873,0
213875,0
213879,0
213880,0
213884,0
213886,0
213888,0
213895,0
213916,0
213925,0
213927,0
213945,0
213946,0
213948,0
213949,0
213951,0
213957,0
213962,0
213967,1
213975,0
213983,0
213989,0
213999,0
214001,0
214013,0
214014,0
214018,0
214020,0
214029,0
214038,0
214039,0
214046,0
214059,0
214065,0
214067,0
214071,0
214075,0
214106,0
214108,0
214119,0
214126,0
214132,0
214145,0
214159,0
214161,0
214162,0
214163,0
214183,0
214187,0
214189,0
214192,0
214194,0
214196,0
214197,0
214202,0
214204,0
214207,0
214209,0
214213,0
214220,0
214221,0
214238,0
214242,1
214246,0
214249,0
214251,0
214252,0
214255,0
214256,0
214258,1
214261,0
214269,0
214271,0
214276,0
214277,1
214279,0
214281,0
214287,0
214297,0
214299,0
214303,0
214316,0
214322,0
214333,0
214340,0
214342,0
214350,0
214351,0
214362,0
214376,0
214377,0
214380,0
214401,0
214405,1
214406,0
214407,0
214412,0
214413,0
214417,0
214422,1
214424,0
214425,0
214430,0
214434,0
214436,0
214445,0
214449,0
214459,0
214466,0
214472,0
214474,0
214475,0
214490,0
214495,0
214502,0
214504,0
214506,0
214509,0
214515,0
214517,0
214519,0
214522,0
214524,0
214526,0
214535,1
214543,0
214549,0
214551,0
214555,0
214557,0
214561,0
214572,0
214576,0
214577,0
214578,0
214579,0
214582,0
214584,0
214586,0
214592,0
214594,0
214605,0
214614,0
214622,0
214635,0
214639,0
214641,0
214650,0
214666,1
214668,0
214674,0
214677,0
214688,0
214695,0
214697,0
214702,0
214707,0
214708,0
214712,0
214718,0
214727,0
214731,0
214732,0
214753,0
214755,0
214759,0
214762,0
214763,0
214769,0
214770,0
214773,0
214775,0
214776,0
214786,0
214790,0
214807,0
214809,0
214815,0
214818,0
214820,1
214821,0
214834,0
214839,0
214841,0
214845,0
214846,0
214847,0
214852,0
214854,0
214864,0
214866,0
214868,0
214876,0
214877,0
214878,0
214891,0
214892,0
214895,0
214911,0
214918,1
214930,0
214935,0
214940,0
214943,0
214948,0
214950,0
214955,0
214967,0
214974,0
214976,0
214977,0
214980,0
214996,0
215002,0
215008,0
215010,0
215013,0
215022,0
215023,0
215025,0
215027,0
215033,0
215040,0
215044,0
215045,0
215046,0
215056,1
215058,0
215071,0
215072,0
215073,0
215079,0
215081,0
215082,0
215085,0
215087,0
215092,0
215096,0
215102,0
215105,0
215106,0
215107,0
215109,0
215111,0
215119,1
215125,0
215127,1
215129,0
215132,0
215142,0
215155,0
215160,0
215164,0
215166,0
215168,0
215175,0
215182,0
215190,0
215193,0
215195,0
215199,0
215203,0
215204,0
215212,0
215218,0
215219,0
215226,0
215236,0
215242,1
215250,0
215252,0
215254,0
215263,0
215264,0
215277,0
215285,0
215287,0
215288,0
215298,0
215300,0
215303,0
215309,0
215312,0
215322,0
215338,0
215339,0
215342,0
215343,1
215356,0
215373,0
215376,0
215378,0
215383,1
215392,0
215396,0
215399,0
215400,0
215401,0
215403,0
215410,0
215427,0
215429,0
215434,0
215436,0
215437,0
215442,0
215443,0
215444,0
215445,1
215448,0
215453,0
215454,0
215466,0
215467,1
215486,0
215487,0
215494,0
215495,0
215496,0
215498,0
215499,0
215506,0
215508,0
215509,0
215515,0
215517,0
215519,0
215526,0
215534,0
215541,0
215549,0
215551,0
215560,0
215571,0
215592,0
215597,0
215598,0
215601,0
215602,0
215612,0
215614,0
215616,0
215619,0
215627,0
215636,0
215645,0
215651,0
215652,0
215659,0
215660,0
215662,0
215664,0
215669,0
215670,0
215673,0
215677,0
215679,0
215684,0
215685,0
215688,0
215691,0
215694,0
215704,0
215705,0
215709,0
215712,0
215719,0
215726,0
215741,0
215742,0
215746,0
215760,0
215761,0
215764,0
215768,0
215774,0
215775,0
215785,0
215786,0
215787,0
215789,0
215792,0
215795,0
215796,0
215807,0
215811,0
215815,0
215819,0
215820,0
215822,0
215841,0
215845,0
215848,0
215851,0
215853,0
215856,0
215871,0
215873,0
215875,0
215883,0
215886,0
215887,1
215891,0
215895,0
215905,0
215921,0
215932,0
215937,0
215939,0
215946,0
215961,0
215963,0
215965,0
215967,0
215969,0
215970,0
215976,0
215978,0
215987,0
215996,0
215997,0
215998,0
215999,0
216003,0
216004,0
216006,0
216013,0
216019,0
216033,0
216036,0
216038,0
216042,0
216044,1
216045,0
216046,0
216056,0
216057,0
216069,0
216073,0
216076,0
216081,0
216089,0
216094,0
216095,0
216098,0
216102,0
216104,0
216109,0
216126,0
216142,0
216146,0
216161,0
216168,0
216176,0
216178,0
216192,0
216193,0
216196,0
216207,0
216208,0
216209,0
216218,0
216227,0
216231,0
216238,0
216241,0
216244,0
216252,0
216254,0
216260,0
216261,0
216266,0
216271,0
216275,0
216298,0
216307,0
216309,0
216312,0
216314,0
216323,0
216325,0
216326,0
216331,0
216333,0
216334,0
216345,0
216347,0
216368,0
216371,0
216375,0
216376,0
216387,0
216394,0
216399,0
216400,0
216403,0
216417,0
216423,0
216424,0
216429,0
216431,0
216434,0
216445,0
216451,0
216460,0
216466,0
216468,0
216469,0
216471,0
216475,0
216488,0
216490,0
216504,0
216509,0
216513,0
216520,0
216522,0
216537,0
216541,0
216544,0
216549,0
216566,0
216577,0
216581,0
216589,0
216592,0
216594,1
216596,0
216601,0
216612,0
216613,0
216617,0
216625,0
216627,0
216635,0
216636,0
216640,0
216644,0
216646,0
216650,0
216655,0
216658,0
216662,0
216665,0
216674,0
216678,0
216679,0
216681,0
216682,0
216691,0
216692,1
216696,0
216709,0
216712,0
216715,0
216718,0
216721,0
216723,0
216724,0
216727,0
216730,0
216731,0
216732,0
216746,0
216757,0
216761,0
216778,0
216786,0
216788,0
216789,0
216794,0
216796,0
216806,0
216817,0
216818,1
216821,0
216822,0
216824,0
216830,0
216832,0
216839,0
216840,1
216851,0
216855,0
216861,0
216866,0
216876,0
216877,0
216893,0
216894,0
216903,1
216904,0
216910,0
216915,0
216934,0
216938,0
216939,0
216941,0
216954,0
216959,0
216966,0
216967,0
216975,0
216983,0
216986,0
216987,0
216988,0
216989,0
217014,0
217015,0
217028,0
217046,0
217053,0
217055,0
217056,0
217064,0
217066,0
217067,0
217069,0
217091,0
217100,0
217109,0
217120,0
217125,0
217131,0
217137,0
217147,0
217151,0
217182,0
217187,0
217188,0
217191,0
217199,0
217206,0
217212,0
217215,0
217216,0
217218,0
217227,0
217237,0
217238,0
217242,0
217246,0
217254,0
217259,0
217267,0
217269,0
217271,0
217273,0
217277,0
217279,0
217289,0
217295,0
217299,0
217301,0
217302,0
217310,0
217315,0
217325,0
217326,0
217329,0
217337,0
217338,0
217340,0
217346,0
217354,0
217357,0
217361,0
217383,0
217387,0
217389,0
217391,0
217396,0
217399,0
217400,0
217403,0
217404,0
217408,0
217410,0
217411,0
217414,0
217415,0
217420,0
217426,0
217427,0
217431,0
217433,0
217443,0
217450,0
217454,0
217469,0
217481,0
217484,0
217497,0
217498,0
217503,0
217505,0
217511,1
217518,0
217526,0
217527,0
217531,0
217535,0
217544,0
217549,0
217552,0
217553,0
217559,0
217561,0
217562,0
217570,0
217575,0
217576,0
217579,0
217580,0
217583,0
217593,0
217595,0
217603,0
217606,0
217622,0
217627,0
217628,0
217632,0
217637,0
217638,0
217661,1
217667,0
217673,1
217676,0
217679,0
217681,0
217688,0
217689,0
217695,0
217704,0
217710,0
217711,0
217713,0
217716,0
217719,0
217721,0
217723,0
217724,0
217730,0
217735,0
217740,0
217744,0
217750,0
217757,0
217763,0
217764,0
217767,0
217773,0
217783,0
217787,0
217789,0
217802,0
217805,0
217810,0
217813,0
217841,0
217842,0
217845,0
217847,0
217854,0
217860,0
217861,0
217862,0
217864,1
217865,0
217872,0
217887,0
217888,0
217892,0
217895,0
217896,0
217910,0
217917,0
217927,0
217929,0
217943,0
217944,0
217945,0
217946,0
217947,0
217951,0
217958,0
217965,0
217973,0
217983,0
217984,0
217988,0
217990,0
217993,0
217994,0
217995,0
218010,0
218013,0
218016,0
218020,0
218025,0
218027,0
218033,0
218036,0
218041,0
218045,0
218049,0
218056,0
218058,0
218064,0
218073,0
218074,0
218079,0
218080,0
218082,0
218086,0
218093,0
218097,0
218101,0
218105,0
218107,0
218108,0
218109,0
218113,0
218114,0
218116,0
218125,0
218128,0
218129,0
218130,0
218131,0
218140,0
218144,0
218150,0
218158,0
218159,0
218163,0
218164,0
218177,0
218185,0
218186,0
218188,0
218189,0
218196,0
218204,0
218207,0
218216,0
218221,0
218248,0
218261,0
218270,0
218277,0
218285,0
218287,0
218291,0
218292,0
218294,0
218303,0
218310,0
218312,0
218313,0
218318,0
218322,0
218324,0
218327,0
218331,0
218333,0
218341,0
218347,0
218349,0
218360,0
218362,0
218366,0
218367,1
218375,0
218380,0
218386,0
218395,0
218411,0
218412,0
218413,0
218414,0
218429,0
218431,0
218435,0
218437,0
218441,0
218447,1
218452,0
218457,0
218458,0
218462,0
218465,0
218467,0
218484,0
218486,0
218487,0
218492,0
218495,0
218496,0
218497,0
218506,0
218510,0
218520,0
218526,0
218533,0
218534,0
218538,0
218542,0
218549,0
218553,0
218555,0
218561,0
218565,0
218567,0
218572,0
218577,0
218589,0
218600,0
218605,0
218608,0
218610,0
218611,0
218614,0
218625,0
218626,0
218628,0
218631,0
218632,0
218641,0
218642,0
218658,0
218667,0
218668,0
218672,0
218676,1
218686,0
218688,0
218689,0
218693,0
218694,0
218695,0
218696,0
218706,0
218709,0
218711,0
218716,0
218719,0
218723,1
218729,0
218731,0
218741,0
218744,0
218760,0
218761,1
218762,0
218768,0
218771,1
218774,0
218777,0
218779,0
218782,0
218783,0
218785,0
218789,0
218792,0
218793,0
218803,0
218804,0
218812,0
218821,0
218825,0
218826,0
218829,0
218840,0
218842,1
218843,0
218844,0
218845,0
218851,0
218857,0
218861,0
218863,0
218867,1
218869,0
218878,0
218885,0
218901,0
218909,0
218917,0
218921,0
218922,0
218923,0
218930,0
218931,0
218932,0
218933,0
218935,0
218938,0
218939,0
218949,0
218955,0
218960,0
218962,0
218964,0
218966,0
218969,0
218977,0
218985,0
218991,0
219005,0
219008,0
219009,0
219012,0
219015,0
219019,0
219021,0
219037,0
219044,0
219066,0
219067,0
219071,0
219080,1
219083,0
219085,0
219088,0
219092,0
219099,0
219107,0
219108,0
219113,0
219115,0
219119,0
219121,0
219126,0
219127,0
219138,0
219142,0
219149,0
219157,0
219167,0
219169,0
219171,1
219190,0
219191,0
219206,0
219210,0
219229,0
219236,0
219238,0
219241,0
219243,0
219244,0
219249,0
219254,0
219259,0
219264,0
219285,0
219292,0
219299,0
219301,0
219306,0
219308,0
219312,0
219320,0
219322,0
219330,0
219332,0
219333,0
219338,0
219340,0
219343,0
219352,0
219353,0
219358,0
219361,0
219375,0
219379,0
219386,0
219388,0
219389,0
219393,0
219399,0
219401,0
219406,0
219408,0
219415,0
219416,0
219418,0
219427,0
219431,0
219434,0
219438,0
219448,0
219449,0
219461,0
219466,0
219469,0
219470,0
219476,0
219477,0
219479,0
219489,0
219490,0
219493,0
219495,0
219496,0
219500,0
219504,0
219505,0
219513,0
219519,0
219525,0
219539,0
219542,0
219565,0
219570,0
219571,0
219573,0
219574,0
219579,0
219581,0
219582,0
219588,0
219591,0
219597,0
219607,0
219613,0
219619,0
219627,0
219639,0
219640,0
219641,0
219642,0
219645,0
219647,0
219651,0
219657,0
219660,0
219667,0
219682,0
219684,0
219689,0
219700,0
219707,0
219712,0
219718,0
219719,0
219729,0
219730,0
219739,0
219741,0
219743,0
219748,0
219768,0
219773,0
219776,0
219789,0
219792,0
219793,0
219795,0
219798,0
219800,0
219802,0
219804,0
219808,0
219810,0
219812,0
219817,0
219819,0
219826,0
219833,0
219841,0
219848,0
219855,0
219861,0
219863,0
219865,0
219870,0
219871,0
219873,0
219877,0
219878,1
219879,0
219883,1
219889,0
219894,0
219902,0
219905,0
219908,0
219914,0
219915,0
219917,0
219920,0
219924,0
219925,0
219926,0
219942,0
219951,0
219954,0
219955,0
219960,0
219967,0
219968,0
219974,0
219979,0
219986,0
219987,0
219989,1
220002,0
220004,0
220005,0
220012,0
220022,0
220036,0
220037,0
220045,0
220049,0
220051,0
220052,0
220055,0
220057,0
220067,0
220070,1
220073,0
220074,0
220090,0
220112,0
220113,0
220115,0
220116,0
220120,0
220126,0
220136,0
220137,0
220147,0
220148,0
220153,0
220154,0
220155,0
220172,0
220174,0
220179,0
220182,0
220195,0
220205,0
220206,0
220211,0
220215,0
220217,0
220222,0
220228,0
220233,0
220238,0
220250,0
220252,0
220253,0
220257,0
220260,0
220268,0
220269,0
220274,0
220275,0
220276,0
220285,0
220287,0
220296,0
220298,0
220302,0
220304,0
220308,0
220312,0
220321,0
220324,0
220329,0
220334,0
220336,0
220348,0
220352,0
220362,0
220371,0
220374,0
220375,0
220378,0
220379,0
220399,0
220404,0
220416,0
220421,0
220422,0
220435,0
220437,0
220444,0
220456,0
220459,0
220467,0
220468,0
220470,0
220476,0
220479,0
220480,0
220490,0
220491,0
220498,0
220511,0
220513,0
220514,0
220516,0
220537,0
220540,0
220543,0
220549,0
220554,0
220555,0
220561,0
220564,0
220565,0
220566,0
220567,1
220570,0
220572,0
220577,0
220578,0
220582,0
220583,0
220588,0
220594,0
220596,0
220599,0
220601,0
220603,0
220604,0
220609,0
220627,0
220630,0
220635,0
220637,0
220639,0
220648,0
220653,0
220661,0
220672,0
220673,0
220679,0
220681,0
220686,0
220687,0
220691,0
220693,0
220705,0
220706,0
220719,0
220726,0
220740,1
220742,0
220743,0
220745,0
220749,0
220753,0
220754,0
220759,0
220761,0
220766,0
220776,0
220779,0
220784,0
220785,0
220787,0
220789,0
220791,0
220802,0
220803,0
220807,0
220808,0
220819,0
220821,0
220824,0
220830,0
220852,0
220856,0
220857,0
220858,0
220862,0
220866,0
220869,0
220870,0
220873,0
220876,0
220885,0
220900,0
220903,0
220904,0
220908,0
220914,0
220915,0
220916,0
220924,0
220945,0
220952,0
220954,0
220959,0
220961,1
220965,0
220969,0
220970,0
220975,0
220978,0
220980,0
220982,1
220983,0
220985,0
220989,0
220990,0
220994,0
221008,0
221009,0
221024,0
221026,0
221030,0
221031,0
221035,0
221038,0
221042,0
221048,0
221057,0
221060,0
221071,0
221075,0
221087,0
221088,0
221092,0
221094,0
221106,0
221108,0
221111,0
221112,0
221118,0
221120,0
221121,0
221123,0
221126,0
221134,0
221136,0
221138,0
221142,0
221143,0
221157,0
221158,0
221159,0
221164,0
221171,0
221175,0
221184,0
221190,0
221194,0
221195,0
221199,0
221201,0
221212,0
221217,0
221227,0
221233,0
221234,0
221239,0
221245,0
221248,0
221250,0
221268,1
221272,0
221277,0
221280,0
221282,0
221286,0
221288,0
221301,0
221306,0
221318,0
221320,0
221323,0
221325,0
221328,0
221331,0
221336,0
221345,0
221352,0
221359,0
221361,0
221365,0
221369,0
221386,0
221389,0
221390,0
221402,0
221403,1
221407,0
221408,1
221410,0
221416,0
221419,0
221424,0
221427,0
221429,0
221433,0
221435,0
221438,0
221443,0
221445,0
221451,0
221454,0
221464,0
221465,0
221466,0
221467,0
221472,0
221474,0
221477,0
221478,0
221482,0
221491,0
221492,0
221496,0
221510,0
221511,0
221517,0
221522,0
221524,0
221528,0
221531,0
221534,0
221535,0
221536,0
221546,0
221547,1
221548,0
221551,0
221556,0
221564,0
221565,0
221568,0
221574,0
221578,0
221579,0
221583,0
221599,0
221603,0
221607,0
221609,0
221614,0
221619,0
221623,0
221627,0
221635,0
221646,0
221648,1
221652,0
221661,0
221665,0
221674,0
221675,0
221677,0
221678,0
221683,0
221700,0
221701,0
221706,0
221714,1
221715,0
221717,0
221722,0
221730,0
221746,0
221749,0
221754,0
221758,0
221765,0
221767,0
221768,0
221772,0
221774,1
221783,0
221786,0
221790,0
221792,0
221797,0
221803,0
221807,0
221810,0
221811,0
221824,0
221827,0
221831,0
221841,0
221849,0
221854,0
221857,0
221858,0
221864,0
221873,0
221893,0
221894,0
221897,0
221902,0
221906,0
221911,0
221912,0
221914,0
221921,0
221923,0
221933,0
221938,0
221940,0
221943,0
221948,0
221957,0
221960,0
221961,0
221962,0
221963,0
221971,0
221973,1
221978,0
221980,0
221983,0
221995,0
222005,0
222006,0
222007,0
222013,0
222015,0
222017,0
222018,0
222023,0
222024,0
222026,0
222032,0
222041,0
222042,0
222043,0
222045,0
222046,0
222047,0
222063,0
222069,0
222073,0
222076,0
222077,0
222078,0
222083,0
222087,0
222088,0
222093,0
222101,0
222104,0
222107,0
222110,0
222112,0
222113,0
222120,0
222122,0
222127,0
222129,0
222133,0
222134,0
222142,0
222143,0
222148,0
222164,0
222165,0
222171,0
222178,0
222179,0
222185,0
222200,0
222203,0
222208,0
222211,0
222217,0
222220,0
222221,0
222229,0
222232,0
222239,0
222242,0
222263,0
222270,0
222273,0
222274,0
222278,0
222281,0
222291,0
222293,0
222294,0
222304,0
222309,0
222310,0
222316,0
222317,0
222322,0
222323,0
222327,0
222329,0
222330,0
222340,0
222343,0
222347,1
222354,0
222355,0
222364,0
222369,0
222379,0
222381,0
222383,0
222387,0
222390,0
222391,0
222400,0
222402,0
222403,0
222404,0
222420,0
222431,1
222434,0
222436,0
222445,0
222449,0
222451,0
222460,0
222463,0
222471,0
222473,0
222477,0
222479,0
222482,0
222485,0
222493,0
222495,0
222518,0
222520,0
222522,0
222525,0
222526,0
222529,0
222533,0
222534,0
222536,0
222542,0
222556,1
222558,0
222559,0
222574,0
222593,0
222596,0
222597,0
222605,0
222612,0
222615,0
222620,0
222625,0
222637,0
222638,0
222641,0
222645,1
222648,0
222652,0
222670,0
222675,0
222677,0
222680,0
222694,0
222696,0
222703,0
222704,0
222714,0
222716,0
222718,0
222727,0
222741,0
222743,0
222745,0
222746,0
222747,0
222753,0
222758,0
222764,0
222767,0
222785,0
222787,0
222790,0
222793,0
222796,0
222806,0
222807,0
222810,0
222811,0
222817,0
222823,0
222825,0
222829,1
222832,0
222835,0
222844,0
222846,0
222850,0
222855,0
222856,0
222859,1
222867,0
222868,0
222876,0
222884,0
222887,0
222890,0
222894,0
222902,0
222906,0
222907,0
222915,0
222916,0
222923,0
222927,0
222932,0
222933,0
222936,0
222944,0
222951,0
222953,0
222958,0
222961,0
222962,0
222965,0
222972,1
222973,0
222986,0
222991,0
222993,0
222994,0
222996,0
223003,0
223004,0
223005,0
223007,0
223011,0
223023,0
223027,0
223037,0
223041,0
223054,0
223060,0
223061,0
223064,0
223071,0
223072,0
223086,0
223103,0
223104,0
223105,0
223106,1
223109,0
223117,0
223118,0
223119,0
223126,1
223128,0
223134,0
223137,0
223139,0
223141,0
223143,0
223147,0
223148,0
223153,0
223156,0
223157,0
223160,0
223163,0
223176,0
223178,0
223181,0
223192,1
223201,0
223211,0
223218,0
223228,0
223243,0
223248,0
223258,0
223270,0
223274,0
223275,0
223277,0
223283,0
223287,0
223290,0
223293,0
223298,0
223305,0
223307,0
223308,0
223310,0
223312,0
223313,0
223329,0
223337,0
223340,0
223341,0
223345,0
223350,0
223353,0
223355,0
223361,0
223373,0
223376,0
223381,0
223392,0
223395,0
223400,0
223402,0
223408,0
223409,0
223412,0
223415,0
223434,0
223435,0
223436,0
223442,0
223444,0
223462,0
223463,0
223480,0
223481,0
223484,0
223495,0
223500,0
223501,0
223506,0
223514,0
223521,0
223523,0
223524,0
223530,0
223541,0
223543,0
223544,0
223545,0
223548,0
223554,0
223557,0
223559,0
223569,0
223572,0
223574,0
223580,0
223583,0
223588,0
223591,0
223592,0
223595,0
223597,0
223604,0
223613,0
223625,0
223626,0
223628,0
223629,0
223630,0
223641,0
223651,0
223654,0
223655,0
223657,0
223661,0
223664,0
223672,0
223674,0
223680,0
223682,0
223683,0
223692,0
223694,0
223699,0
223700,0
223704,0
223705,0
223721,0
223724,0
223727,0
223728,0
223729,0
223730,0
223734,0
223741,0
223749,0
223754,0
223759,0
223784,0
223793,0
223798,0
223803,0
223805,0
223812,0
223821,0
223826,0
223827,0
223832,0
223849,0
223867,0
223877,0
223882,0
223884,0
223885,0
223887,0
223894,0
223895,0
223898,0
223900,0
223901,0
223909,0
223911,0
223913,0
223918,0
223919,0
223926,0
223939,0
223941,0
223942,0
223961,0
223968,0
223971,0
223972,0
223973,0
223988,0
223995,0
223998,0
224001,0
224003,0
224006,0
224008,0
224010,0
224011,0
224024,0
224025,0
224027,0
224037,0
224038,0
224041,0
224052,0
224054,0
224066,0
224070,0
224071,0
224077,0
224080,0
224081,0
224086,0
224093,0
224112,0
224113,0
224115,0
224118,0
224119,0
224121,0
224123,0
224129,0
224137,0
224144,0
224157,0
224158,0
224160,0
224170,0
224182,1
224184,0
224191,0
224192,0
224193,0
224196,0
224199,0
224208,0
224210,0
224214,0
224216,0
224217,0
224220,1
224222,1
224231,0
224237,0
224240,0
224241,0
224242,0
224244,0
224251,0
224266,0
224268,0
224269,0
224270,0
224271,0
224279,0
224280,0
224282,0
224290,0
224293,1
224295,0
224301,0
224303,0
224308,0
224310,0
224315,0
224320,0
224324,0
224326,0
224334,0
224335,0
224336,0
224337,0
224345,0
224347,0
224358,0
224359,0
224364,0
224369,0
224381,0
224384,0
224387,0
224402,0
224403,0
224406,0
224407,0
224410,0
224411,0
224423,0
224426,0
224427,0
224432,0
224442,0
224447,0
224448,0
224457,0
224460,1
224471,0
224479,0
224481,0
224484,0
224497,0
224503,0
224505,0
224510,0
224516,0
224523,0
224526,0
224535,0
224540,0
224542,0
224551,0
224560,0
224563,0
224565,0
224568,0
224570,0
224573,0
224575,0
224578,0
224579,0
224581,0
224595,0
224600,0
224606,0
224612,0
224618,0
224620,0
224622,0
224625,0
224636,0
224643,0
224652,0
224656,0
224659,0
224664,0
224665,0
224681,0
224683,0
224684,0
224685,0
224687,0
224688,0
224711,0
224713,0
224715,0
224720,0
224728,0
224729,0
224730,0
224731,0
224734,0
224742,0
224743,0
224750,0
224751,0
224752,0
224753,0
224754,0
224771,0
224772,0
224777,0
224789,0
224798,0
224801,0
224810,0
224811,0
224818,1
224821,0
224825,0
224826,0
224827,0
224830,0
224832,0
224833,0
224839,0
224841,0
224845,0
224848,0
224850,0
224861,0
224868,0
224872,0
224878,0
224879,0
224881,0
224894,0
224900,0
224905,0
224909,0
224911,0
224913,0
224918,0
224936,0
224947,0
224954,0
224959,0
224970,0
224974,0
224977,0
224982,0
224983,0
224989,0
224995,0
225006,0
225014,0
225020,0
225026,0
225033,0
225034,0
225035,0
225041,0
225045,0
225046,0
225047,0
225049,0
225054,0
225055,0
225061,0
225062,0
225067,0
225068,0
225070,0
225075,0
225076,0
225085,0
225099,0
225100,0
225103,0
225106,0
225110,0
225116,0
225123,1
225127,0
225132,0
225135,0
225141,0
225143,0
225145,0
225146,0
225151,0
225157,0
225164,0
225167,0
225170,0
225172,0
225199,0
225202,0
225214,0
225218,0
225231,0
225232,0
225246,0
225252,0
225257,0
225261,0
225264,0
225266,0
225270,0
225274,0
225275,0
225279,0
225285,0
225287,0
225289,0
225294,0
225295,0
225296,0
225302,0
225329,0
225331,0
225332,0
225333,0
225335,0
225337,0
225341,0
225342,0
225346,0
225351,0
225353,0
225354,0
225358,0
225359,0
225365,0
225366,0
225369,0
225374,0
225375,0
225379,0
225380,0
225382,0
225402,0
225407,0
225424,0
225432,0
225436,0
225437,1
225443,0
225444,0
225445,0
225447,1
225454,0
225459,0
225464,0
225470,0
225477,0
225483,0
225485,0
225488,0
225495,0
225503,0
225505,0
225511,0
225515,0
225529,0
225531,0
225534,0
225545,0
225552,0
225556,0
225565,0
225579,0
225581,0
225582,0
225585,0
225594,0
225602,0
225603,0
225610,0
225614,0
225621,1
225628,0
225630,0
225636,0
225637,0
225639,0
225645,0
225649,0
225658,0
225659,0
225663,0
225671,1
225673,0
225683,0
225684,0
225685,0
225686,0
225694,0
225696,0
225700,0
225701,0
225703,0
225704,0
225708,0
225711,0
225715,0
225720,0
225721,0
225722,0
225725,0
225730,0
225732,0
225738,0
225744,0
225757,0
225773,0
225774,0
225777,0
225780,0
225786,0
225800,1
225824,0
225831,0
225848,0
225851,0
225856,0
225859,0
225860,0
225862,0
225866,0
225871,0
225874,0
225876,0
225882,0
225883,0
225884,0
225889,0
225898,0
225900,0
225903,1
225909,0
225910,0
225914,0
225946,0
225950,0
225956,0
225970,0
225977,0
225983,0
225984,0
225988,0
226001,0
226004,1
226009,0
226010,0
226012,0
226014,0
226017,0
226020,0
226030,0
226034,0
226040,0
226041,0
226049,0
226050,0
226051,0
226055,0
226058,0
226061,0
226065,0
226070,0
226073,0
226075,0
226080,0
226088,0
226089,0
226093,0
226097,0
226098,0
226100,0
226104,0
226108,0
226111,0
226116,0
226135,0
226138,0
226139,0
226140,0
226147,0
226153,0
226154,0
226158,1
226166,0
226170,0
226179,0
226188,0
226195,0
226203,0
226205,0
226210,0
226211,0
226212,0
226215,0
226219,0
226222,0
226225,0
226226,0
226229,0
226234,0
226237,0
226238,0
226248,0
226249,0
226252,0
226254,0
226260,0
226261,0
226267,0
226270,0
226271,0
226292,0
226293,0
226295,0
226296,0
226301,1
226304,0
226310,0
226315,0
226316,1
226322,1
226326,0
226330,0
226333,0
226336,0
226339,0
226343,0
226360,0
226366,0
226369,0
226373,0
226375,0
226376,0
226391,0
226396,0
226399,0
226402,0
226405,0
226407,0
226415,0
226416,0
226426,0
226428,0
226434,0
226441,0
226444,0
226452,0
226455,0
226461,0
226465,0
226481,0
226489,0
226492,0
226493,0
226496,0
226498,0
226499,0
226500,0
226506,0
226507,0
226508,0
226515,0
226519,0
226528,0
226532,0
226535,0
226537,0
226543,0
226549,0
226555,0
226557,0
226560,0
226568,0
226569,0
226570,0
226579,0
226582,0
226588,0
226596,0
226611,1
226613,0
226615,0
226616,0
226617,0
226618,1
226622,0
226625,0
226633,0
226639,0
226657,0
226658,0
226664,0
226666,0
226668,0
226677,0
226682,0
226690,0
226692,0
226704,0
226707,0
226714,0
226715,0
226717,0
226718,0
226720,0
226722,0
226726,0
226731,0
226751,0
226755,0
226762,0
226763,0
226765,0
226770,0
226778,0
226793,0
226796,0
226803,0
226805,0
226806,0
226809,0
226812,0
226824,0
226831,0
226833,0
226835,1
226838,0
226845,0
226857,0
226866,0
226867,0
226869,0
226870,0
226871,0
226876,0
226878,0
226880,0
226885,0
226888,0
226889,0
226892,0
226900,0
226926,0
226929,0
226930,0
226931,0
226935,0
226937,0
226940,0
226946,0
226951,0
226959,0
226960,0
226961,0
226967,0
226969,0
226970,0
226972,0
226973,0
226978,0
226982,0
226989,0
226992,0
226993,0
227002,0
227003,0
227028,1
227039,0
227044,0
227045,0
227054,1
227055,0
227073,0
227078,0
227079,0
227080,0
227081,0
227085,0
227089,0
227090,0
227101,0
227103,0
227107,0
227109,0
227120,0
227122,0
227138,0
227142,0
227145,0
227153,0
227157,0
227163,0
227168,0
227169,0
227171,0
227172,0
227188,0
227202,0
227206,0
227208,0
227211,0
227219,0
227224,0
227227,0
227230,0
227233,0
227234,0
227247,0
227248,0
227256,0
227263,0
227267,0
227268,0
227271,0
227272,0
227277,0
227282,0
227283,0
227289,0
227291,0
227294,0
227295,0
227298,0
227299,0
227308,0
227311,0
227323,0
227327,0
227333,0
227339,1
227340,0
227351,0
227352,0
227369,0
227374,0
227379,0
227382,0
227383,0
227386,0
227391,0
227392,0
227397,0
227399,0
227402,0
227405,0
227409,0
227413,0
227428,0
227431,0
227434,0
227435,0
227437,0
227441,0
227443,0
227444,0
227445,0
227452,0
227462,0
227466,0
227468,1
227476,0
227483,0
227484,0
227498,0
227502,0
227509,0
227510,0
227514,0
227515,1
227530,0
227531,0
227533,0
227542,0
227544,0
227547,0
227558,0
227567,0
227573,0
227580,0
227582,0
227587,0
227595,0
227597,0
227601,0
227617,0
227619,0
227622,0
227627,0
227628,0
227630,0
227633,0
227635,0
227640,0
227645,0
227646,0
227649,0
227650,0
227653,0
227658,0
227667,0
227671,0
227674,0
227677,1
227686,0
227687,0
227690,0
227694,0
227703,0
227711,0
227717,0
227726,0
227727,0
227728,0
227735,0
227747,0
227753,0
227761,0
227762,0
227770,0
227782,0
227783,0
227790,0
227791,0
227793,0
227795,0
227805,0
227806,0
227812,0
227815,0
227817,0
227821,0
227824,0
227833,0
227835,0
227836,0
227839,0
227845,0
227846,0
227853,0
227863,0
227867,0
227876,0
227880,0
227881,0
227882,0
227891,0
227915,0
227916,0
227922,0
227925,0
227929,0
227931,0
227936,0
227940,0
227953,0
227954,0
227964,0
227965,0
227967,0
227981,0
227983,0
227999,1
228020,0
228027,0
228028,0
228030,0
228032,0
228036,0
228039,0
228040,0
228041,0
228043,0
228048,0
228051,0
228052,0
228070,0
228071,0
228072,0
228078,0
228085,0
228096,0
228105,0
228113,0
228114,0
228117,1
228128,0
228129,0
228131,0
228137,0
228139,0
228144,0
228147,1
228148,0
228154,0
228155,0
228160,0
228163,0
228164,0
228167,0
228176,0
228197,0
228201,0
228219,0
228227,0
228230,0
228236,0
228246,0
228247,0
228256,0
228263,0
228270,0
228272,0
228273,0
228283,0
228285,0
228288,0
228292,0
228302,0
228304,0
228305,0
228312,0
228314,0
228317,0
228320,0
228323,0
228335,0
228336,0
228341,0
228344,0
228352,0
228356,0
228376,0
228379,0
228380,0
228386,0
228388,0
228389,0
228390,0
228399,0
228404,0
228405,0
228409,0
228411,0
228424,0
228428,0
228429,0
228431,0
228434,0
228440,0
228452,0
228453,0
228464,0
228469,0
228479,0
228480,0
228481,0
228491,0
228494,0
228503,0
228504,0
228505,0
228511,0
228513,0
228516,0
228523,0
228534,0
228537,0
228545,0
228554,0
228560,0
228562,0
228566,0
228568,0
228570,0
228571,0
228579,0
228583,0
228588,0
228592,0
228602,0
228603,0
228606,0
228609,0
228612,0
228623,0
228625,0
228634,1
228642,0
228643,0
228647,0
228662,0
228664,0
228667,0
228669,0
228672,0
228677,0
228679,0
228685,0
228686,0
228689,0
228690,0
228693,0
228702,0
228714,0
228717,0
228724,0
228735,0
228744,0
228749,0
228758,0
228759,0
228765,0
228776,0
228778,0
228779,1
228784,0
228785,0
228787,0
228799,0
228800,0
228804,0
228811,0
228819,0
228829,0
228833,0
228835,0
228838,0
228849,0
228850,0
228866,0
228871,0
228872,0
228876,0
228882,0
228897,0
228900,0
228912,0
228914,0
228915,0
228916,0
228917,0
228918,0
228919,0
228921,0
228927,0
228929,0
228931,0
228945,0
228950,0
228951,0
228954,0
228955,0
228957,0
228966,0
228971,0
228981,0
228987,0
228989,0
228994,0
228995,0
228996,0
228998,0
229003,0
229009,0
229013,0
229024,0
229028,0
229032,0
229035,0
229055,0
229060,0
229073,0
229085,0
229086,0
229088,0
229090,0
229095,0
229104,0
229110,0
229112,0
229117,0
229118,0
229123,0
229125,0
229126,1
229127,0
229132,0
229133,0
229149,0
229153,0
229155,0
229157,0
229158,0
229163,0
229165,0
229168,0
229170,0
229174,0
229177,0
229188,0
229198,0
229211,0
229216,0
229218,0
229250,0
229252,0
229254,0
229263,0
229265,0
229276,0
229277,0
229280,0
229298,1
229303,0
229305,0
229314,0
229322,0
229331,0
229338,0
229341,0
229347,0
229348,0
229354,0
229355,0
229363,0
229369,0
229372,0
229373,0
229377,0
229381,1
229384,0
229387,0
229406,0
229408,0
229423,0
229424,0
229430,0
229434,0
229435,0
229438,0
229440,0
229442,0
229444,0
229446,0
229448,0
229451,0
229458,0
229459,0
229464,0
229466,0
229473,0
229474,0
229488,0
229489,0
229493,1
229494,1
229499,0
229516,0
229517,0
229518,1
229521,0
229527,0
229530,0
229535,0
229536,0
229549,0
229556,0
229565,0
229567,0
229585,0
229589,0
229591,0
229593,0
229595,0
229599,0
229605,0
229613,0
229614,1
229624,0
229634,0
229635,0
229649,0
229662,0
229664,0
229677,0
229681,0
229682,0
229684,0
229695,0
229705,0
229708,0
229713,0
229719,0
229721,0
229723,0
229725,0
229727,0
229731,0
229732,0
229733,0
229734,0
229738,0
229740,0
229744,0
229753,0
229756,0
229758,0
229764,0
229773,0
229777,0
229778,0
229785,0
229787,1
229789,0
229794,0
229803,0
229805,0
229809,0
229813,0
229816,0
229817,0
229819,0
229825,1
229835,0
229838,0
229848,0
229862,0
229867,0
229873,0
229874,0
229875,0
229877,0
229878,0
229881,0
229890,0
229892,0
229893,0
229895,0
229896,0
229905,0
229908,0
229913,0
229915,0
229918,0
229922,0
229923,0
229934,0
229940,0
229943,0
229957,0
229962,0
229972,0
229985,0
229992,0
229995,0
229997,0
230000,0
230003,0
230014,0
230025,0
230035,0
230038,0
230043,0
230047,0
230060,0
230061,0
230068,0
230069,0
230079,0
230092,0
230094,0
230096,0
230097,0
230099,0
230103,0
230104,0
230116,0
230120,0
230121,0
230127,0
230133,1
230138,1
230139,0
230141,0
230150,0
230152,0
230163,0
230164,0
230167,0
230168,0
230169,0
230183,0
230186,1
230192,0
230196,0
230199,0
230207,0
230213,0
230216,0
230223,0
230224,0
230231,0
230232,0
230234,0
230242,0
230243,0
230257,0
230268,0
230275,0
230278,0
230288,0
230289,1
230292,0
230293,0
230300,0
230304,0
230305,0
230317,0
230326,0
230328,0
230331,0
230333,0
230334,0
230345,0
230349,0
230353,0
230354,0
230356,0
230359,0
230360,0
230361,0
230364,0
230366,0
230368,0
230376,0
230388,1
230390,0
230394,0
230397,0
230406,0
230409,0
230410,0
230414,0
230415,0
230419,0
230420,0
230423,0
230425,0
230434,0
230439,0
230451,0
230459,0
230467,0
230470,0
230472,0
230474,0
230490,0
230491,0
230493,0
230498,0
230505,0
230513,0
230515,0
230519,0
230520,0
230521,0
230530,0
230532,0
230536,0
230547,0
230561,0
230563,0
230566,0
230592,1
230597,0
230599,0
230600,0
230603,0
230612,0
230615,0
230617,0
230623,0
230625,0
230631,0
230636,0
230637,0
230655,0
230671,0
230672,0
230674,0
230676,0
230679,0
230683,0
230686,0
230693,0
230712,0
230716,1
230718,0
230727,0
230731,0
230736,0
230739,0
230740,0
230743,0
230744,0
230747,0
230749,0
230753,0
230762,0
230767,0
230777,0
230778,0
230786,0
230788,0
230802,0
230803,0
230807,0
230825,0
230833,0
230839,0
230841,0
230844,0
230847,0
230848,0
230849,0
230855,0
230856,0
230858,0
230865,0
230873,0
230875,0
230884,0
230886,0
230887,0
230897,0
230900,0
230905,0
230923,0
230932,0
230935,0
230939,0
230940,0
230944,0
230952,0
230958,0
230961,0
230975,0
230985,0
230989,0
230996,0
231008,1
231014,0
231025,0
231029,0
231030,0
231040,0
231046,0
231078,0
231081,0
231083,0
231088,0
231089,0
231093,0
231096,0
231100,0
231102,0
231103,0
231105,0
231109,0
231131,1
231132,0
231141,0
231143,0
231149,0
231150,0
231153,0
231157,0
231166,1
231171,0
231172,0
231187,0
231192,0
231198,0
231201,0
231205,0
231207,0
231208,0
231209,0
231213,1
231215,0
231218,0
231220,0
231224,0
231226,0
231241,0
231242,0
231244,0
231248,0
231254,0
231257,0
231262,0
231266,0
231278,0
231283,0
231291,0
231299,0
231304,0
231310,0
231311,0
231312,0
231313,0
231334,0
231336,0
231342,0
231348,0
231355,0
231359,0
231360,0
231364,0
231370,0
231374,0
231383,0
231386,0
231392,0
231401,0
231413,0
231422,1
231423,0
231428,0
231438,0
231440,0
231448,0
231453,0
231456,0
231457,0
231459,0
231461,0
231463,1
231466,1
231470,0
231477,0
231480,0
231490,0
231494,0
231498,0
231503,0
231507,0
231510,0
231524,0
231527,1
231535,0
231537,0
231546,0
231550,0
231551,0
231562,0
231563,0
231578,0
231581,0
231586,0
231590,0
231613,0
231624,0
231625,0
231626,0
231631,0
231632,0
231633,0
231640,0
231643,0
231650,0
231652,0
231653,0
231658,0
231660,0
231662,0
231663,0
231673,0
231680,0
231689,0
231699,0
231703,0
231709,0
231714,0
231718,0
231720,0
231732,0
231734,1
231749,0
231750,0
231753,0
231761,0
231767,0
231772,0
231780,0
231782,0
231788,0
231789,0
231810,0
231813,0
231814,0
231818,0
231823,0
231826,0
231827,0
231831,0
231841,0
231842,0
231846,0
231850,0
231857,0
231859,0
231866,0
231870,0
231876,1
231877,0
231878,0
231887,0
231896,0
231898,0
231905,0
231914,0
231919,0
231925,0
231926,0
231948,0
231949,0
231956,0
231957,0
231959,0
231963,0
231969,0
231981,0
231982,0
231992,0
231993,0
231995,0
231997,0
232008,0
232010,0
232014,0
232021,0
232022,0
232025,0
232026,0
232029,0
232032,0
232035,0
232037,0
232038,0
232050,0
232057,0
232079,0
232089,0
232093,0
232103,0
232107,0
232122,0
232125,0
232129,0
232134,0
232135,0
232141,0
232146,0
232150,0
232160,0
232163,0
232166,0
232181,0
232185,0
232188,0
232192,0
232193,0
232196,0
232210,0
232216,0
232223,0
232228,0
232230,0
232234,0
232236,1
232238,0
232240,0
232251,0
232259,0
232279,0
232284,0
232286,0
232287,0
232290,0
232293,1
232313,0
232319,0
232321,0
232327,0
232339,0
232343,0
232349,0
232352,0
232375,0
232378,0
232383,0
232390,0
232392,0
232397,0
232408,0
232409,0
232417,0
232418,0
232427,0
232429,0
232430,0
232431,0
232439,0
232447,0
232459,0
232462,0
232465,0
232477,0
232480,0
232481,0
232487,0
232492,0
232499,0
232500,0
232503,1
232507,0
232512,0
232514,0
232516,0
232530,0
232532,0
232533,0
232550,0
232552,0
232558,1
232560,0
232570,0
232581,0
232583,0
232588,0
232590,0
232601,0
232602,0
232603,0
232606,0
232609,0
232610,0
232617,0
232619,0
232624,0
232628,0
232635,0
232648,0
232650,0
232653,0
232654,0
232657,0
232665,0
232666,0
232682,0
232686,0
232692,0
232694,0
232698,0
232701,0
232705,0
232707,0
232710,0
232712,1
232713,0
232715,0
232717,0
232722,0
232734,0
232740,0
232751,1
232755,0
232765,0
232766,0
232774,0
232785,0
232792,0
232811,0
232813,0
232815,0
232819,0
232821,0
232836,0
232841,0
232852,0
232858,0
232860,0
232864,0
232865,0
232869,0
232870,0
232872,0
232878,0
232879,0
232889,0
232896,0
232899,0
232907,0
232911,0
232914,0
232917,0
232922,0
232926,0
232933,0
232940,0
232956,0
232958,0
232963,0
232966,0
232977,0
232979,0
232983,0
232985,0
232989,0
232990,0
232992,0
232996,0
232998,0
233000,0
233002,0
233003,0
233008,0
233021,0
233029,0
233042,0
233043,0
233045,1
233050,0
233056,1
233070,0
233080,0
233090,0
233098,0
233100,0
233104,0
233105,0
233106,0
233107,0
233125,0
233126,0
233134,0
233141,0
233149,0
233153,0
233163,0
233173,0
233181,0
233185,0
233207,0
233208,0
233220,0
233223,0
233230,0
233233,0
233244,0
233245,0
233249,0
233254,0
233256,0
233260,0
233268,0
233276,1
233279,0
233282,0
233286,0
233287,0
233291,0
233296,0
233298,0
233303,0
233305,0
233316,0
233321,0
233337,0
233341,0
233346,0
233350,0
233363,0
233380,0
233387,0
233391,0
233401,0
233403,0
233409,0
233418,0
233419,0
233420,0
233424,0
233429,0
233431,0
233432,0
233434,0
233439,0
233441,0
233446,0
233453,0
233467,0
233469,0
233474,0
233477,0
233505,0
233506,0
233508,0
233510,0
233513,0
233514,0
233516,0
233519,0
233529,0
233534,0
233544,0
233551,0
233552,0
233553,0
233554,0
233557,0
233558,0
233559,0
233574,0
233578,1
233587,0
233592,0
233596,0
233598,0
233601,0
233608,0
233613,0
233614,0
233618,0
233622,0
233638,0
233640,0
233642,0
233675,0
233682,0
233686,0
233688,0
233696,0
233701,0
233707,0
233713,0
233716,0
233718,0
233721,0
233722,0
233723,0
233747,0
233756,0
233762,0
233775,1
233776,0
233799,0
233801,0
233806,0
233820,0
233832,0
233834,0
233838,0
233843,0
233853,0
233855,0
233858,0
233877,0
233878,0
233879,0
233881,0
233883,0
233894,0
233902,0
233907,0
233909,0
233911,0
233912,0
233914,0
233922,0
233934,0
233935,0
233951,1
233952,0
233955,0
233957,0
233958,0
233970,0
233977,0
233978,0
233986,0
233997,0
234002,0
234005,0
234008,0
234010,0
234014,0
234017,0
234018,0
234021,0
234025,0
234031,1
234033,0
234034,0
234036,0
234042,0
234044,0
234051,0
234052,0
234056,0
234067,0
234080,0
234082,0
234085,0
234086,0
234096,0
234103,0
234111,0
234114,0
234115,1
234118,0
234119,0
234125,0
234127,0
234141,0
234148,1
234149,0
234150,0
234151,0
234154,0
234159,0
234163,0
234166,0
234179,0
234181,0
234187,0
234199,0
234215,0
234217,0
234221,0
234222,0
234223,0
234226,0
234228,0
234232,0
234233,0
234245,0
234248,0
234249,1
234251,0
234253,0
234256,0
234258,0
234264,0
234272,0
234277,0
234284,0
234286,0
234297,0
234298,1
234300,0
234309,0
234316,0
234330,0
234331,0
234333,0
234340,0
234349,0
234353,0
234359,0
234360,0
234361,0
234362,0
234367,0
234371,0
234372,0
234379,0
234381,0
234383,0
234390,0
234394,0
234397,0
234399,0
234400,0
234410,0
234417,0
234423,0
234431,0
234434,0
234435,0
234437,0
234438,0
234441,0
234443,0
234444,0
234446,0
234447,0
234454,0
234459,1
234461,0
234463,0
234467,0
234470,0
234472,0
234473,0
234474,0
234476,0
234480,0
234484,0
234485,0
234488,0
234489,0
234505,0
234510,0
234513,0
234514,0
234516,0
234519,0
234526,0
234535,0
234536,1
234538,0
234544,0
234552,0
234559,0
234560,0
234562,1
234567,0
234568,0
234570,0
234572,0
234573,0
234574,0
234576,0
234578,0
234584,0
234587,0
234588,0
234595,0
234613,0
234622,0
234626,0
234629,1
234631,0
234637,0
234654,0
234656,0
234661,0
234664,0
234675,0
234677,0
234684,0
234689,0
234704,0
234706,0
234714,0
234719,0
234726,0
234731,0
234733,0
234743,0
234745,0
234746,0
234748,0
234750,0
234759,0
234763,0
234766,0
234768,0
234770,0
234779,0
234781,0
234793,0
234800,0
234823,0
234824,0
234839,0
234842,0
234845,0
234849,0
234854,0
234859,0
234872,0
234873,0
234874,0
234875,0
234883,0
234885,0
234886,0
234889,0
234890,0
234893,0
234902,0
234904,0
234909,0
234921,0
234922,0
234924,1
234934,0
234950,0
234955,0
234958,0
234962,0
234963,0
234979,0
234983,0
234984,0
234990,0
234992,0
234995,1
235008,0
235009,0
235012,0
235017,0
235022,0
235024,0
235035,0
235037,0
235038,0
235040,0
235043,0
235047,0
235049,0
235055,0
235058,0
235064,0
235066,0
235069,0
235073,1
235075,0
235076,0
235077,0
235078,0
235079,0
235086,1
235087,0
235088,0
235091,0
235105,0
235118,0
235119,0
235122,0
235123,0
235124,0
235125,0
235134,0
235138,0
235143,0
235145,0
235157,0
235158,0
235159,0
235161,0
235162,0
235164,0
235165,0
235166,0
235168,0
235179,0
235181,1
235185,0
235187,1
235191,0
235192,0
235198,0
235203,0
235205,0
235208,0
235213,0
235217,0
235219,0
235224,0
235231,0
235232,0
235238,0
235262,0
235269,0
235294,0
235295,0
235296,0
235298,0
235299,0
235300,0
235305,0
235311,0
235313,0
235320,0
235325,0
235327,0
235328,0
235329,0
235330,0
235335,0
235337,0
235343,0
235345,0
235354,0
235362,0
235374,0
235384,0
235386,0
235387,0
235389,0
235390,0
235400,0
235403,0
235404,1
235405,0
235406,0
235411,0
235416,0
235430,0
235440,0
235443,0
235451,0
235459,0
235461,0
235462,0
235463,0
235478,0
235489,0
235495,0
235501,1
235502,0
235504,0
235508,0
235515,0
235518,0
235519,0
235533,0
235542,1
235543,0
235546,0
235549,0
235550,0
235556,0
235558,0
235564,0
235569,0
235572,0
235573,0
235576,0
235577,0
235579,0
235583,0
235601,0
235607,0
235611,0
235612,0
235624,0
235634,0
235643,0
235644,0
235646,0
235649,0
235650,0
235653,0
235654,0
235657,0
235658,0
235669,0
235670,0
235673,0
235675,1
235679,0
235689,0
235691,0
235695,0
235711,0
235716,0
235720,0
235721,0
235725,0
235734,0
235736,0
235743,0
235748,0
235753,0
235756,0
235759,0
235761,0
235766,0
235772,0
235776,0
235778,0
235789,0
235795,0
235797,0
235808,0
235809,0
235811,0
235813,0
235816,0
235817,0
235819,0
235834,0
235838,0
235843,0
235845,1
235846,0
235859,0
235861,0
235862,0
235867,0
235872,0
235877,0
235883,0
235887,0
235891,0
235894,0
235895,0
235900,0
235903,0
235907,0
235912,0
235924,0
235932,0
235938,0
235946,0
235955,0
235969,0
235970,0
235973,0
235976,0
235979,0
235985,0
235986,0
235992,0
236000,0
236003,0
236015,0
236024,0
236033,0
236040,0
236041,0
236045,0
236049,0
236050,0
236060,0
236067,0
236074,0
236075,0
236084,1
236097,0
236098,0
236104,0
236107,0
236112,0
236116,0
236120,0
236121,0
236124,0
236133,0
236136,0
236144,0
236156,0
236157,0
236175,0
236181,0
236191,0
236193,0
236196,0
236197,0
236206,0
236207,0
236223,0
236226,1
236227,0
236229,0
236239,0
236243,0
236245,0
236246,0
236252,0
236254,0
236257,0
236267,0
236268,0
236276,0
236283,0
236287,0
236288,0
236289,0
236296,0
236302,0
236312,0
236319,0
236323,0
236343,0
236350,0
236353,0
236356,0
236361,0
236362,0
236366,0
236367,0
236369,0
236370,0
236373,0
236377,1
236384,0
236386,0
236397,0
236398,0
236399,0
236403,0
236404,0
236405,0
236408,0
236409,0
236426,0
236435,0
236438,0
236443,0
236444,0
236452,0
236454,0
236456,0
236472,0
236473,0
236487,0
236490,0
236495,0
236500,0
236502,1
236505,0
236509,0
236514,0
236521,0
236525,0
236527,0
236536,0
236537,0
236546,0
236560,0
236565,0
236574,0
236575,0
236576,0
236592,0
236597,0
236605,0
236610,0
236613,0
236614,0
236618,0
236628,0
236631,0
236633,0
236639,0
236644,0
236648,0
236654,0
236655,0
236658,0
236664,0
236671,1
236673,0
236682,0
236693,0
236698,0
236701,0
236707,0
236709,0
236713,0
236714,0
236715,0
236720,0
236722,0
236725,0
236728,0
236735,0
236737,0
236738,0
236740,0
236741,0
236748,0
236750,0
236754,0
236763,0
236772,0
236779,1
236780,0
236784,0
236791,0
236798,0
236805,0
236816,0
236819,0
236822,0
236829,0
236830,0
236836,0
236839,0
236840,0
236843,0
236844,0
236855,0
236857,0
236869,0
236873,0
236875,0
236878,0
236879,0
236881,0
236884,0
236886,0
236889,0
236896,0
236897,0
236900,0
236905,0
236907,0
236915,0
236928,0
236934,0
236952,0
236956,0
236986,0
236987,0
236990,0
237000,0
237003,0
237004,0
237005,0
237006,0
237012,0
237015,0
237019,1
237027,0
237031,0
237055,0
237057,0
237058,0
237065,1
237075,0
237076,0
237078,0
237080,0
237087,0
237088,0
237101,0
237102,0
237114,0
237116,0
237118,0
237127,0
237129,0
237147,0
237149,0
237156,0
237160,0
237162,0
237166,0
237169,0
237173,0
237176,0
237192,0
237193,0
237195,0
237204,0
237211,0
237214,0
237223,0
237224,0
237241,0
237244,0
237249,0
237251,0
237263,0
237265,0
237268,0
237271,0
237276,0
237280,0
237282,0
237289,0
237293,0
237296,0
237301,0
237313,0
237318,0
237322,0
237324,0
237332,0
237333,0
237338,0
237339,0
237344,0
237347,0
237348,0
237350,0
237352,0
237354,0
237355,0
237363,0
237373,0
237378,0
237380,0
237382,0
237385,0
237391,0
237392,0
237399,0
237416,0
237424,0
237425,0
237430,0
237431,0
237433,0
237436,0
237440,0
237443,0
237444,1
237446,0
237449,0
237451,0
237452,0
237455,0
237456,0
237458,0
237459,0
237462,0
237466,0
237470,0
237474,1
237475,0
237476,0
237477,0
237480,0
237487,0
237494,0
237500,0
237503,0
237506,0
237507,0
237539,0
237548,0
237566,0
237571,0
237573,0
237574,0
237577,0
237578,0
237584,0
237587,0
237590,0
237594,0
237597,0
237598,0
237606,0
237607,0
237608,0
237610,0
237613,1
237622,0
237623,0
237626,0
237629,0
237630,0
237634,0
237649,0
237671,0
237676,0
237678,0
237685,0
237691,0
237692,0
237693,0
237694,0
237698,0
237702,0
237708,0
237722,0
237734,0
237739,0
237742,0
237752,0
237754,0
237756,0
237759,0
237760,0
237761,0
237763,0
237764,0
237766,0
237776,0
237777,0
237778,0
237779,0
237784,0
237785,0
237809,0
237821,0
237833,0
237835,0
237840,0
237845,0
237846,0
237848,1
237851,0
237853,0
237854,0
237858,0
237860,0
237863,0
237870,0
237876,0
237880,0
237885,0
237886,0
237889,0
237892,0
237915,0
237919,0
237920,0
237922,0
237925,0
237929,0
237936,0
237949,0
237950,0
237953,0
237956,0
237957,0
237966,0
237970,0
237975,0
237983,0
237987,0
237993,0
237994,0
237995,0
238001,0
238003,0
238004,0
238009,0
238013,0
238015,0
238019,0
238022,0
238031,0
238048,1
238052,0
238054,0
238055,0
238056,0
238060,0
238062,0
238077,0
238080,0
238085,0
238093,0
238098,0
238099,0
238105,1
238107,0
238108,0
238111,0
238117,0
238124,0
238154,1
238158,0
238174,0
238182,0
238190,0
238194,0
238198,0
238202,0
238205,0
238212,0
238213,0
238214,0
238215,0
238225,0
238228,0
238230,0
238232,0
238235,0
238238,0
238240,0
238246,0
238255,0
238256,0
238258,0
238266,0
238268,0
238273,0
238276,0
238278,0
238285,0
238289,0
238302,0
238303,0
238308,0
238311,0
238358,0
238361,0
238364,0
238365,0
238371,0
238378,0
238388,0
238389,0
238393,0
238394,0
238396,0
238417,0
238420,0
238425,0
238435,0
238443,0
238444,0
238446,0
238454,0
238456,0
238466,0
238470,0
238481,0
238482,0
238485,0
238488,0
238489,0
238499,0
238507,0
238509,0
238518,0
238529,0
238534,1
238535,0
238538,0
238541,0
238546,0
238547,0
238550,0
238551,0
238554,0
238559,0
238564,0
238566,0
238578,1
238579,0
238592,1
238594,0
238612,0
238614,0
238621,0
238624,0
238628,0
238631,0
238637,0
238646,0
238659,0
238661,0
238668,0
238671,0
238681,0
238690,0
238698,0
238704,0
238705,0
238708,0
238715,0
238719,0
238722,1
238724,0
238736,0
238739,0
238742,0
238746,0
238772,0
238774,0
238776,0
238778,0
238789,0
238792,0
238798,0
238800,0
238808,0
238813,0
238820,0
238825,0
238829,0
238839,0
238852,0
238859,0
238873,0
238874,0
238879,0
238880,0
238881,0
238895,0
238905,0
238909,0
238916,0
238917,0
238927,0
238929,0
238930,0
238936,0
238940,0
238953,0
238957,0
238962,0
238966,0
238969,0
238971,0
238973,0
238974,0
238977,0
238980,0
238989,0
238995,0
238999,0
239001,0
239002,0
239012,0
239026,0
239034,0
239036,0
239038,0
239039,0
239041,0
239047,0
239049,0
239052,0
239055,0
239056,0
239059,0
239060,0
239067,0
239068,0
239072,0
239075,0
239076,0
239083,0
239085,0
239088,0
239100,0
239105,0
239106,0
239110,0
239115,0
239116,1
239123,0
239124,0
239130,0
239139,0
239143,0
239144,0
239146,0
239148,0
239164,0
239165,0
239172,0
239175,0
239177,0
239185,0
239189,0
239197,0
239198,0
239201,0
239202,0
239206,0
239208,0
239214,0
239219,0
239224,0
239230,0
239234,0
239241,0
239243,0
239246,0
239249,0
239253,0
239254,0
239259,0
239266,0
239272,0
239273,0
239281,0
239283,0
239284,0
239287,0
239292,0
239301,0
239302,0
239311,0
239315,0
239323,0
239324,0
239325,0
239328,0
239330,0
239341,0
239351,0
239355,0
239356,0
239360,0
239371,0
239373,0
239375,0
239378,0
239379,0
239380,0
239386,0
239387,0
239390,0
239396,0
239398,0
239416,0
239417,0
239419,0
239435,0
239437,0
239441,0
239452,0
239454,0
239461,0
239467,0
239477,0
239499,0
239505,0
239516,0
239517,0
239518,0
239520,0
239524,0
239528,0
239533,0
239534,0
239542,0
239550,1
239563,0
239565,0
239576,0
239579,0
239580,0
239588,0
239599,0
239605,0
239608,0
239625,0
239634,0
239638,0
239642,0
239645,0
239648,0
239654,0
239655,0
239659,0
239661,0
239665,0
239667,0
239672,0
239677,0
239680,0
239687,1
239692,0
239693,0
239696,0
239698,0
239704,0
239706,0
239707,0
239708,0
239710,0
239711,0
239717,0
239721,0
239724,0
239725,0
239732,0
239735,0
239736,0
239743,0
239752,0
239753,0
239759,0
239767,0
239772,0
239781,0
239782,0
239785,0
239790,0
239791,0
239793,0
239795,0
239796,0
239798,0
239803,0
239804,0
239831,0
239835,0
239842,0
239843,0
239845,0
239848,0
239859,0
239860,0
239864,0
239874,0
239879,0
239883,0
239885,0
239888,0
239892,0
239904,0
239912,0
239919,0
239920,0
239924,0
239935,0
239943,0
239945,0
239953,0
239956,0
239957,0
239964,0
239966,0
239970,0
239971,0
239972,0
239973,0
239975,0
239977,0
239981,0
239992,0
239995,0
239996,0
239997,0
240005,0
240006,0
240008,0
240013,0
240016,0
240017,0
240019,0
240031,0
240037,0
240040,0
240043,0
240048,0
240056,0
240064,0
240072,0
240090,0
240095,0
240105,0
240106,0
240109,0
240110,0
240113,0
240114,0
240118,0
240121,0
240125,0
240130,0
240133,0
240149,0
240151,0
240155,0
240157,0
240162,0
240168,0
240171,0
240174,0
240193,0
240195,0
240196,0
240198,0
240206,0
240217,0
240222,0
240223,0
240224,0
240226,0
240241,0
240245,0
240252,0
240261,0
240263,0
240264,0
240265,0
240268,0
240273,0
240276,0
240279,0
240281,0
240291,0
240305,0
240310,0
240312,0
240314,0
240321,0
240323,0
240328,0
240329,0
240330,1
240332,0
240334,0
240346,0
240348,0
240354,0
240358,0
240359,0
240375,0
240383,0
240397,0
240404,0
240405,0
240412,0
240413,0
240422,0
240423,0
240433,0
240434,0
240439,0
240441,0
240447,0
240448,0
240449,0
240451,0
240457,0
240458,0
240467,0
240474,0
240475,0
240476,0
240481,0
240482,0
240484,0
240486,0
240490,0
240498,0
240502,0
240503,0
240504,0
240509,0
240515,0
240517,0
240530,0
240532,0
240533,0
240546,0
240573,0
240575,0
240579,0
240581,0
240606,1
240612,0
240613,0
240616,0
240618,0
240621,0
240636,0
240639,0
240642,0
240645,0
240649,0
240651,1
240653,0
240656,0
240657,0
240660,0
240662,0
240665,0
240676,0
240678,0
240680,0
240688,0
240690,0
240698,0
240699,0
240701,0
240717,0
240724,0
240730,0
240738,0
240739,0
240741,0
240742,0
240746,0
240760,0
240770,0
240773,0
240780,0
240788,0
240791,0
240793,0
240794,0
240795,0
240797,0
240800,0
240811,0
240832,0
240836,0
240841,0
240842,0
240845,0
240847,0
240849,0
240857,0
240865,0
240872,0
240887,0
240888,0
240889,0
240892,0
240893,0
240898,0
240904,0
240910,1
240913,0
240918,0
240923,0
240932,0
240933,0
240935,1
240936,0
240937,0
240940,0
240941,0
240954,0
240969,0
240971,0
240983,0
240990,0
240991,0
240994,0
240995,0
241001,0
241013,0
241015,0
241017,0
241019,0
241027,0
241036,0
241038,1
241043,0
241045,0
241055,0
241067,0
241068,0
241073,0
241076,0
241080,0
241089,0
241094,0
241103,0
241108,0
241110,0
241112,0
241116,0
241118,0
241123,0
241125,0
241126,0
241127,0
241131,0
241146,0
241152,0
241153,0
241170,0
241171,0
241179,0
241186,0
241187,0
241192,0
241194,0
241207,0
241214,0
241217,0
241219,0
241223,0
241229,0
241240,0
241241,0
241248,0
241250,0
241254,0
241264,0
241265,0
241271,0
241278,0
241281,0
241286,0
241291,0
241292,0
241293,0
241302,0
241303,0
241308,0
241310,0
241311,0
241319,0
241330,1
241331,0
241332,0
241343,0
241345,0
241350,0
241360,0
241366,0
241375,0
241381,1
241392,0
241421,0
241422,0
241430,0
241436,0
241437,0
241441,0
241445,0
241458,0
241464,0
241474,0
241478,0
241482,0
241484,0
241485,0
241490,0
241491,0
241494,0
241506,0
241510,0
241511,0
241512,0
241514,0
241516,0
241531,0
241532,0
241533,0
241534,0
241540,0
241546,0
241564,0
241565,0
241583,0
241586,0
241601,0
241606,0
241615,0
241622,0
241624,0
241635,0
241640,0
241644,0
241658,0
241670,0
241675,0
241681,0
241683,0
241691,0
241711,0
241719,0
241721,0
241722,0
241726,1
241731,0
241741,0
241745,1
241754,0
241756,0
241766,0
241769,1
241771,0
241772,0
241775,0
241787,0
241788,0
241790,0
241801,0
241803,0
241810,0
241819,0
241824,0
241826,0
241846,0
241848,0
241862,0
241865,0
241869,0
241875,0
241878,0
241889,0
241890,0
241896,0
241897,0
241904,0
241911,0
241931,0
241933,0
241934,0
241938,0
241942,0
241946,0
241949,0
241954,0
241958,1
241970,0
241972,0
241973,0
241977,0
241983,0
241989,0
242001,0
242003,0
242009,0
242016,0
242019,0
242027,0
242043,0
242045,0
242048,0
242049,0
242050,0
242057,0
242075,0
242077,0
242082,0
242087,0
242101,0
242106,0
242109,0
242119,0
242120,0
242122,0
242123,0
242136,0
242139,0
242146,0
242149,0
242152,0
242157,0
242158,0
242163,0
242175,0
242178,0
242188,0
242193,0
242194,0
242196,0
242205,0
242215,0
242224,0
242226,0
242242,0
242246,0
242248,0
242255,0
242264,0
242265,0
242268,0
242276,0
242289,0
242293,0
242300,0
242301,0
242303,0
242308,0
242309,0
242319,0
242323,0
242324,0
242325,0
242326,0
242327,0
242337,0
242338,0
242344,0
242352,0
242371,0
242389,0
242394,0
242396,0
242399,0
242407,0
242411,0
242412,0
242414,0
242420,0
242421,0
242423,0
242424,0
242425,0
242426,0
242429,0
242437,0
242441,0
242442,0
242443,0
242450,0
242453,0
242454,0
242465,0
242468,0
242470,0
242478,0
242487,0
242491,0
242492,0
242494,0
242500,0
242505,0
242507,0
242508,0
242509,0
242512,0
242514,0
242515,0
242527,0
242531,0
242542,0
242547,0
242576,0
242589,0
242595,0
242597,0
242599,0
242604,0
242608,0
242620,0
242621,0
242625,0
242627,0
242629,0
242643,0
242654,0
242660,0
242672,0
242679,0
242686,0
242689,0
242693,0
242705,0
242714,0
242717,0
242724,0
242733,1
242735,0
242736,0
242737,0
242738,0
242747,0
242754,0
242766,0
242768,0
242769,0
242771,0
242778,0
242783,0
242784,0
242791,0
242794,0
242801,0
242808,0
242814,0
242817,0
242818,0
242820,0
242840,0
242841,0
242845,0
242851,0
242853,0
242859,0
242864,0
242867,0
242872,0
242873,0
242875,0
242877,1
242886,0
242890,0
242909,0
242910,0
242913,0
242918,0
242919,1
242924,0
242927,0
242931,0
242932,0
242936,0
242940,0
242941,0
242943,0
242948,0
242953,0
242956,0
242958,0
242960,0
242962,0
242966,0
242974,0
242975,0
242980,0
242985,0
242994,0
242997,0
242998,0
242999,0
243003,0
243007,0
243011,0
243014,0
243015,0
243018,0
243021,0
243023,0
243025,0
243032,0
243033,0
243046,0
243048,0
243057,0
243061,0
243062,0
243065,0
243067,0
243073,0
243078,0
243082,1
243084,0
243085,0
243087,0
243091,0
243094,0
243101,0
243107,0
243110,0
243121,0
243123,0
243130,0
243131,0
243135,0
243138,0
243139,0
243148,0
243168,0
243171,0
243175,0
243186,0
243191,0
243193,0
243194,0
243197,0
243205,0
243209,0
243210,0
243212,0
243214,0
243215,0
243222,0
243226,0
243231,0
243232,0
243240,0
243241,0
243242,0
243248,0
243252,0
243258,0
243262,0
243263,0
243272,0
243274,0
243277,0
243279,0
243280,0
243282,0
243287,0
243288,0
243290,1
243293,0
243302,0
243305,0
243306,0
243308,0
243309,0
243312,0
243314,0
243317,0
243320,0
243321,0
243329,0
243337,0
243338,0
243339,0
243350,0
243355,0
243357,0
243364,0
243367,0
243373,0
243387,0
243395,0
243402,0
243403,0
243407,0
243420,0
243421,0
243423,0
243435,0
243437,0
243442,0
243445,0
243456,0
243479,0
243487,0
243490,0
243499,0
243505,0
243507,0
243508,1
243517,0
243526,0
243533,0
243536,0
243538,0
243539,0
243542,0
243548,0
243554,0
243560,0
243572,0
243573,0
243583,0
243584,0
243585,0
243589,0
243597,0
243598,0
243601,0
243605,0
243619,0
243621,0
243623,0
243634,0
243640,0
243646,1
243649,0
243658,0
243659,0
243663,0
243665,0
243666,0
243671,0
243680,0
243681,0
243695,1
243696,0
243702,0
243706,0
243708,0
243711,0
243718,1
243724,0
243728,0
243729,0
243740,0
243748,0
243759,0
243773,0
243780,0
243781,0
243782,0
243786,0
243787,0
243789,0
243793,0
243797,0
243803,0
243806,0
243807,0
243814,1
243831,0
243832,0
243834,0
243838,0
243841,0
243842,0
243844,0
243845,0
243848,0
243854,0
243862,0
243871,0
243887,1
243888,0
243894,0
243895,0
243899,0
243901,0
243903,0
243906,0
243908,0
243911,1
243912,0
243914,0
243921,0
243923,0
243927,0
243936,0
243938,0
243944,0
243956,0
243960,0
243963,0
243966,0
243972,0
243973,0
243980,0
243984,0
243985,0
243998,0
244001,0
244005,0
244006,0
244015,0
244017,1
244023,0
244036,0
244037,0
244040,0
244047,0
244048,0
244062,0
244066,0
244069,0
244070,0
244079,0
244086,0
244092,0
244095,0
244097,0
244098,0
244099,0
244104,0
244106,0
244108,0
244110,0
244115,0
244116,0
244121,0
244126,0
244131,0
244148,0
244150,0
244153,0
244154,0
244155,0
244156,0
244158,0
244170,0
244189,0
244192,0
244195,0
244198,0
244202,0
244203,0
244212,0
244215,0
244228,0
244240,0
244249,0
244262,0
244263,0
244272,0
244276,0
244279,0
244282,0
244283,0
244285,0
244290,0
244294,0
244301,0
244303,0
244305,0
244313,0
244320,0
244322,0
244329,0
244336,0
244341,0
244342,0
244348,0
244352,0
244359,0
244364,0
244376,0
244377,0
244382,0
244384,0
244390,0
244392,0
244393,0
244396,0
244404,0
244410,0
244411,0
244412,0
244420,0
244421,0
244427,0
244433,0
244445,0
244446,0
244455,0
244471,0
244472,0
244477,0
244484,0
244489,0
244492,0
244496,0
244498,0
244499,0
244500,0
244505,0
244506,0
244510,0
244511,0
244516,0
244523,0
244530,0
244537,0
244541,0
244545,0
244554,0
244561,0
244563,0
244566,0
244575,0
244594,0
244595,0
244601,0
244603,0
244611,0
244613,0
244614,0
244616,0
244617,0
244621,0
244622,0
244635,0
244636,0
244638,0
244647,0
244651,0
244657,0
244672,0
244674,0
244678,0
244681,0
244683,0
244685,0
244695,0
244697,0
244700,0
244704,0
244707,0
244711,0
244715,0
244742,0
244750,0
244778,0
244782,0
244783,0
244792,0
244800,0
244806,0
244807,0
244817,0
244822,0
244840,0
244841,0
244851,0
244856,0
244860,0
244862,0
244865,0
244866,1
244870,0
244875,0
244876,0
244886,0
244889,0
244895,0
244896,0
244897,0
244899,1
244903,0
244905,0
244911,0
244920,0
244921,0
244936,0
244942,0
244943,0
244953,0
244955,0
244959,0
244963,0
244981,0
244989,0
244993,0
244994,0
244995,0
244997,0
244998,0
245000,0
245006,0
245008,0
245012,0
245015,0
245020,0
245022,0
245023,0
245026,0
245033,0
245035,0
245046,0
245047,0
245049,0
245051,0
245052,0
245059,0
245066,0
245070,0
245079,0
245084,1
245091,0
245098,0
245101,0
245106,0
245107,0
245109,0
245113,0
245124,0
245139,0
245145,0
245148,0
245165,0
245177,0
245180,0
245194,0
245200,0
245202,0
245203,0
245206,0
245217,0
245219,0
245220,0
245227,0
245230,0
245238,0
245257,0
245259,0
245298,0
245301,0
245305,0
245306,0
245321,0
245325,0
245329,0
245331,0
245332,0
245333,0
245349,0
245350,0
245352,0
245356,0
245361,0
245362,0
245365,0
245367,0
245368,0
245379,0
245382,0
245385,0
245397,0
245405,0
245407,0
245414,0
245423,0
245425,0
245433,0
245441,0
245442,0
245444,0
245454,0
245461,0
245466,0
245467,0
245471,0
245474,0
245479,0
245498,0
245506,0
245514,0
245520,0
245521,0
245534,0
245535,0
245536,0
245538,0
245540,0
245545,1
245549,0
245554,0
245555,0
245558,0
245564,0
245570,0
245574,0
245577,0
245578,1
245582,0
245587,0
245589,1
245595,0
245602,0
245613,0
245614,0
245615,0
245617,0
245625,0
245630,0
245632,0
245633,0
245636,0
245638,1
245639,0
245646,0
245650,0
245660,0
245678,0
245681,0
245692,0
245696,0
245706,0
245709,0
245710,0
245743,0
245750,0
245751,0
245760,1
245768,0
245776,0
245778,0
245781,0
245783,0
245788,1
245790,0
245817,0
245818,0
245822,0
245829,0
245835,0
245839,0
245849,0
245851,0
245854,0
245863,0
245865,0
245867,0
245868,0
245876,0
245877,0
245880,0
245887,0
245889,0
245900,0
245901,0
245906,0
245912,1
245919,0
245924,0
245930,0
245941,0
245960,0
245962,0
245966,0
245969,0
245970,0
245981,0
245986,0
245987,0
245991,0
245992,0
245993,0
246000,0
246002,0
246006,0
246026,0
246031,0
246032,0
246033,0
246036,0
246040,0
246044,0
246054,0
246059,0
246060,0
246063,0
246066,0
246072,0
246073,0
246084,0
246087,0
246091,0
246100,0
246101,0
246111,0
246112,0
246119,0
246123,0
246132,0
246179,0
246183,0
246186,0
246194,0
246196,1
246197,0
246202,0
246214,0
246215,1
246221,0
246223,0
246233,0
246251,0
246259,1
246272,0
246276,0
246280,1
246282,0
246291,0
246292,0
246300,0
246307,0
246312,0
246319,0
246322,1
246343,0
246356,0
246357,0
246362,1
246364,0
246368,0
246371,0
246379,0
246385,0
246388,0
246398,0
246402,0
246407,0
246422,0
246425,0
246435,0
246442,0
246443,0
246448,0
246451,0
246460,0
246464,0
246472,0
246474,0
246475,0
246480,0
246484,0
246488,0
246489,0
246495,0
246497,0
246503,0
246504,0
246505,0
246507,0
246513,0
246534,0
246535,0
246543,0
246548,0
246549,0
246553,0
246574,0
246576,0
246587,0
246592,0
246593,0
246595,0
246596,0
246600,0
246603,0
246610,0
246611,0
246613,0
246617,0
246626,0
246633,0
246634,0
246635,0
246644,0
246649,0
246652,0
246658,0
246660,0
246665,0
246669,0
246674,0
246675,0
246678,0
246683,0
246687,0
246698,0
246710,0
246727,0
246734,0
246735,0
246736,0
246740,0
246741,0
246744,0
246745,0
246752,1
246754,0
246760,0
246763,0
246766,0
246771,0
246772,0
246777,0
246779,0
246782,0
246792,0
246794,0
246795,0
246798,0
246801,0
246807,0
246811,0
246822,0
246825,0
246836,0
246839,0
246846,0
246855,0
246863,1
246864,0
246865,0
246870,0
246878,0
246879,0
246882,0
246888,0
246898,0
246922,0
246928,0
246936,0
246940,0
246941,0
246945,0
246946,0
246952,0
246953,0
246956,0
246957,0
246963,0
246965,0
246968,0
246971,0
246974,0
246975,0
246976,0
246983,0
246987,0
246999,0
247002,0
247006,0
247009,0
247011,0
247018,0
247019,0
247027,0
247033,0
247039,0
247051,0
247054,0
247055,0
247059,0
247063,1
247069,0
247075,1
247079,0
247084,0
247098,0
247099,0
247100,0
247103,0
247107,0
247112,0
247116,0
247118,0
247122,0
247137,0
247139,0
247141,0
247145,0
247147,0
247154,0
247158,0
247170,0
247178,0
247181,0
247189,0
247192,0
247193,0
247217,0
247219,0
247226,0
247231,0
247234,0
247240,0
247241,0
247243,0
247258,0
247260,0
247263,0
247264,0
247269,0
247281,0
247286,0
247288,0
247299,0
247300,0
247301,0
247305,0
247311,0
247314,0
247316,0
247321,0
247329,0
247332,0
247338,0
247343,0
247347,0
247350,0
247353,0
247356,0
247360,0
247367,0
247383,0
247394,0
247395,0
247397,0
247398,0
247399,0
247405,0
247418,0
247441,0
247443,0
247444,0
247445,0
247452,0
247453,0
247456,0
247458,0
247460,0
247462,0
247468,0
247479,0
247486,0
247494,0
247505,0
247506,0
247507,0
247508,0
247517,0
247518,0
247526,0
247533,0
247535,0
247538,1
247543,0
247548,0
247556,0
247557,0
247562,0
247568,1
247572,0
247586,0
247596,0
247600,0
247601,0
247605,0
247611,0
247614,0
247619,0
247621,0
247630,0
247631,0
247639,0
247640,0
247642,0
247645,0
247652,0
247654,0
247655,0
247656,0
247661,0
247664,0
247667,0
247668,0
247669,0
247674,0
247681,0
247682,0
247685,0
247687,0
247689,0
247692,0
247696,0
247703,0
247708,0
247721,0
247723,0
247728,0
247732,0
247734,0
247740,1
247745,0
247751,0
247759,0
247764,0
247766,0
247767,0
247770,0
247772,0
247774,0
247778,0
247780,0
247787,0
247788,0
247791,0
247797,0
247804,0
247810,1
247817,0
247822,0
247823,0
247824,0
247826,0
247830,1
247832,0
247836,0
247845,0
247846,0
247856,0
247872,0
247874,0
247879,0
247881,0
247894,0
247897,0
247906,0
247907,0
247909,0
247915,0
247918,0
247924,0
247926,0
247928,0
247931,0
247932,0
247939,0
247948,0
247949,0
247951,0
247952,0
247955,0
247962,0
247964,0
247968,0
247971,1
247980,0
247987,0
247988,0
247989,0
247991,0
247995,0
248000,0
248006,0
248007,0
248022,0
248031,0
248033,0
248037,0
248041,0
248058,0
248062,0
248063,0
248071,0
248073,0
248077,0
248094,0
248098,0
248099,0
248102,0
248103,0
248110,0
248111,0
248112,0
248131,0
248135,0
248138,0
248147,0
248151,0
248155,0
248159,0
248169,0
248192,0
248193,0
248209,0
248218,0
248219,0
248220,0
248225,0
248227,0
248228,0
248234,0
248242,0
248249,1
248250,0
248252,0
248263,0
248270,0
248271,0
248283,0
248286,0
248288,0
248289,0
248293,0
248296,0
248311,0
248315,0
248316,0
248317,0
248327,0
248331,0
248332,0
248333,0
248337,0
248345,0
248358,0
248362,0
248366,0
248375,0
248381,0
248400,0
248401,0
248408,0
248409,0
248411,0
248416,0
248420,0
248426,0
248458,0
248464,0
248471,0
248476,0
248479,0
248480,0
248481,0
248483,0
248494,0
248499,0
248501,0
248504,0
248526,0
248528,0
248530,0
248534,0
248536,0
248539,0
248542,0
248552,0
248553,0
248561,0
248564,0
248582,0
248590,0
248598,0
248599,0
248600,0
248611,0
248612,0
248619,0
248620,0
248625,0
248629,0
248635,0
248639,0
248642,0
248643,0
248644,0
248650,0
248651,0
248653,0
248656,0
248657,0
248658,0
248660,0
248664,0
248665,0
248666,0
248668,0
248670,0
248672,0
248675,0
248682,0
248689,0
248691,0
248692,0
248709,0
248712,0
248714,0
248725,0
248726,0
248743,0
248750,0
248754,1
248774,0
248777,0
248783,0
248785,0
248792,0
248795,0
248797,0
248798,0
248801,0
248804,0
248806,0
248813,0
248824,0
248828,0
248838,0
248840,0
248842,0
248843,0
248845,0
248854,0
248861,0
248863,0
248871,0
248872,0
248876,0
248884,1
248887,0
248889,0
248898,0
248918,0
248932,0
248933,0
248939,0
248973,0
248975,1
248978,0
248988,0
248990,0
249007,0
249012,0
249014,0
249018,0
249024,0
249032,0
249035,0
249036,0
249039,0
249043,0
249047,1
249051,0
249053,0
249061,0
249067,0
249082,0
249083,0
249087,0
249093,0
249101,0
249115,0
249120,0
249121,0
249122,0
249128,0
249130,0
249135,0
249142,0
249143,0
249152,0
249154,0
249156,0
249158,0
249159,0
249161,0
249171,0
249174,0
249177,0
249181,0
249182,0
249183,0
249188,0
249191,0
249198,0
249204,1
249214,0
249215,0
249219,0
249223,0
249233,0
249246,0
249253,0
249263,0
249265,0
249267,0
249272,0
249273,0
249288,0
249289,0
249295,0
249297,1
249306,0
249307,1
249311,0
249318,0
249319,0
249320,0
249326,0
249331,0
249335,0
249336,0
249343,1
249348,0
249355,0
249358,0
249364,0
249374,0
249383,0
249385,0
249390,0
249391,0
249392,0
249413,0
249414,0
249419,0
249420,0
249425,0
249426,0
249434,0
249443,0
249446,0
249453,0
249456,0
249458,0
249464,0
249465,0
249466,0
249468,0
249469,0
249470,0
249476,0
249479,0
249481,0
249503,0
249512,0
249518,0
249521,0
249531,0
249535,0
249546,0
249553,0
249556,0
249561,0
249564,0
249567,0
249573,0
249575,0
249576,1
249584,0
249589,0
249594,0
249606,0
249616,0
249628,0
249634,0
249643,0
249653,0
249654,0
249656,0
249657,0
249663,0
249666,0
249670,0
249673,0
249689,0
249696,0
249702,0
249705,0
249710,0
249716,0
249717,0
249727,0
249732,0
249741,0
249742,0
249745,0
249752,0
249764,0
249778,0
249784,0
249789,0
249793,0
249801,0
249807,0
249816,0
249819,0
249820,0
249825,0
249826,0
249828,0
249830,0
249836,0
249843,0
249844,0
249851,0
249852,0
249854,0
249868,0
249874,0
249886,0
249890,0
249896,0
249899,0
249905,0
249907,0
249914,0
249921,0
249923,0
249925,0
249929,0
249932,0
249933,0
249943,0
249946,1
249947,0
249953,0
249960,0
249965,0
249966,1
249968,0
249987,0
249988,0
249994,0
250002,0
250005,0
250016,0
250019,0
250023,0
250029,0
250031,0
250038,0
250041,0
250042,0
250043,0
250044,0
250052,0
250056,0
250057,0
250064,0
250066,0
250067,0
250080,0
250087,0
250090,0
250093,0
250115,0
250120,0
250130,0
250131,0
250132,0
250133,0
250144,0
250152,0
250161,0
250168,0
250176,0
250179,0
250181,0
250183,0
250185,0
250191,0
250204,0
250205,0
250208,0
250211,0
250212,0
250213,0
250218,0
250228,0
250237,0
250238,1
250241,0
250242,0
250245,0
250247,0
250248,0
250250,0
250254,0
250260,0
250261,0
250264,0
250281,0
250287,0
250298,0
250299,0
250304,0
250307,0
250317,0
250320,0
250335,0
250338,0
250340,0
250341,0
250342,0
250347,0
250348,0
250372,0
250387,0
250401,0
250402,0
250445,0
250446,0
250447,0
250459,0
250460,0
250482,0
250484,0
250494,0
250508,0
250523,0
250527,0
250532,0
250535,1
250537,0
250539,0
250548,0
250550,0
250554,0
250564,0
250569,0
250574,0
250576,0
250578,0
250582,0
250589,0
250594,0
250602,0
250607,0
250629,0
250630,0
250636,0
250640,0
250644,1
250661,0
250662,0
250663,0
250675,1
250684,0
250703,0
250708,0
250719,0
250723,0
250727,0
250735,0
250740,0
250741,0
250744,0
250750,0
250754,0
250757,0
250758,0
250764,0
250765,0
250766,0
250769,0
250771,0
250787,0
250788,0
250790,0
250796,0
250813,0
250818,0
250834,0
250837,0
250838,0
250839,0
250841,0
250842,0
250846,0
250847,0
250849,0
250854,0
250855,0
250866,0
250878,0
250885,1
250893,0
250894,0
250896,0
250898,0
250899,0
250903,0
250909,0
250913,0
250917,0
250919,0
250920,0
250921,0
250935,0
250944,0
250945,0
250947,0
250950,0
250952,1
250955,0
250961,0
250974,0
250975,0
250981,0
250988,0
250990,0
250992,0
251001,0
251006,0
251011,0
251012,0
251018,0
251023,0
251027,0
251032,0
251042,0
251048,0
251059,0
251060,0
251073,0
251075,0
251084,0
251090,0
251099,0
251103,0
251108,0
251110,0
251115,0
251117,0
251131,1
251132,0
251134,0
251135,0
251140,0
251146,0
251147,0
251151,0
251161,0
251164,0
251165,0
251166,0
251167,0
251172,0
251173,0
251187,0
251189,0
251195,0
251196,0
251204,0
251211,0
251212,0
251216,0
251224,0
251226,0
251231,0
251237,0
251255,0
251265,0
251290,0
251291,0
251302,0
251315,0
251323,0
251326,0
251334,0
251343,0
251351,0
251358,0
251362,0
251364,0
251368,0
251370,0
251371,0
251372,0
251379,0
251390,0
251422,0
251425,0
251436,0
251440,0
251446,0
251455,0
251457,0
251458,1
251459,0
251461,0
251462,1
251464,0
251468,0
251472,0
251477,0
251483,0
251494,0
251497,0
251498,0
251503,0
251507,0
251509,0
251517,0
251522,0
251523,0
251528,0
251532,0
251533,0
251535,0
251536,0
251540,0
251544,0
251545,0
251546,0
251547,0
251548,0
251556,0
251565,0
251566,0
251567,0
251569,0
251572,0
251574,0
251577,0
251584,0
251585,0
251598,0
251601,0
251606,1
251608,0
251609,0
251614,0
251621,0
251626,0
251637,0
251641,0
251643,0
251646,0
251654,0
251660,0
251667,0
251674,0
251677,0
251685,0
251687,0
251692,0
251694,0
251703,0
251704,0
251708,0
251714,0
251729,0
251750,0
251752,0
251753,0
251759,0
251761,0
251771,0
251783,0
251797,0
251805,0
251808,0
251813,0
251822,0
251829,0
251830,0
251839,0
251840,0
251853,0
251858,0
251865,0
251869,0
251875,0
251876,0
251878,0
251886,0
251888,0
251889,0
251890,0
251891,0
251893,1
251895,0
251896,0
251897,0
251899,0
251907,0
251908,0
251910,0
251915,0
251916,0
251923,0
251928,0
251938,0
251942,0
251943,0
251944,0
251968,0
251971,0
251980,0
251984,0
251991,0
251992,0
251997,0
251998,0
251999,0
252008,0
252009,0
252015,0
252028,0
252046,0
252056,0
252066,0
252070,0
252071,0
252072,0
252087,0
252090,0
252094,0
252095,0
252097,0
252102,0
252106,0
252108,0
252109,0
252115,0
252118,0
252128,0
252129,0
252137,0
252140,0
252148,0
252153,0
252182,0
252183,0
252197,0
252200,0
252207,0
252210,0
252213,0
252215,0
252218,0
252227,0
252228,0
252233,0
252234,0
252238,0
252249,0
252250,0
252253,0
252261,0
252265,0
252273,0
252275,0
252276,1
252283,0
252293,0
252297,1
252307,0
252317,0
252319,0
252323,0
252324,0
252326,0
252328,0
252329,0
252331,0
252346,0
252347,0
252349,0
252361,0
252363,0
252364,0
252377,0
252378,0
252382,0
252386,0
252387,0
252389,0
252392,0
252400,0
252401,0
252402,0
252410,0
252428,0
252437,0
252451,0
252453,0
252459,0
252465,0
252470,0
252477,0
252482,0
252484,0
252486,0
252496,0
252498,0
252499,0
252501,0
252502,0
252503,0
252504,0
252506,0
252510,0
252515,0
252523,0
252524,0
252531,0
252533,0
252535,0
252538,0
252539,0
252546,0
252547,0
252548,0
252549,0
252551,0
252559,0
252560,0
252563,0
252564,0
252571,0
252575,0
252584,0
252586,0
252589,0
252596,0
252599,0
252606,0
252607,0
252619,0
252641,0
252658,0
252659,0
252667,1
252673,0
252674,0
252678,0
252679,0
252689,0
252690,0
252699,0
252716,0
252718,0
252725,0
252733,0
252748,0
252749,0
252751,0
252753,0
252762,0
252765,0
252770,0
252772,0
252777,0
252787,0
252789,0
252796,0
252800,0
252803,0
252804,0
252807,0
252814,0
252822,1
252825,0
252826,0
252829,0
252832,0
252837,0
252846,0
252851,1
252855,0
252856,0
252857,0
252867,0
252875,0
252876,0
252877,0
252881,0
252886,0
252887,0
252899,0
252902,0
252911,0
252912,0
252924,0
252954,0
252957,0
252961,0
252967,0
252970,0
252982,0
253011,0
253039,0
253040,1
253044,0
253046,0
253054,0
253064,0
253068,0
253070,0
253078,0
253079,0
253082,0
253085,0
253088,0
253090,0
253093,0
253100,0
253104,0
253107,0
253110,0
253113,0
253121,0
253123,0
253125,0
253135,0
253136,0
253149,0
253162,0
253165,0
253166,0
253168,0
253170,0
253173,0
253174,0
253180,0
253183,1
253185,0
253187,0
253197,0
253199,0
253207,0
253215,0
253231,0
253235,0
253236,1
253241,0
253245,0
253247,0
253248,0
253250,0
253251,0
253255,0
253257,0
253261,0
253265,0
253266,0
253271,0
253275,0
253276,0
253280,0
253293,0
253295,0
253305,0
253309,0
253312,0
253316,0
253319,0
253321,0
253326,0
253333,0
253339,0
253341,0
253347,0
253352,0
253354,0
253365,0
253369,0
253379,0
253387,0
253401,0
253406,0
253410,0
253411,0
253417,0
253422,0
253423,0
253430,0
253434,0
253435,1
253439,0
253444,0
253445,0
253447,0
253457,0
253476,0
253477,0
253482,0
253488,0
253500,0
253505,0
253508,0
253509,0
253515,0
253521,0
253530,0
253538,0
253545,0
253547,0
253551,0
253552,0
253553,0
253557,0
253566,0
253567,0
253569,0
253574,0
253578,0
253592,0
253604,0
253609,0
253610,0
253613,0
253619,0
253623,0
253625,0
253630,0
253640,0
253653,0
253654,0
253655,0
253659,1
253664,0
253667,0
253671,0
253675,0
253680,0
253682,0
253696,0
253698,0
253700,0
253702,0
253706,0
253717,1
253738,0
253743,0
253748,0
253749,0
253751,0
253755,0
253761,0
253763,0
253764,0
253770,0
253774,0
253775,0
253783,0
253784,0
253785,0
253791,0
253803,0
253804,0
253806,0
253821,0
253827,0
253830,0
253834,0
253837,0
253842,0
253843,0
253856,0
253860,0
253880,0
253885,0
253890,0
253895,0
253898,0
253903,0
253907,0
253911,0
253916,0
253921,0
253929,0
253932,0
253938,0
253942,0
253947,1
253949,0
253953,0
253954,0
253961,0
253962,0
253967,0
253974,0
253975,0
253982,0
253983,0
253984,0
253993,0
253995,0
253996,0
254015,0
254018,0
254019,0
254020,0
254021,0
254022,0
254045,0
254048,0
254049,0
254055,0
254065,0
254070,1
254075,0
254083,0
254085,0
254086,0
254089,0
254105,0
254107,0
254110,0
254115,0
254117,0
254121,0
254127,0
254128,0
254129,0
254138,0
254139,0
254145,0
254146,0
254147,0
254158,0
254169,0
254170,0
254179,0
254181,0
254182,0
254187,0
254189,0
254192,0
254194,0
254200,0
254206,0
254207,0
254211,0
254214,0
254217,0
254218,0
254221,0
254227,0
254229,0
254233,0
254234,0
254239,0
254249,0
254250,0
254253,0
254254,0
254258,0
254260,0
254269,0
254271,0
254272,0
254275,0
254276,0
254284,0
254287,0
254297,0
254308,0
254322,0
254332,0
254335,0
254340,0
254343,0
254346,0
254348,0
254352,0
254353,0
254361,0
254366,0
254368,0
254370,0
254383,0
254387,0
254389,0
254394,0
254396,0
254401,0
254405,0
254409,0
254411,0
254417,0
254425,0
254435,0
254441,0
254444,0
254454,0
254458,0
254459,0
254463,0
254470,0
254489,0
254495,0
254500,0
254503,0
254505,1
254518,0
254521,1
254534,0
254545,0
254546,0
254565,0
254574,0
254575,0
254580,0
254584,0
254586,0
254594,0
254597,0
254599,0
254601,0
254607,0
254616,1
254622,0
254655,0
254663,0
254666,0
254667,0
254670,0
254675,0
254676,0
254687,0
254688,0
254694,0
254695,0
254699,0
254709,0
254713,0
254717,0
254733,0
254749,0
254756,0
254761,0
254762,0
254765,0
254772,0
254789,0
254791,0
254794,0
254797,0
254799,0
254805,0
254806,0
254807,0
254813,0
254815,0
254821,0
254823,0
254825,0
254830,0
254831,0
254835,0
254837,0
254839,0
254846,0
254850,0
254855,0
254863,0
254870,0
254872,0
254880,0
254883,0
254890,0
254891,0
254901,0
254907,0
254915,0
254917,0
254925,0
254931,0
254938,0
254947,0
254963,0
254979,0
254990,0
254997,0
255003,0
255007,0
255011,0
255017,0
255020,1
255021,0
255022,0
255025,0
255029,0
255033,0
255046,0
255055,0
255058,0
255059,0
255063,0
255066,0
255071,0
255072,0
255075,0
255083,0
255084,0
255085,0
255091,0
255092,0
255094,0
255104,0
255105,0
255107,0
255111,0
255114,0
255118,0
255119,0
255120,0
255142,0
255144,0
255145,0
255153,0
255165,0
255166,0
255176,0
255181,0
255193,0
255195,0
255197,0
255198,0
255200,1
255205,0
255209,0
255217,0
255221,0
255223,0
255224,0
255235,0
255243,0
255262,0
255270,0
255273,0
255282,0
255283,0
255284,0
255285,0
255307,0
255318,0
255321,0
255325,0
255331,0
255337,0
255343,0
255344,1
255349,0
255357,0
255364,0
255368,0
255374,0
255375,0
255380,0
255382,0
255384,0
255385,0
255387,0
255390,0
255392,1
255393,0
255395,0
255396,0
255402,0
255410,0
255419,0
255423,0
255426,0
255427,0
255433,0
255437,0
255438,0
255442,1
255448,0
255450,0
255451,0
255452,0
255454,0
255458,0
255459,0
255460,0
255465,0
255467,0
255472,0
255477,0
255481,0
255484,0
255487,0
255493,0
255495,0
255498,0
255503,0
255511,0
255517,0
255519,0
255524,0
255525,0
255529,1
255534,0
255538,0
255546,0
255547,0
255551,1
255554,0
255564,0
255568,0
255571,0
255572,0
255579,0
255587,0
255591,0
255601,0
255604,0
255609,0
255611,0
255619,0
255621,0
255632,0
255642,0
255644,0
255650,0
255651,0
255658,0
255660,0
255661,0
255664,0
255668,0
255677,0
255688,0
255690,0
255698,0
255699,0
255714,0
255716,0
255719,0
255721,0
255724,0
255727,0
255729,0
255736,0
255741,0
255745,0
255758,0
255760,0
255763,0
255767,0
255769,0
255770,0
255777,0
255780,0
255798,0
255799,0
255802,0
255804,0
255805,0
255816,0
255817,0
255822,0
255828,0
255831,1
255840,0
255841,1
255845,0
255848,0
255851,0
255852,0
255856,0
255857,0
255866,0
255867,0
255874,0
255875,0
255879,0
255881,0
255884,0
255897,0
255902,0
255912,0
255923,0
255929,0
255938,0
255941,0
255942,0
255949,0
255950,0
255956,0
255961,0
255962,0
255968,0
255971,0
255980,0
255986,0
255990,0
255991,0
255993,0
255998,0
256003,0
256015,0
256021,0
256023,0
256028,0
256031,0
256043,0
256045,0
256046,0
256047,0
256052,0
256060,0
256067,0
256072,0
256078,0
256083,0
256085,0
256100,0
256110,0
256113,1
256122,0
256125,0
256129,0
256155,0
256156,0
256161,0
256163,0
256164,0
256167,0
256169,0
256173,0
256174,0
256185,0
256187,0
256191,0
256195,0
256206,0
256208,0
256214,0
256219,0
256220,0
256221,1
256246,0
256249,0
256252,0
256253,0
256257,0
256261,0
256270,0
256273,0
256280,0
256292,0
256300,0
256305,0
256308,0
256312,0
256325,0
256334,0
256344,0
256347,0
256349,0
256350,0
256353,0
256357,0
256360,0
256363,0
256367,0
256373,0
256381,0
256387,0
256393,0
256394,0
256396,0
256400,0
256409,0
256411,0
256424,0
256434,0
256436,0
256441,0
256442,0
256444,0
256448,0
256450,0
256454,0
256458,0
256467,0
256473,0
256483,0
256488,0
256490,0
256492,0
256498,0
256500,0
256503,0
256504,0
256508,0
256509,0
256511,0
256513,0
256535,0
256536,0
256538,0
256548,0
256551,0
256556,0
256562,0
256563,0
256567,0
256569,0
256570,0
256571,0
256572,0
256579,0
256581,0
256584,0
256585,0
256586,0
256593,0
256607,0
256609,0
256611,0
256613,0
256623,0
256627,0
256630,1
256631,0
256632,0
256643,0
256661,0
256664,0
256674,0
256679,0
256685,0
256690,0
256691,0
256693,0
256704,0
256710,0
256713,0
256720,0
256733,0
256740,0
256742,0
256744,0
256747,0
256748,0
256754,0
256762,1
256768,0
256770,0
256771,0
256786,1
256793,0
256799,0
256800,0
256801,0
256813,0
256821,0
256822,0
256823,0
256827,0
256837,0
256848,0
256849,0
256853,0
256856,0
256857,0
256859,0
256874,0
256875,0
256880,1
256884,0
256897,0
256912,0
256914,0
256920,0
256921,0
256922,1
256926,0
256934,0
256936,0
256937,0
256942,0
256943,0
256944,0
256947,0
256948,0
256954,0
256956,0
256958,0
256962,0
256963,0
256964,0
256965,0
256968,0
256973,0
256976,0
256986,0
256993,0
256994,0
256997,0
257010,1
257011,0
257014,0
257020,0
257044,0
257046,0
257047,0
257055,0
257057,0
257058,0
257062,0
257063,0
257064,0
257069,0
257079,0
257082,0
257084,0
257090,0
257091,0
257102,0
257103,0
257104,0
257105,0
257106,0
257109,0
257110,0
257115,1
257126,0
257134,0
257142,0
257166,0
257168,0
257170,0
257179,0
257188,0
257193,0
257194,0
257198,0
257199,0
257215,0
257216,0
257217,0
257219,0
257231,0
257243,0
257246,0
257247,0
257253,0
257259,0
257264,0
257268,0
257270,0
257271,0
257275,0
257278,0
257281,0
257302,0
257303,0
257312,0
257318,0
257319,1
257320,0
257325,0
257330,0
257333,0
257338,0
257339,0
257347,0
257349,0
257353,0
257357,0
257365,0
257368,0
257369,0
257370,0
257372,0
257381,0
257382,0
257400,0
257417,0
257427,0
257430,0
257435,0
257438,0
257440,0
257443,1
257445,0
257447,0
257448,0
257449,0
257452,1
257453,0
257455,0
257466,0
257469,0
257471,0
257486,0
257488,0
257489,0
257492,0
257498,1
257499,1
257504,0
257513,0
257515,1
257520,0
257522,0
257523,0
257525,0
257532,0
257533,0
257549,0
257553,0
257555,0
257557,0
257574,0
257594,0
257598,0
257600,0
257606,0
257608,0
257615,1
257619,0
257621,0
257624,0
257625,0
257627,0
257629,0
257632,0
257641,0
257644,0
257645,0
257647,0
257648,0
257649,0
257653,0
257656,0
257657,0
257662,0
257677,0
257678,0
257689,0
257691,0
257693,0
257695,0
257705,0
257708,0
257721,0
257728,0
257731,0
257734,0
257739,0
257746,0
257753,0
257757,0
257758,0
257764,0
257770,0
257774,0
257786,0
257793,0
257797,0
257799,0
257800,0
257801,0
257812,0
257813,0
257814,0
257820,0
257824,0
257825,0
257829,0
257859,0
257862,0
257865,0
257867,0
257869,0
257870,0
257871,0
257878,0
257880,0
257888,0
257890,0
257895,0
257901,1
257904,0
257911,0
257912,0
257913,0
257914,0
257915,0
257934,0
257937,0
257938,0
257950,0
257952,0
257953,0
257972,0
257977,0
257978,0
257980,0
257992,0
257993,0
257994,0
257995,0
257996,0
257997,0
258002,0
258011,0
258014,0
258019,0
258021,0
258033,0
258041,0
258042,0
258046,0
258049,0
258052,1
258054,0
258056,0
258057,0
258058,1
258061,0
258070,0
258073,0
258079,0
258080,0
258081,0
258083,0
258087,0
258094,0
258095,0
258107,0
258111,0
258113,0
258115,0
258124,0
258129,0
258132,0
258147,0
258148,0
258155,0
258156,0
258163,0
258166,0
258167,0
258172,0
258175,0
258177,0
258178,0
258195,0
258196,0
258197,0
258198,0
258201,0
258214,0
258219,0
258220,0
258223,0
258225,1
258227,0
258232,0
258253,0
258255,0
258259,0
258265,0
258267,0
258277,0
258279,0
258280,0
258285,0
258286,1
258289,0
258294,0
258297,0
258306,0
258331,0
258339,0
258342,0
258345,0
258356,0
258360,0
258362,0
258364,0
258368,0
258369,0
258370,0
258373,0
258377,0
258378,0
258384,0
258391,0
258392,0
258394,1
258396,0
258405,0
258406,0
258412,0
258421,0
258423,0
258425,0
258428,0
258431,0
258438,0
258446,0
258447,0
258449,0
258450,0
258452,0
258454,0
258458,0
258459,0
258462,0
258467,0
258475,0
258481,0
258490,0
258492,0
258493,0
258516,0
258530,0
258536,0
258539,0
258548,0
258549,0
258550,0
258565,0
258566,0
258569,0
258572,0
258595,0
258599,0
258604,0
258614,0
258623,0
258635,0
258639,0
258652,0
258657,0
258660,0
258661,0
258662,0
258670,0
258675,0
258676,0
258677,0
258679,0
258681,0
258689,0
258692,0
258697,0
258699,0
258710,0
258717,0
258720,0
258724,0
258726,0
258730,0
258733,0
258743,0
258748,0
258749,0
258753,0
258758,0
258759,0
258762,0
258766,0
258767,0
258775,0
258781,0
258784,0
258786,0
258794,0
258799,0
258801,0
258802,0
258812,0
258816,0
258835,0
258837,0
258839,0
258855,0
258858,0
258862,0
258873,0
258883,1
258892,0
258904,0
258906,0
258908,0
258917,0
258935,1
258938,0
258946,0
258954,0
258957,0
258960,0
258962,0
258965,0
258979,0
258981,0
258982,0
258986,0
259004,0
259011,0
259020,0
259026,0
259027,0
259039,0
259041,0
259043,0
259057,0
259058,0
259066,0
259067,0
259069,0
259079,0
259087,0
259094,0
259102,0
259127,0
259128,0
259129,0
259133,0
259139,0
259141,0
259145,0
259157,0
259158,0
259160,0
259164,0
259170,0
259175,0
259176,0
259185,0
259192,0
259201,0
259206,0
259210,0
259221,0
259222,0
259223,0
259225,0
259234,0
259235,0
259239,0
259256,0
259259,0
259264,0
259270,0
259272,0
259283,0
259301,0
259302,0
259310,0
259312,0
259315,0
259316,0
259323,0
259326,1
259345,0
259363,0
259370,0
259371,0
259389,0
259391,0
259392,0
259403,0
259406,0
259420,0
259423,0
259426,0
259427,0
259435,0
259437,0
259438,0
259446,0
259447,0
259460,0
259465,0
259467,0
259473,0
259479,0
259481,0
259486,0
259493,0
259495,0
259498,0
259515,0
259516,0
259518,0
259526,0
259527,0
259534,0
259536,0
259539,0
259543,0
259551,0
259553,0
259557,0
259564,0
259568,0
259577,0
259581,0
259586,0
259588,0
259594,1
259601,0
259602,0
259603,0
259604,0
259609,0
259610,0
259614,0
259620,0
259648,0
259651,0
259654,0
259659,0
259673,0
259676,0
259681,0
259683,0
259697,0
259701,0
259703,0
259706,0
259710,0
259712,0
259713,0
259720,1
259721,0
259727,0
259742,0
259744,0
259756,0
259757,0
259764,0
259766,0
259768,0
259773,0
259775,0
259776,0
259778,0
259791,0
259809,0
259814,0
259818,0
259827,0
259832,0
259842,0
259849,0
259853,0
259854,0
259859,0
259863,0
259874,0
259884,0
259885,0
259889,0
259890,0
259893,0
259900,0
259909,1
259913,0
259923,0
259927,0
259932,0
259944,0
259946,0
259948,0
259958,0
259959,0
259969,0
259971,0
259975,0
259982,0
259985,0
260000,0
260017,0
260022,1
260023,0
260025,0
260027,0
260030,0
260035,0
260042,0
260043,0
260044,0
260049,0
260054,0
260070,0
260071,0
260074,0
260076,0
260081,0
260082,0
260084,0
260086,0
260092,0
260095,0
260106,0
260109,0
260113,0
260115,0
260123,0
260126,0
260127,0
260130,0
260131,0
260133,0
260138,0
260139,0
260147,0
260150,0
260152,0
260153,0
260154,0
260156,0
260159,0
260164,0
260171,0
260172,0
260173,1
260180,0
260202,0
260206,0
260207,0
260209,0
260212,0
260217,0
260223,0
260227,0
260230,0
260232,0
260253,0
260257,0
260259,0
260264,0
260272,0
260276,0
260295,0
260297,0
260315,0
260318,0
260319,0
260322,0
260342,0
260355,0
260367,0
260369,0
260376,0
260377,0
260381,0
260397,0
260401,0
260402,0
260412,0
260428,0
260433,0
260439,0
260449,0
260458,0
260461,0
260469,0
260472,0
260476,0
260479,0
260483,0
260486,0
260491,0
260492,0
260497,0
260499,0
260501,0
260507,0
260511,0
260519,1
260528,0
260529,0
260532,0
260534,0
260547,0
260556,0
260557,0
260559,0
260560,0
260561,0
260571,0
260573,0
260576,0
260578,0
260579,0
260596,0
260621,0
260628,0
260629,0
260638,0
260640,0
260644,0
260654,0
260668,0
260675,0
260680,0
260685,0
260696,0
260697,0
260710,0
260714,0
260720,0
260721,0
260722,0
260723,0
260733,0
260746,0
260756,0
260759,0
260762,0
260771,1
260777,0
260782,0
260792,0
260793,0
260798,0
260801,0
260805,0
260810,0
260811,0
260814,0
260819,0
260820,0
260822,0
260827,0
260831,0
260841,0
260842,0
260848,0
260850,0
260861,0
260866,0
260872,0
260876,0
260878,0
260879,0
260885,0
260893,0
260896,0
260900,0
260908,0
260916,1
260921,0
260929,0
260935,0
260937,0
260938,0
260942,0
260948,0
260950,0
260953,0
260957,0
260962,0
260970,0
260972,0
260973,0
260976,0
260977,0
260980,0
260984,0
260989,0
260991,0
260998,0
261011,0
261015,0
261016,0
261024,0
261032,0
261035,0
261038,0
261040,0
261041,0
261044,0
261047,0
261051,0
261055,0
261069,0
261072,0
261077,0
261083,0
261085,0
261091,0
261097,0
261100,0
261101,0
261106,0
261109,0
261112,0
261114,0
261118,0
261124,0
261143,0
261149,0
261155,0
261158,0
261162,0
261165,0
261168,0
261171,0
261179,0
261185,0
261198,0
261200,1
261204,0
261205,0
261206,0
261212,0
261222,0
261230,0
261234,0
261235,0
261238,0
261240,0
261254,0
261255,0
261265,0
261275,0
261279,0
261288,0
261294,0
261301,0
261303,0
261304,0
261305,0
261307,0
261309,0
261310,0
261316,0
261324,0
261329,0
261330,0
261344,0
261345,1
261356,0
261374,0
261389,0
261396,0
261422,0
261432,0
261433,0
261435,0
261441,0
261442,0
261443,0
261445,0
261447,0
261449,0
261455,0
261461,0
261464,0
261467,0
261472,0
261475,0
261477,0
261482,0
261488,0
261490,0
261494,1
261495,0
261499,0
261508,0
261515,0
261539,0
261542,0
261546,0
261548,0
261568,0
261571,0
261589,0
261595,0
261596,0
261617,0
261620,0
261621,0
261623,0
261625,0
261631,0
261641,0
261644,0
261648,0
261650,0
261651,0
261655,0
261657,0
261658,0
261662,0
261663,0
261665,0
261670,0
261671,0
261679,0
261688,0
261693,0
261699,0
261701,0
261703,0
261708,0
261711,0
261720,0
261732,0
261735,0
261737,0
261741,0
261745,0
261752,0
261761,0
261765,0
261789,0
261795,0
261802,0
261806,0
261809,0
261812,0
261824,0
261825,0
261828,0
261850,0
261853,0
261856,0
261857,0
261858,0
261865,0
261867,0
261881,0
261885,0
261886,0
261892,0
261896,0
261898,0
261899,0
261906,0
261911,0
261912,0
261915,1
261919,1
261920,0
261934,0
261940,0
261943,0
261945,0
261949,0
261952,0
261957,0
261959,0
261960,0
261963,0
261969,0
261978,0
261991,0
262002,0
262004,0
262016,0
262018,0
262024,0
262027,0
262033,0
262034,0
262036,0
262043,1
262044,0
262053,0
262063,0
262079,0
262084,0
262086,0
262090,0
262092,0
262093,0
262094,0
262095,0
262108,0
262112,0
262113,0
262116,0
262123,0
262127,0
262130,0
262131,0
262139,0
262142,0
262150,0
262156,0
262165,0
262169,0
262172,0
262174,0
262184,0
262186,0
262187,0
262188,0
262193,0
262197,0
262198,0
262199,0
262201,0
262202,0
262203,0
262205,0
262206,0
262213,0
262215,0
262218,0
262221,0
262224,0
262226,0
262237,0
262241,0
262247,0
262250,0
262251,0
262256,0
262268,0
262270,0
262274,0
262277,0
262284,0
262298,0
262301,0
262302,0
262303,0
262304,0
262311,0
262314,0
262315,0
262317,0
262321,0
262326,0
262328,0
262329,0
262335,0
262342,0
262352,0
262356,0
262362,0
262371,0
262380,0
262388,0
262390,0
262391,0
262392,1
262401,0
262404,0
262408,0
262419,0
262422,0
262423,0
262440,0
262441,0
262459,0
262472,0
262474,0
262478,0
262480,0
262489,1
262496,0
262508,0
262510,0
262511,0
262518,0
262550,0
262565,0
262568,0
262570,0
262571,0
262572,0
262580,1
262599,0
262606,0
262607,0
262619,0
262620,0
262627,0
262628,0
262634,0
262636,0
262638,0
262640,1
262648,0
262674,0
262678,0
262684,0
262688,0
262695,0
262698,1
262699,0
262706,0
262713,0
262714,0
262716,0
262725,0
262729,0
262730,0
262736,0
262744,0
262753,0
262754,0
262763,0
262764,0
262770,0
262782,0
262786,0
262787,0
262790,0
262797,0
262803,1
262806,0
262820,0
262822,0
262823,0
262825,0
262826,0
262831,0
262833,0
262840,0
262843,0
262844,0
262853,0
262854,1
262863,0
262864,0
262866,0
262869,0
262870,0
262905,0
262908,0
262912,0
262923,0
262925,0
262926,0
262936,0
262937,1
262938,0
262939,0
262942,0
262947,0
262949,0
262950,0
262959,0
262962,0
262973,0
262975,0
262987,0
263001,0
263007,0
263009,0
263010,0
263015,0
263018,0
263019,0
263026,0
263029,0
263032,0
263036,0
263041,1
263049,0
263054,0
263059,0
263064,0
263070,0
263076,0
263086,0
263087,0
263089,0
263090,0
263096,0
263100,0
263104,0
263107,0
263108,0
263110,0
263122,0
263124,0
263125,0
263127,0
263130,0
263136,0
263172,0
263173,0
263180,0
263190,0
263192,0
263193,0
263196,0
263197,0
263202,1
263203,0
263205,0
263208,0
263212,0
263213,0
263219,0
263223,0
263224,0
263230,1
263234,0
263235,0
263263,0
263269,0
263276,0
263284,0
263290,0
263303,0
263310,0
263316,0
263319,0
263321,0
263325,0
263326,0
263329,0
263337,0
263340,0
263347,0
263355,0
263360,0
263361,0
263372,0
263382,0
263389,0
263392,0
263396,0
263404,0
263409,0
263417,0
263423,0
263426,0
263430,0
263443,0
263444,0
263445,0
263448,0
263449,0
263451,0
263454,0
263455,0
263467,0
263471,0
263482,0
263491,1
263495,0
263497,0
263499,0
263501,0
263502,0
263507,0
263512,0
263517,1
263518,0
263520,0
263528,0
263531,0
263535,0
263538,0
263549,0
263554,0
263559,0
263563,0
263565,0
263566,0
263573,0
263574,0
263575,0
263584,0
263588,0
263592,0
263597,0
263598,0
263600,0
263601,0
263611,0
263612,0
263614,0
263618,0
263623,0
263624,0
263630,0
263631,0
263633,0
263634,0
263635,0
263636,0
263639,0
263640,0
263641,0
263644,0
263649,0
263655,0
263658,0
263660,1
263661,0
263669,0
263673,0
263674,0
263679,0
263688,0
263690,0
263695,0
263696,0
263699,0
263705,0
263715,0
263717,0
263721,0
263723,0
263726,0
263727,0
263729,0
263738,0
263739,0
263742,0
263751,0
263755,0
263758,0
263760,0
263765,0
263768,0
263769,0
263771,0
263776,0
263784,0
263793,0
263795,0
263799,0
263811,0
263813,0
263814,0
263815,0
263816,0
263823,0
263828,0
263832,0
263835,0
263838,0
263839,0
263857,0
263865,0
263866,0
263869,0
263877,0
263892,0
263897,1
263900,0
263904,0
263908,0
263911,0
263914,0
263917,0
263919,0
263926,0
263929,0
263930,0
263941,0
263944,0
263955,0
263960,0
263968,0
263972,0
263974,0
263977,0
263978,0
263984,0
263991,0
263992,0
263994,0
263997,0
263998,0
264001,0
264005,0
264017,0
264021,0
264025,0
264029,0
264036,0
264048,0
264061,0
264066,1
264068,0
264081,0
264083,0
264084,0
264108,0
264109,0
264116,0
264117,0
264120,0
264127,0
264129,0
264138,1
264139,0
264144,0
264150,0
264155,0
264172,0
264183,0
264205,0
264206,0
264210,0
264211,0
264214,0
264220,0
264222,0
264230,0
264240,0
264241,0
264243,0
264257,0
264263,0
264271,1
264272,0
264277,0
264278,0
264281,0
264284,0
264285,0
264286,0
264292,0
264307,0
264308,0
264309,0
264317,0
264320,0
264328,0
264330,0
264333,0
264343,0
264349,0
264351,0
264361,0
264365,0
264369,0
264370,0
264373,0
264379,0
264380,0
264385,0
264386,0
264388,0
264408,0
264414,0
264418,0
264421,0
264423,0
264424,0
264436,0
264448,0
264451,0
264456,0
264459,0
264461,0
264464,0
264474,1
264478,0
264491,0
264494,0
264499,0
264503,0
264505,0
264509,0
264523,0
264525,0
264527,0
264545,0
264548,0
264555,0
264561,0
264562,0
264564,0
264567,0
264579,0
264581,0
264584,0
264588,0
264593,0
264596,0
264607,0
264613,0
264617,0
264620,0
264640,0
264647,0
264653,0
264657,0
264662,0
264673,0
264691,0
264692,0
264693,0
264696,0
264704,0
264715,0
264717,0
264718,0
264721,0
264723,0
264725,0
264727,1
264730,0
264737,0
264739,0
264740,0
264741,0
264746,0
264750,0
264762,0
264764,0
264765,0
264766,0
264775,0
264791,0
264799,0
264807,0
264817,0
264825,0
264826,0
264831,0
264847,0
264848,0
264858,0
264862,0
264864,0
264869,0
264871,0
264873,0
264876,0
264882,0
264884,0
264887,0
264892,0
264897,0
264898,0
264911,0
264921,0
264925,0
264932,0
264940,0
264946,0
264947,0
264952,0
264958,0
264959,0
264965,0
264967,0
264972,0
264975,0
264996,0
264999,0
265002,0
265007,0
265016,0
265020,0
265028,0
265029,0
265031,0
265037,0
265046,0
265052,0
265054,0
265058,0
265064,0
265065,0
265080,0
265085,0
265089,0
265092,0
265101,0
265112,0
265113,0
265116,0
265119,0
265125,0
265130,0
265131,0
265133,0
265134,0
265138,0
265142,0
265146,0
265147,0
265149,0
265151,0
265152,0
265159,0
265160,0
265167,0
265173,0
265178,0
265180,0
265182,0
265185,0
265189,0
265194,0
265198,0
265200,0
265203,0
265209,0
265214,0
265215,0
265219,0
265222,0
265224,0
265231,0
265239,0
265243,0
265245,0
265255,0
265256,0
265257,0
265259,0
265260,0
265265,1
265268,0
265271,0
265272,0
265290,0
265296,0
265298,0
265301,0
265312,0
265315,0
265320,0
265326,0
265329,1
265331,0
265337,0
265341,0
265353,0
265360,0
265367,0
265370,0
265374,0
265379,0
265382,0
265385,0
265394,0
265397,0
265402,0
265404,0
265405,0
265412,0
265413,0
265419,0
265432,1
265435,0
265441,0
265444,0
265453,0
265457,0
265463,0
265468,0
265469,0
265472,0
265476,0
265479,0
265492,0
265493,0
265502,0
265512,0
265513,0
265523,0
265524,0
265526,0
265527,0
265531,0
265533,0
265534,0
265548,1
265552,0
265559,0
265577,0
265580,0
265581,0
265584,0
265585,0
265587,0
265596,0
265600,0
265607,0
265614,0
265617,0
265620,1
265625,0
265635,0
265639,0
265640,0
265644,0
265646,1
265648,0
265655,1
265659,0
265662,0
265663,0
265665,0
265668,0
265669,0
265673,0
265680,0
265681,0
265684,0
265689,0
265693,0
265698,0
265699,0
265700,0
265710,0
265714,0
265717,0
265722,0
265725,0
265730,0
265738,0
265743,0
265745,0
265746,0
265754,0
265760,0
265761,0
265776,0
265777,0
265791,0
265793,0
265796,0
265800,0
265810,0
265815,0
265820,0
265821,0
265828,0
265830,0
265835,0
265838,0
265840,0
265843,0
265850,0
265861,0
265863,0
265864,0
265865,0
265867,0
265874,0
265877,0
265880,0
265889,0
265897,0
265900,0
265918,0
265920,0
265921,0
265923,1
265924,0
265925,0
265926,0
265928,0
265931,0
265934,0
265940,0
265942,0
265948,0
265959,0
265968,0
265976,0
265979,0
265985,0
265988,0
265998,0
266008,0
266010,0
266012,0
266013,0
266019,0
266020,0
266022,1
266038,0
266047,0
266049,0
266053,0
266054,0
266056,0
266061,0
266063,0
266066,0
266068,0
266077,0
266085,0
266092,0
266101,0
266102,0
266109,0
266112,0
266113,0
266116,0
266121,0
266125,0
266128,0
266134,0
266157,0
266164,0
266165,0
266172,0
266176,0
266178,0
266180,0
266183,0
266184,0
266185,0
266207,0
266208,0
266212,1
266218,0
266219,0
266229,0
266232,0
266238,0
266245,0
266265,0
266267,0
266268,0
266271,0
266275,0
266281,0
266285,0
266288,0
266289,0
266291,0
266292,0
266304,0
266313,0
266315,0
266316,0
266318,0
266319,0
266327,0
266333,0
266337,0
266344,0
266349,0
266350,0
266354,0
266355,0
266358,0
266383,0
266386,0
266388,0
266392,0
266393,0
266396,0
266403,0
266405,0
266410,0
266413,0
266416,0
266417,0
266421,1
266425,0
266426,0
266429,0
266437,0
266438,0
266444,0
266445,0
266447,0
266450,0
266455,0
266462,0
266468,0
266475,0
266481,0
266490,0
266493,0
266494,0
266495,0
266497,1
266503,0
266510,0
266513,0
266522,0
266526,0
266527,0
266528,0
266531,0
266540,0
266548,0
266553,0
266554,0
266559,0
266566,0
266572,0
266583,0
266585,0
266587,0
266591,0
266593,1
266604,0
266607,0
266619,0
266622,0
266623,0
266626,1
266636,0
266638,0
266657,0
266660,0
266661,0
266663,0
266666,0
266667,0
266682,0
266684,0
266687,0
266690,0
266693,0
266695,0
266697,0
266705,0
266706,0
266708,0
266709,0
266714,0
266715,0
266718,0
266720,0
266721,0
266742,0
266743,0
266748,0
266753,0
266765,0
266768,0
266773,0
266777,0
266778,0
266782,0
266784,0
266785,0
266789,0
266792,0
266802,0
266818,0
266822,0
266826,0
266847,0
266848,0
266852,0
266856,0
266860,0
266866,0
266867,0
266868,0
266871,0
266885,0
266895,0
266902,0
266906,0
266907,0
266909,1
266916,0
266917,0
266918,0
266920,0
266925,0
266930,0
266935,0
266936,0
266937,0
266939,0
266948,0
266957,0
266964,0
266967,0
266977,0
266980,0
266984,0
266995,0
267000,0
267027,0
267028,0
267034,0
267041,0
267042,0
267051,0
267055,0
267058,0
267060,0
267061,0
267073,1
267075,0
267085,0
267089,0
267090,0
267094,0
267095,0
267098,0
267104,0
267113,0
267114,0
267119,0
267128,0
267129,0
267132,0
267133,0
267143,0
267146,0
267151,0
267159,0
267160,0
267171,0
267173,1
267177,0
267180,0
267183,0
267188,0
267191,0
267195,0
267213,0
267216,0
267219,0
267222,0
267224,0
267236,0
267241,0
267246,0
267253,0
267254,0
267258,0
267261,0
267263,0
267264,0
267266,0
267282,0
267283,0
267286,1
267287,0
267290,0
267292,0
267299,0
267313,0
267318,0
267320,0
267328,0
267334,0
267335,0
267343,0
267350,0
267356,0
267359,0
267364,0
267369,0
267371,0
267375,0
267387,0
267390,0
267393,0
267405,0
267408,0
267416,0
267421,0
267425,0
267426,0
267432,0
267435,0
267440,0
267451,0
267453,0
267456,0
267460,0
267466,0
267481,0
267482,0
267484,0
267485,0
267489,0
267490,0
267493,0
267497,0
267502,1
267520,0
267525,0
267528,0
267529,0
267531,0
267532,0
267533,0
267544,0
267548,0
267551,0
267555,0
267556,0
267560,0
267572,0
267577,0
267584,0
267589,0
267592,0
267595,0
267596,0
267597,0
267599,0
267601,0
267602,0
267607,0
267612,0
267616,0
267633,0
267648,0
267656,0
267658,0
267665,0
267666,0
267683,0
267690,0
267694,0
267700,0
267704,0
267714,0
267715,0
267718,0
267723,0
267724,0
267725,0
267730,0
267739,0
267741,0
267745,0
267756,0
267757,0
267764,0
267775,0
267777,0
267780,0
267781,0
267785,0
267790,0
267792,0
267801,0
267802,0
267804,0
267815,0
267819,0
267824,0
267826,0
267828,0
267829,0
267830,0
267831,0
267834,0
267835,0
267839,0
267844,0
267845,0
267847,0
267848,0
267853,0
267861,0
267862,0
267864,0
267867,0
267872,0
267874,0
267875,0
267879,0
267903,0
267904,0
267909,0
267910,0
267920,0
267931,0
267932,0
267944,0
267945,0
267948,0
267949,0
267951,0
267952,0
267959,0
267966,0
267975,0
267979,0
267982,0
267984,0
267987,0
267989,0
267993,0
268010,0
268017,0
268021,0
268031,0
268043,0
268054,0
268058,0
268061,0
268062,0
268063,0
268066,0
268073,0
268074,0
268077,0
268080,0
268082,0
268084,1
268093,0
268096,0
268100,0
268103,0
268104,0
268114,0
268116,0
268117,1
268121,0
268128,0
268134,0
268136,0
268141,0
268142,1
268148,0
268162,0
268164,0
268172,0
268174,1
268180,0
268192,0
268212,0
268216,0
268227,0
268231,0
268246,0
268249,1
268259,0
268261,0
268270,0
268277,0
268278,0
268282,0
268283,0
268291,0
268304,0
268307,0
268310,0
268311,0
268314,0
268321,0
268322,0
268326,0
268328,0
268333,0
268342,0
268343,0
268351,0
268358,0
268360,0
268378,0
268379,0
268380,0
268385,0
268386,0
268397,0
268412,0
268413,0
268419,0
268425,0
268428,0
268446,0
268449,0
268450,0
268452,1
268462,0
268464,1
268466,0
268467,0
268490,0
268492,0
268493,0
268499,0
268520,0
268530,0
268533,0
268534,0
268542,0
268544,0
268547,0
268551,0
268560,0
268566,0
268567,0
268570,0
268573,0
268575,0
268576,0
268578,0
268595,0
268596,0
268599,0
268602,0
268608,0
268612,0
268628,0
268635,0
268639,0
268641,0
268647,0
268648,0
268673,0
268674,0
268680,1
268684,0
268687,0
268699,0
268706,0
268707,0
268709,0
268710,0
268715,0
268734,0
268736,1
268745,0
268758,0
268759,0
268760,0
268769,0
268771,0
268775,0
268778,0
268780,0
268783,0
268787,0
268789,0
268791,0
268803,1
268811,0
268816,0
268818,0
268823,0
268833,0
268838,0
268839,0
268841,0
268842,0
268846,0
268849,0
268858,0
268867,0
268869,0
268872,0
268880,0
268881,0
268882,1
268886,0
268887,0
268888,0
268889,0
268894,0
268897,0
268899,0
268901,0
268904,0
268909,0
268910,0
268911,0
268917,0
268919,0
268924,0
268925,1
268927,0
268934,0
268939,0
268940,0
268941,0
268944,0
268945,0
268946,0
268950,0
268951,0
268961,0
268962,0
268994,0
268995,0
269001,0
269015,0
269025,0
269026,0
269027,0
269034,0
269042,0
269046,0
269063,0
269066,0
269070,0
269071,1
269074,0
269077,0
269080,0
269081,0
269103,0
269106,0
269111,0
269115,0
269121,0
269137,0
269155,0
269164,0
269167,0
269174,0
269177,0
269179,0
269188,0
269198,0
269199,0
269200,0
269202,0
269217,1
269219,0
269223,0
269229,0
269247,0
269264,0
269265,0
269267,0
269272,0
269275,0
269277,0
269280,0
269288,0
269289,0
269290,0
269296,0
269298,0
269302,0
269303,0
269304,0
269307,0
269314,0
269316,0
269326,0
269338,0
269341,0
269343,0
269345,0
269348,0
269350,0
269351,0
269352,0
269357,0
269358,0
269361,0
269369,0
269372,0
269375,0
269380,0
269387,0
269390,0
269393,0
269404,0
269405,0
269406,0
269407,0
269413,0
269417,0
269421,0
269428,0
269445,0
269452,0
269461,0
269467,0
269469,0
269471,0
269473,0
269483,0
269484,0
269488,0
269500,0
269501,0
269502,0
269503,0
269509,0
269517,0
269519,0
269527,0
269540,0
269544,0
269546,0
269553,0
269554,0
269558,0
269562,0
269563,0
269573,0
269574,0
269580,0
269583,0
269586,0
269587,0
269588,0
269592,0
269593,0
269598,0
269603,0
269609,0
269610,0
269613,0
269615,0
269616,0
269617,0
269624,0
269625,0
269632,0
269639,0
269661,0
269662,0
269663,0
269669,0
269670,0
269671,0
269675,0
269676,0
269677,0
269678,0
269684,0
269687,0
269689,0
269699,0
269703,0
269710,0
269717,0
269726,0
269728,0
269730,0
269735,0
269740,0
269743,0
269747,0
269749,0
269750,1
269751,0
269755,0
269756,0
269762,0
269772,0
269774,0
269778,0
269779,0
269782,0
269784,0
269792,0
269800,0
269812,0
269814,0
269817,0
269821,0
269833,0
269853,0
269857,0
269858,0
269860,0
269870,0
269871,0
269872,0
269875,0
269878,0
269880,0
269885,0
269886,0
269889,0
269900,0
269902,0
269904,0
269910,0
269912,0
269913,1
269917,0
269922,0
269926,0
269933,0
269937,1
269939,0
269948,0
269956,0
269959,0
269965,0
269967,0
269973,0
269975,0
269978,0
269980,0
269981,0
269983,0
269985,0
269990,0
270001,0
270004,0
270007,0
270023,0
270026,0
270036,0
270037,0
270049,0
270058,0
270059,0
270066,0
270070,0
270071,0
270085,0
270087,0
270088,0
270092,0
270093,0
270107,0
270108,0
270112,0
270122,0
270124,0
270134,0
270135,0
270140,0
270145,0
270147,0
270150,0
270153,0
270158,0
270159,0
270164,0
270174,0
270180,0
270181,0
270182,0
270184,0
270188,0
270189,0
270200,0
270205,0
270215,0
270226,0
270234,0
270237,0
270243,0
270250,0
270257,0
270258,0
270259,0
270262,0
270263,0
270264,0
270269,1
270278,0
270284,0
270297,0
270304,0
270316,0
270319,0
270323,0
270325,0
270328,0
270336,0
270337,0
270340,1
270342,0
270344,0
270366,0
270371,0
270374,0
270376,0
270389,0
270390,0
270398,0
270399,0
270404,0
270407,0
270411,0
270414,0
270415,0
270419,0
270431,0
270433,0
270437,0
270449,0
270451,0
270453,0
270456,0
270458,0
270461,0
270462,0
270463,0
270468,0
270469,0
270488,0
270492,0
270497,0
270498,0
270500,0
270507,0
270509,0
270511,0
270517,0
270522,0
270527,0
270530,0
270536,0
270552,0
270554,0
270555,0
270571,0
270573,0
270577,0
270580,0
270592,0
270602,0
270605,0
270613,0
270614,0
270615,0
270617,0
270619,0
270620,0
270624,0
270628,0
270640,0
270654,0
270662,0
270669,0
270673,0
270686,0
270687,0
270693,0
270695,0
270697,0
270701,0
270706,0
270714,0
270716,0
270725,0
270729,0
270736,0
270737,0
270744,0
270752,0
270761,0
270773,0
270780,0
270785,0
270795,0
270796,0
270798,0
270806,0
270813,0
270815,0
270827,0
270829,0
270830,0
270832,0
270833,0
270837,0
270839,0
270846,0
270847,0
270848,0
270865,0
270866,0
270870,0
270871,0
270873,0
270877,0
270882,0
270884,0
270885,0
270886,0
270887,0
270888,0
270892,0
270912,0
270914,0
270924,0
270925,0
270926,0
270927,0
270929,0
270945,0
270952,0
270954,0
270960,0
270966,0
270968,0
270975,0
270979,0
270980,0
270988,0
270994,0
270996,0
270997,0
271000,0
271006,0
271009,0
271014,0
271017,0
271018,0
271031,0
271035,0
271037,0
271042,0
271043,0
271050,0
271064,0
271066,0
271071,0
271076,0
271077,0
271079,0
271085,0
271088,0
271090,0
271101,0
271102,0
271103,0
271107,0
271111,0
271115,0
271124,0
271126,0
271131,0
271132,0
271142,0
271145,0
271147,0
271151,0
271153,0
271154,0
271160,0
271163,0
271164,0
271165,0
271167,0
271172,0
271173,0
271176,0
271181,0
271185,0
271188,0
271193,0
271196,0
271205,0
271212,0
271214,0
271218,0
271219,0
271224,0
271235,0
271236,0
271238,0
271240,0
271242,0
271261,0
271272,0
271279,0
271286,0
271292,0
271299,0
271307,0
271308,0
271309,0
271313,0
271316,0
271317,0
271320,0
271325,0
271327,0
271332,0
271336,0
271339,0
271344,1
271349,0
271353,0
271357,0
271363,0
271366,0
271371,0
271374,0
271379,0
271385,0
271388,0
271405,0
271406,0
271407,0
271411,0
271412,0
271419,0
271421,0
271422,0
271423,0
271426,0
271428,0
271440,0
271451,0
271459,0
271465,0
271477,0
271481,0
271483,0
271486,0
271488,0
271489,0
271490,0
271492,0
271495,0
271500,0
271501,0
271505,0
271507,0
271511,0
271512,0
271513,0
271514,0
271523,0
271524,0
271526,1
271533,0
271536,0
271548,0
271549,0
271556,0
271563,0
271565,0
271566,0
271567,0
271574,0
271575,0
271576,0
271582,0
271589,0
271591,0
271596,0
271599,0
271601,0
271603,1
271604,0
271607,0
271609,0
271610,0
271611,0
271613,0
271620,0
271622,0
271631,0
271634,0
271640,0
271650,0
271655,0
271656,0
271662,0
271663,0
271677,0
271681,0
271690,0
271731,0
271740,0
271747,0
271750,0
271755,0
271760,0
271763,0
271767,0
271769,0
271775,0
271778,0
271779,0
271785,0
271786,0
271793,1
271803,0
271806,0
271810,0
271812,0
271815,0
271819,0
271820,0
271823,0
271827,0
271832,0
271834,0
271836,0
271840,0
271845,0
271851,0
271854,0
271860,0
271861,0
271864,0
271865,0
271883,0
271888,0
271894,0
271903,0
271923,0
271926,0
271927,0
271945,0
271947,1
271949,0
271951,0
271953,0
271954,0
271960,0
271973,0
271974,0
271978,0
271979,0
271985,0
271992,0
271997,0
272000,0
272004,0
272015,0
272039,1
272041,0
272054,0
272068,0
272078,0
272090,0
272095,0
272102,0
272105,1
272112,0
272113,0
272114,0
272124,0
272143,0
272144,0
272145,0
272146,0
272150,0
272151,0
272155,0
272168,0
272169,0
272172,0
272174,0
272185,0
272186,0
272203,0
272204,0
272208,0
272212,0
272220,0
272222,0
272225,0
272239,0
272253,0
272254,0
272256,0
272260,0
272262,0
272272,0
272279,0
272285,0
272301,0
272303,0
272306,0
272313,0
272322,0
272341,0
272345,0
272346,0
272349,0
272351,0
272360,0
272364,1
272365,0
272370,0
272378,0
272389,0
272391,0
272402,0
272407,0
272411,0
272413,0
272421,0
272438,0
272441,0
272448,0
272450,0
272451,0
272460,0
272467,0
272469,0
272483,0
272494,0
272502,0
272506,0
272512,0
272513,0
272515,0
272516,0
272517,0
272518,0
272519,0
272533,0
272535,0
272542,0
272551,0
272552,0
272564,0
272568,0
272569,0
272571,0
272573,0
272577,1
272595,1
272599,0
272602,1
272614,0
272621,1
272623,0
272628,0
272643,0
272646,0
272648,0
272658,0
272674,0
272678,0
272682,0
272683,0
272685,0
272688,0
272695,0
272699,0
272700,0
272704,0
272706,0
272707,0
272713,0
272717,0
272726,0
272731,0
272733,0
272737,0
272738,0
272739,0
272741,0
272745,0
272760,0
272763,0
272767,0
272768,0
272770,0
272780,0
272781,0
272784,0
272789,0
272803,0
272804,0
272808,0
272813,0
272815,0
272820,0
272823,0
272824,0
272830,0
272831,0
272844,1
272846,0
272848,0
272850,0
272854,0
272859,0
272861,0
272870,0
272873,1
272874,0
272875,0
272876,0
272878,0
272881,0
272883,0
272896,0
272903,0
272904,0
272907,0
272909,0
272910,0
272922,1
272925,0
272926,0
272932,0
272940,0
272941,0
272945,0
272947,0
272951,0
272963,0
272970,0
272974,0
272975,0
272994,0
272995,0
272998,0
272999,0
273000,0
273005,0
273028,0
273037,0
273038,0
273043,0
273045,0
273049,0
273050,0
273061,0
273065,0
273074,0
273076,0
273077,0
273078,0
273079,0
273103,0
273106,0
273108,0
273111,0
273119,0
273125,0
273134,0
273138,0
273140,0
273148,0
273149,0
273153,0
273173,0
273178,0
273180,0
273186,0
273194,0
273202,0
273206,0
273209,0
273210,0
273212,0
273220,0
273234,0
273238,0
273243,0
273252,0
273257,0
273258,0
273262,0
273264,0
273277,0
273297,0
273308,0
273314,0
273320,0
273325,0
273351,0
273352,0
273353,0
273359,0
273368,0
273371,0
273381,0
273382,0
273384,0
273385,0
273389,0
273402,0
273410,0
273414,1
273428,0
273430,0
273433,0
273435,0
273438,0
273442,1
273447,0
273459,0
273466,0
273471,0
273475,0
273482,0
273499,0
273504,0
273511,0
273520,0
273523,0
273527,0
273530,0
273537,0
273540,0
273542,0
273545,0
273547,0
273548,0
273549,0
273563,0
273564,0
273567,0
273568,0
273571,0
273574,0
273576,0
273577,0
273580,0
273583,0
273592,0
273603,0
273613,0
273625,0
273627,0
273640,0
273641,0
273642,0
273643,0
273648,0
273651,0
273652,0
273656,0
273667,0
273671,0
273673,0
273676,0
273677,0
273679,0
273683,0
273686,0
273691,0
273698,0
273711,0
273713,0
273720,0
273723,0
273737,0
273738,0
273748,0
273751,0
273752,0
273759,0
273765,0
273771,0
273785,0
273793,0
273806,0
273812,0
273828,0
273829,0
273834,0
273836,0
273839,0
273853,0
273857,0
273859,0
273860,0
273863,0
273866,0
273877,0
273885,0
273890,0
273895,0
273902,0
273910,0
273911,0
273912,0
273913,0
273917,0
273924,0
273933,0
273935,0
273942,0
273944,0
273952,0
273955,0
273965,0
273973,0
273975,0
273978,0
273986,0
273994,1
273996,0
273998,0
274007,0
274009,0
274018,0
274020,0
274026,0
274027,0
274030,0
274048,0
274051,0
274053,0
274062,0
274065,0
274067,0
274072,0
274075,0
274082,0
274087,0
274100,0
274112,0
274120,0
274121,0
274124,0
274125,0
274126,0
274127,0
274128,0
274133,0
274137,0
274140,0
274142,0
274144,0
274145,0
274149,0
274154,0
274166,0
274169,0
274181,0
274194,0
274198,0
274200,0
274218,0
274224,0
274230,0
274231,0
274238,0
274242,0
274247,1
274248,0
274252,0
274257,0
274262,0
274266,0
274268,0
274272,0
274276,0
274300,0
274303,0
274315,0
274336,0
274338,0
274342,0
274343,0
274346,0
274347,0
274351,0
274352,0
274354,0
274360,0
274368,0
274369,0
274371,0
274375,0
274377,0
274381,0
274382,1
274386,0
274394,0
274398,0
274411,1
274412,0
274424,0
274427,1
274467,0
274471,0
274475,0
274483,0
274489,0
274491,0
274492,0
274498,0
274499,0
274504,0
274505,0
274507,0
274512,0
274517,0
274520,0
274521,0
274522,0
274526,0
274536,0
274549,0
274564,0
274566,0
274567,0
274569,0
274574,0
274579,0
274580,0
274582,0
274584,0
274587,0
274596,0
274602,0
274603,0
274604,0
274605,0
274607,0
274608,0
274609,0
274619,0
274623,0
274627,0
274631,0
274636,0
274640,0
274648,0
274654,0
274659,0
274660,0
274664,0
274665,0
274671,0
274672,0
274695,1
274696,0
274699,0
274700,0
274704,0
274722,0
274723,0
274726,0
274736,0
274739,0
274741,0
274743,0
274746,0
274749,0
274755,0
274762,0
274764,1
274767,0
274774,0
274779,0
274784,0
274792,0
274798,0
274801,0
274811,0
274813,0
274815,0
274822,0
274824,0
274830,0
274834,0
274843,0
274845,0
274848,0
274850,0
274851,0
274854,0
274855,0
274868,0
274879,0
274881,0
274905,0
274909,0
274917,0
274920,0
274929,0
274938,0
274943,0
274950,0
274956,0
274957,0
274964,0
274967,0
274978,0
274995,0
274996,0
275000,0
275003,0
275009,0
275014,0
275020,0
275021,0
275024,0
275025,0
275036,0
275037,0
275045,0
275050,0
275059,0
275062,0
275070,0
275071,0
275076,1
275077,0
275083,0
275085,1
275090,0
275103,0
275107,0
275112,0
275122,0
275125,0
275140,0
275141,0
275143,0
275144,0
275146,0
275147,0
275150,0
275152,0
275153,0
275163,0
275171,0
275174,0
275179,0
275181,0
275185,0
275192,1
275206,0
275215,0
275219,0
275223,0
275231,0
275233,0
275242,0
275243,0
275247,0
275250,0
275257,0
275259,0
275266,0
275274,0
275275,0
275277,0
275285,0
275297,0
275300,0
275311,0
275312,0
275313,0
275332,0
275347,0
275348,1
275354,0
275355,0
275359,0
275367,0
275372,0
275377,0
275378,0
275380,0
275381,0
275384,0
275388,0
275405,0
275409,0
275411,0
275417,0
275419,0
275421,0
275422,0
275425,0
275433,0
275439,0
275441,0
275448,0
275449,0
275457,0
275460,0
275461,0
275463,0
275464,0
275466,0
275468,0
275475,0
275483,0
275488,0
275496,0
275497,0
275506,0
275515,0
275523,0
275524,0
275525,0
275526,0
275527,0
275530,0
275531,0
275538,0
275541,0
275542,0
275544,0
275546,0
275560,0
275568,0
275574,0
275577,0
275581,0
275582,0
275584,0
275587,0
275593,0
275597,0
275600,0
275602,0
275607,0
275612,0
275614,0
275628,0
275632,0
275647,0
275648,0
275659,0
275662,0
275673,0
275680,0
275684,0
275694,0
275698,0
275699,0
275700,0
275703,0
275707,0
275711,0
275712,0
275720,0
275723,0
275728,0
275734,0
275736,0
275742,0
275745,0
275751,0
275753,0
275757,0
275758,0
275769,0
275770,0
275771,0
275773,0
275783,0
275785,0
275789,0
275791,0
275803,0
275806,0
275826,1
275827,0
275829,0
275834,0
275847,0
275852,0
275856,0
275860,0
275863,0
275866,0
275867,0
275874,0
275879,0
275883,0
275885,0
275886,0
275891,0
275895,0
275899,0
275904,0
275908,0
275911,0
275915,0
275922,0
275923,0
275927,0
275941,0
275948,1
275958,0
275968,0
275969,0
275971,0
275974,0
275975,0
275992,0
275995,0
276001,0
276003,0
276018,0
276019,0
276021,0
276022,1
276026,1
276034,0
276039,0
276040,1
276042,0
276045,0
276050,0
276063,0
276081,0
276083,0
276091,0
276092,0
276094,0
276096,0
276097,0
276098,0
276126,0
276131,0
276133,0
276140,0
276148,0
276151,0
276152,1
276153,0
276155,1
276166,0
276167,0
276168,0
276176,0
276179,0
276181,0
276184,0
276191,1
276193,0
276196,0
276202,1
276204,0
276209,0
276220,0
276223,0
276226,0
276228,0
276229,0
276232,0
276234,0
276237,0
276238,0
276254,0
276261,0
276270,0
276277,0
276278,0
276279,0
276285,0
276286,0
276290,0
276305,0
276322,0
276323,0
276326,0
276328,0
276333,0
276334,0
276341,0
276344,1
276347,1
276355,0
276365,0
276366,0
276367,0
276370,0
276377,0
276380,0
276388,0
276389,0
276399,0
276404,0
276407,0
276409,0
276416,0
276417,1
276419,0
276420,0
276425,0
276426,0
276441,0
276442,0
276453,0
276455,0
276457,0
276458,0
276461,0
276462,0
276463,0
276465,0
276471,0
276472,0
276476,0
276481,0
276497,0
276506,0
276507,0
276513,0
276517,0
276518,0
276523,0
276525,0
276534,0
276537,0
276542,0
276551,0
276556,0
276560,0
276590,0
276592,0
276598,0
276599,0
276600,0
276602,0
276603,0
276604,0
276605,0
276606,0
276617,0
276618,0
276619,0
276623,0
276631,0
276635,0
276647,0
276661,0
276663,0
276675,0
276676,0
276682,0
276685,1
276688,0
276697,0
276699,0
276703,0
276713,0
276718,0
276723,0
276725,0
276730,0
276734,0
276739,0
276751,0
276757,0
276758,0
276764,0
276769,0
276772,0
276795,0
276798,0
276799,1
276804,0
276820,0
276822,0
276833,0
276836,0
276838,0
276840,0
276852,0
276854,0
276856,0
276860,0
276868,0
276871,0
276874,0
276880,0
276885,0
276886,0
276887,0
276893,0
276894,0
276900,0
276903,0
276913,0
276920,0
276924,0
276927,0
276928,0
276929,0
276932,0
276933,0
276936,0
276941,0
276943,0
276944,0
276951,0
276953,0
276955,0
276968,0
276971,0
276972,0
276977,0
276982,0
276983,0
276987,0
276992,0
276993,0
276997,0
277001,0
277009,0
277011,0
277013,0
277016,0
277022,0
277023,0
277027,0
277033,0
277037,0
277038,0
277042,0
277047,0
277049,0
277051,0
277057,0
277060,0
277068,0
277070,0
277073,0
277077,0
277078,0
277085,0
277089,0
277090,0
277094,0
277095,0
277098,0
277105,0
277110,0
277114,0
277115,0
277116,0
277118,0
277121,0
277124,0
277128,0
277130,0
277138,0
277139,0
277140,0
277145,0
277147,0
277158,0
277161,0
277163,0
277166,0
277167,0
277170,0
277175,0
277185,0
277194,0
277195,0
277196,0
277200,0
277202,0
277207,0
277214,0
277216,0
277217,0
277223,0
277230,0
277232,0
277233,0
277241,0
277243,0
277248,0
277249,0
277256,0
277257,0
277259,0
277261,1
277262,0
277265,0
277268,0
277280,0
277283,0
277299,0
277304,0
277314,0
277316,0
277321,0
277328,0
277331,0
277335,0
277336,0
277349,0
277358,0
277361,0
277362,0
277363,0
277370,0
277373,0
277376,0
277377,0
277378,0
277386,0
277387,0
277392,0
277395,0
277398,0
277399,0
277400,0
277404,0
277406,0
277408,0
277411,0
277415,0
277419,0
277423,0
277424,0
277425,0
277428,0
277435,0
277443,0
277452,0
277457,0
277458,0
277460,0
277471,0
277477,0
277478,0
277482,0
277492,0
277495,0
277496,0
277500,0
277519,0
277521,0
277522,0
277523,0
277527,1
277531,0
277538,0
277539,0
277553,0
277563,0
277567,0
277572,0
277575,0
277582,0
277597,0
277601,0
277602,0
277605,0
277608,0
277613,0
277615,0
277621,0
277627,0
277636,0
277640,0
277641,1
277642,0
277643,0
277645,0
277649,0
277651,0
277652,0
277664,0
277666,0
277670,0
277676,0
277681,0
277686,0
277689,0
277690,0
277698,0
277700,0
277702,0
277704,0
277710,0
277714,0
277715,0
277721,0
277724,0
277735,0
277743,0
277752,0
277753,0
277755,0
277762,0
277774,0
277776,0
277777,1
277788,1
277793,0
277798,0
277811,0
277817,0
277821,1
277833,0
277834,0
277842,0
277845,0
277847,0
277850,0
277859,0
277867,0
277871,0
277877,0
277879,0
277885,0
277890,0
277891,1
277895,0
277912,1
277913,0
277916,0
277921,0
277926,0
277929,0
277930,0
277936,0
277937,0
277938,0
277945,0
277949,0
277953,0
277958,0
277962,0
277963,1
277966,0
277967,0
277974,0
277978,0
277979,0
277984,0
277987,0
277988,0
277996,0
278002,0
278006,0
278007,0
278011,0
278014,0
278031,0
278034,0
278036,1
278037,0
278043,0
278063,0
278069,0
278078,1
278081,0
278097,0
278098,0
278099,0
278100,0
278104,0
278126,0
278127,0
278129,1
278132,0
278147,0
278160,0
278168,0
278174,0
278178,0
278180,0
278186,0
278190,0
278199,0
278208,0
278236,0
278238,0
278239,0
278265,0
278272,0
278284,0
278286,0
278289,0
278296,0
278297,0
278298,0
278299,0
278300,0
278302,0
278308,0
278313,0
278316,0
278318,0
278334,0
278344,0
278347,0
278349,0
278355,0
278357,0
278363,0
278373,0
278377,0
278378,0
278380,0
278382,0
278391,0
278399,0
278403,0
278416,0
278419,0
278420,0
278429,0
278430,0
278444,0
278445,0
278447,1
278451,0
278457,0
278461,0
278469,0
278471,0
278472,0
278473,0
278476,0
278477,0
278488,0
278489,0
278493,0
278506,0
278508,0
278511,0
278513,0
278514,0
278524,0
278527,0
278537,0
278543,0
278544,0
278547,0
278549,0
278550,0
278555,0
278557,0
278561,0
278571,0
278579,0
278595,0
278603,0
278604,0
278612,0
278623,0
278624,0
278630,0
278658,0
278675,0
278680,0
278693,0
278696,0
278697,0
278698,0
278699,0
278700,0
278702,0
278704,0
278707,0
278708,0
278718,0
278733,0
278735,0
278736,0
278738,0
278739,0
278745,0
278749,0
278757,0
278761,0
278762,0
278767,0
278769,1
278770,0
278772,0
278774,0
278781,0
278791,0
278796,0
278798,0
278800,0
278801,0
278802,0
278813,0
278820,0
278827,0
278836,0
278837,0
278840,0
278841,0
278848,0
278850,0
278852,0
278856,0
278858,0
278860,0
278861,0
278867,1
278884,0
278890,0
278891,0
278894,0
278911,0
278915,0
278921,0
278922,0
278925,0
278931,0
278934,0
278953,0
278960,0
278961,0
278965,0
278968,0
278969,0
278978,0
278980,0
278982,0
278986,0
278987,0
278993,0
278994,0
278997,0
278999,1
279001,0
279020,0
279030,0
279032,0
279034,0
279037,0
279041,0
279048,0
279053,0
279055,0
279058,0
279062,0
279064,0
279066,0
279068,0
279079,0
279080,0
279084,0
279087,0
279090,0
279096,0
279104,0
279107,0
279120,0
279126,0
279136,1
279141,0
279143,0
279148,0
279162,0
279168,0
279170,0
279171,0
279181,0
279197,0
279201,0
279207,1
279212,0
279218,0
279230,0
279231,0
279232,0
279235,0
279236,0
279253,0
279254,0
279255,0
279262,0
279263,0
279268,0
279271,0
279272,0
279287,0
279292,0
279300,0
279301,0
279302,0
279305,0
279316,0
279317,0
279320,0
279328,1
279332,0
279333,0
279344,0
279355,0
279359,0
279363,0
279365,0
279369,0
279372,0
279375,0
279380,0
279381,0
279383,0
279392,0
279397,0
279402,0
279407,0
279417,0
279419,0
279420,0
279421,1
279423,0
279430,0
279432,0
279437,0
279439,0
279444,1
279448,0
279452,0
279459,0
279469,0
279474,0
279476,0
279479,0
279483,1
279484,0
279486,0
279492,0
279493,0
279503,0
279512,0
279519,0
279523,0
279524,0
279529,0
279532,0
279533,0
279535,0
279544,0
279550,0
279574,0
279587,0
279592,0
279596,0
279608,0
279611,0
279612,0
279616,0
279621,0
279624,0
279626,1
279633,0
279641,0
279643,0
279651,0
279655,0
279659,1
279663,0
279666,0
279669,0
279672,0
279675,0
279679,0
279682,0
279687,0
279689,0
279695,0
279697,0
279708,0
279720,0
279724,0
279730,0
279731,1
279734,0
279736,0
279738,0
279741,0
279743,0
279754,0
279755,0
279757,0
279760,0
279783,0
279784,0
279790,0
279800,0
279807,0
279810,0
279816,0
279817,0
279827,0
279829,0
279831,1
279833,0
279834,0
279837,0
279840,0
279851,1
279853,0
279855,0
279860,0
279870,0
279873,0
279876,0
279879,0
279880,0
279882,0
279890,0
279891,0
279892,0
279894,0
279899,0
279901,0
279906,0
279907,0
279908,0
279909,0
279919,0
279933,0
279934,0
279936,0
279942,0
279950,0
279958,0
279960,0
279966,0
279968,0
279971,0
279978,0
279979,0
279982,0
279990,0
279992,0
279995,0
279997,0
279999,0
280004,0
280011,0
280019,0
280020,0
280022,0
280031,0
280034,0
280038,0
280039,0
280040,0
280041,0
280048,0
280049,0
280063,0
280070,0
280074,0
280075,0
280079,0
280084,0
280087,0
280097,0
280098,0
280106,0
280119,0
280130,0
280132,0
280136,0
280151,0
280152,0
280155,1
280158,0
280173,0
280180,0
280191,0
280197,0
280200,0
280209,0
280211,0
280215,0
280222,0
280223,0
280226,0
280227,0
280228,0
280229,0
280248,0
280254,0
280257,0
280259,0
280260,0
280269,0
280281,0
280282,0
280289,0
280291,0
280292,0
280303,0
280307,0
280317,0
280318,0
280327,0
280330,1
280331,0
280332,0
280334,0
280348,0
280353,0
280354,1
280359,0
280362,0
280364,0
280367,0
280375,0
280386,0
280389,0
280399,0
280401,0
280403,0
280410,0
280412,0
280416,0
280417,0
280420,0
280424,0
280426,0
280436,0
280441,0
280443,0
280446,0
280450,0
280465,0
280468,0
280479,0
280488,0
280490,1
280500,0
280503,0
280518,0
280519,0
280522,0
280525,0
280534,0
280537,1
280538,0
280540,0
280541,0
280544,0
280545,0
280551,0
280556,0
280560,0
280563,0
280571,0
280575,0
280581,0
280584,0
280596,0
280602,0
280603,0
280609,0
280612,0
280613,0
280615,0
280616,0
280617,0
280622,0
280623,0
280625,0
280639,0
280641,0
280646,0
280647,0
280658,0
280666,0
280684,0
280699,0
280701,0
280703,0
280704,0
280707,0
280715,0
280721,0
280734,0
280735,0
280741,0
280744,0
280749,0
280756,0
280762,0
280763,0
280783,0
280787,0
280788,0
280789,1
280793,0
280799,0
280803,0
280811,0
280813,0
280814,0
280816,0
280820,0
280825,0
280828,0
280829,0
280830,0
280841,1
280845,1
280854,0
280867,0
280868,0
280870,0
280872,0
280878,0
280879,0
280882,0
280883,0
280898,0
280903,0
280904,0
280905,0
280907,0
280912,0
280918,0
280920,0
280925,0
280929,0
280932,0
280934,0
280941,0
280951,0
280952,0
280954,0
280955,0
280963,0
280964,0
280965,0
280967,0
280968,0
280969,0
280971,0
280975,0
280976,0
280989,0
280991,0
281001,0
281005,0
281008,0
281015,0
281028,0
281033,0
281035,0
281038,0
281041,0
281044,0
281048,0
281052,0
281054,0
281055,0
281061,0
281064,0
281072,0
281080,0
281082,0
281085,0
281089,0
281097,0
281103,0
281105,0
281107,0
281111,0
281119,0
281120,0
281121,0
281127,0
281129,0
281144,0
281146,0
281148,0
281150,0
281152,0
281153,0
281154,0
281155,0
281157,0
281165,0
281167,0
281179,0
281185,0
281193,1
281195,0
281199,0
281201,0
281206,0
281208,0
281211,0
281214,0
281216,0
281221,0
281235,0
281236,0
281239,0
281248,0
281254,0
281255,0
281256,0
281268,0
281269,0
281270,0
281274,0
281277,0
281284,0
281288,0
281291,0
281297,0
281298,0
281301,0
281309,0
281312,0
281315,0
281322,0
281326,0
281328,0
281333,0
281345,0
281352,0
281353,0
281361,0
281369,0
281372,0
281377,0
281381,0
281382,0
281385,0
281388,0
281389,0
281397,0
281398,0
281400,0
281406,0
281412,0
281413,0
281415,0
281416,0
281417,0
281420,0
281421,0
281427,0
281432,0
281436,0
281437,0
281439,0
281440,0
281442,0
281444,0
281445,0
281451,1
281456,0
281458,0
281469,0
281472,0
281474,0
281477,0
281483,0
281486,0
281489,0
281491,0
281496,0
281497,0
281499,0
281504,0
281509,0
281512,0
281519,0
281528,0
281531,0
281532,0
281534,0
281548,0
281554,0
281560,0
281568,0
281569,0
281573,0
281574,0
281575,0
281576,0
281584,0
281590,0
281597,0
281604,0
281625,0
281632,0
281634,0
281639,0
281640,0
281651,0
281660,0
281665,0
281667,0
281674,0
281677,0
281687,0
281688,0
281693,0
281696,0
281698,0
281703,0
281707,0
281718,0
281719,0
281720,0
281728,0
281737,0
281740,0
281746,0
281748,0
281751,0
281752,0
281755,0
281763,0
281770,0
281778,0
281780,0
281782,0
281790,0
281796,0
281797,0
281802,0
281803,0
281805,0
281806,0
281812,0
281815,0
281818,0
281830,0
281831,0
281832,0
281834,0
281842,0
281846,1
281848,0
281852,0
281856,0
281864,0
281871,0
281872,0
281875,0
281901,0
281906,0
281909,0
281912,0
281914,0
281915,0
281920,0
281929,0
281930,0
281944,0
281956,0
281966,0
281970,0
281977,0
281978,0
281979,0
281983,0
281986,0
281988,0
282003,0
282008,0
282009,0
282012,0
282013,0
282016,0
282018,0
282019,0
282024,0
282026,0
282027,0
282039,0
282040,0
282053,0
282058,0
282071,0
282086,0
282093,0
282095,0
282096,0
282097,0
282101,0
282111,0
282115,0
282125,0
282137,0
282140,0
282146,0
282152,0
282154,0
282171,0
282172,0
282183,0
282189,0
282191,0
282197,0
282198,0
282203,0
282219,0
282221,0
282223,0
282224,0
282226,0
282228,0
282234,0
282238,0
282251,0
282255,0
282259,0
282260,0
282265,0
282269,0
282278,0
282289,0
282290,0
282295,0
282297,0
282301,0
282306,0
282310,0
282320,0
282324,0
282325,0
282327,0
282328,0
282329,0
282330,0
282332,0
282333,0
282338,0
282350,0
282361,0
282371,0
282372,0
282375,0
282376,0
282386,0
282387,0
282388,0
282395,0
282396,0
282400,0
282404,0
282412,0
282414,0
282417,0
282418,0
282428,0
282435,0
282438,0
282442,0
282444,0
282445,0
282447,0
282453,0
282464,0
282468,0
282476,0
282479,0
282480,0
282482,0
282487,0
282492,0
282493,0
282501,0
282504,0
282506,0
282507,0
282510,0
282512,0
282513,0
282517,0
282527,0
282530,0
282534,0
282538,0
282566,0
282569,0
282574,0
282580,0
282584,0
282585,0
282589,0
282601,0
282603,0
282604,0
282607,0
282620,0
282630,0
282635,0
282647,0
282652,1
282655,0
282663,0
282665,0
282671,0
282674,0
282680,0
282681,0
282690,0
282692,0
282693,0
282694,0
282700,0
282703,0
282704,0
282708,1
282709,0
282712,0
282716,0
282718,0
282719,0
282722,0
282727,0
282728,0
282730,0
282731,0
282739,0
282745,0
282750,0
282754,0
282762,0
282770,0
282773,0
282774,0
282782,0
282785,0
282792,0
282796,0
282803,0
282806,0
282825,1
282829,0
282830,0
282834,0
282836,0
282839,0
282843,0
282845,1
282852,0
282860,0
282861,0
282864,0
282865,0
282871,0
282877,0
282878,0
282911,0
282914,0
282915,0
282917,0
282922,0
282929,0
282933,0
282934,0
282936,0
282937,0
282939,0
282940,0
282942,0
282946,0
282959,0
282962,0
282963,0
282965,0
282968,0
282969,0
282970,0
282974,0
282977,0
282979,0
282988,0
282990,0
282991,0
282992,0
282998,0
283005,0
283018,0
283023,0
283026,0
283032,0
283041,0
283043,0
283048,0
283061,0
283066,0
283077,0
283080,0
283082,0
283090,0
283100,0
283113,0
283114,0
283118,0
283119,0
283120,0
283123,0
283124,0
283128,0
283143,1
283146,0
283162,0
283165,0
283169,0
283170,0
283173,0
283182,0
283187,0
283192,0
283196,0
283198,0
283201,0
283204,0
283212,0
283216,0
283219,0
283227,0
283230,0
283234,0
283236,0
283241,0
283242,0
283245,0
283255,0
283258,0
283259,0
283261,0
283264,0
283266,0
283270,0
283277,0
283278,0
283279,0
283283,0
283288,0
283294,0
283300,0
283304,0
283307,0
283309,0
283314,0
283316,0
283325,0
283328,0
283342,0
283348,0
283356,0
283359,0
283367,0
283369,0
283370,0
283371,0
283373,0
283387,0
283394,0
283395,0
283401,0
283406,0
283408,0
283412,0
283413,0
283415,0
283418,0
283430,0
283432,0
283437,0
283445,0
283446,0
283452,0
283456,0
283463,0
283464,0
283465,0
283470,0
283471,0
283477,0
283480,1
283483,0
283491,0
283504,0
283508,0
283509,0
283517,0
283519,0
283522,0
283534,0
283541,0
283546,0
283547,0
283548,0
283552,0
283560,0
283567,0
283568,0
283580,1
283587,0
283589,0
283593,0
283595,0
283597,0
283601,0
283602,0
283604,0
283614,0
283617,0
283620,0
283626,0
283645,0
283653,0
283655,0
283656,0
283658,0
283661,0
283670,0
283675,0
283677,0
283678,0
283693,0
283694,0
283696,0
283701,0
283703,0
283707,0
283708,0
283715,0
283716,0
283719,0
283720,0
283731,0
283740,0
283743,0
283778,0
283781,0
283790,0
283797,0
283798,0
283799,0
283810,0
283814,0
283823,0
283824,0
283826,0
283828,0
283832,0
283835,0
283836,1
283840,0
283841,0
283851,0
283858,0
283864,0
283868,0
283872,0
283877,0
283881,0
283885,0
283890,0
283897,0
283898,0
283904,0
283909,0
283912,0
283919,0
283930,0
283939,0
283940,0
283949,0
283954,0
283957,0
283958,0
283959,0
283975,0
283979,0
283983,0
283987,0
284001,0
284003,0
284004,0
284005,0
284012,0
284014,0
284023,0
284030,0
284041,0
284045,0
284048,0
284049,0
284053,0
284054,0
284056,0
284057,0
284060,0
284070,0
284071,1
284073,0
284076,0
284085,0
284087,0
284090,1
284094,0
284114,0
284118,0
284121,0
284123,0
284127,0
284128,0
284133,0
284134,0
284135,0
284139,0
284142,0
284149,0
284161,0
284163,0
284166,0
284168,0
284170,0
284172,0
284183,0
284188,0
284203,0
284206,0
284213,0
284219,0
284221,0
284226,0
284227,0
284228,0
284235,0
284238,0
284239,0
284240,0
284241,0
284242,0
284245,0
284246,0
284249,0
284251,0
284255,0
284256,0
284257,0
284262,0
284263,0
284264,0
284265,0
284270,0
284279,0
284282,0
284287,0
284318,0
284319,0
284321,0
284328,0
284331,0
284337,0
284339,0
284340,0
284351,0
284356,0
284358,0
284370,0
284374,0
284382,0
284383,0
284384,0
284394,0
284404,0
284406,0
284415,0
284417,0
284426,0
284432,0
284433,0
284439,0
284446,0
284448,0
284453,1
284455,0
284477,0
284481,0
284494,0
284496,0
284501,0
284503,0
284504,0
284507,0
284511,0
284515,0
284517,0
284527,0
284537,0
284540,0
284543,0
284545,0
284556,0
284558,0
284564,0
284586,0
284587,0
284590,1
284595,0
284599,0
284605,0
284614,0
284617,0
284624,0
284630,0
284634,0
284635,0
284636,0
284638,0
284641,0
284643,0
284645,0
284654,0
284659,0
284665,0
284674,0
284677,1
284678,0
284686,0
284693,0
284695,0
284701,0
284704,0
284707,0
284710,1
284711,0
284719,0
284729,0
284730,0
284745,0
284750,0
284752,0
284757,1
284758,0
284766,0
284773,0
284779,0
284788,0
284789,0
284790,0
284791,0
284797,0
284801,0
284810,0
284817,0
284825,0
284844,0
284847,0
284852,0
284858,0
284860,0
284873,0
284893,0
284894,0
284897,0
284912,0
284913,0
284924,0
284926,0
284933,0
284934,0
284948,0
284950,0
284962,0
284964,0
284965,0
284970,0
284973,0
284989,0
284990,0
284994,0
284995,1
284999,0
285003,0
285015,0
285017,0
285022,0
285024,0
285026,0
285035,0
285037,0
285042,0
285046,0
285058,0
285070,0
285073,0
285078,0
285083,0
285086,0
285088,0
285108,0
285113,0
285114,0
285115,0
285118,0
285120,0
285123,0
285130,1
285132,0
285141,0
285155,0
285156,0
285159,0
285161,0
285164,0
285169,0
285172,0
285176,0
285181,0
285182,0
285183,0
285184,0
285185,0
285193,0
285196,0
285197,1
285199,0
285205,0
285214,0
285236,0
285243,0
285247,0
285249,0
285250,0
285259,0
285263,0
285267,0
285270,0
285275,0
285287,0
285288,0
285291,0
285294,0
285297,0
285299,0
285303,0
285305,0
285306,1
285307,0
285309,0
285311,0
285312,0
285320,0
285326,0
285330,0
285336,0
285341,0
285350,0
285355,0
285360,0
285387,0
285398,0
285402,0
285409,0
285410,0
285411,0
285416,0
285418,0
285423,0
285424,0
285427,1
285429,0
285433,0
285436,0
285439,0
285447,0
285451,0
285455,0
285456,0
285460,0
285469,0
285471,0
285473,0
285477,0
285480,0
285486,0
285488,0
285489,0
285494,0
285497,0
285498,0
285499,0
285514,0
285539,0
285542,0
285545,1
285548,0
285555,0
285558,0
285570,0
285574,0
285580,0
285583,0
285585,0
285599,0
285601,0
285615,0
285617,0
285620,0
285623,0
285628,0
285630,0
285639,0
285652,0
285661,1
285664,0
285670,0
285671,0
285672,0
285674,0
285675,0
285679,0
285683,0
285694,0
285700,0
285705,0
285716,0
285717,0
285720,0
285721,0
285722,0
285726,0
285738,0
285740,0
285742,0
285745,0
285751,0
285757,0
285763,0
285775,0
285778,0
285779,0
285785,0
285787,0
285793,0
285795,0
285809,0
285816,0
285818,0
285820,0
285822,0
285823,1
285835,0
285838,0
285839,0
285843,0
285844,0
285854,0
285855,0
285862,0
285871,0
285872,0
285874,0
285878,0
285881,0
285883,0
285884,0
285895,0
285900,0
285901,0
285902,0
285912,0
285914,0
285917,0
285924,0
285925,0
285936,0
285938,0
285945,0
285946,0
285952,0
285953,0
285971,0
285972,0
285977,0
285982,0
285984,0
285985,0
285986,0
285989,0
285991,1
285993,0
286004,1
286008,0
286009,0
286011,0
286020,0
286021,0
286037,0
286043,0
286045,0
286048,0
286062,0
286068,0
286070,0
286079,0
286080,0
286085,0
286086,0
286102,0
286109,0
286115,0
286124,0
286130,0
286131,0
286135,0
286156,0
286161,0
286162,0
286164,0
286166,0
286167,0
286170,0
286172,0
286177,0
286183,0
286192,0
286193,0
286197,0
286199,0
286203,0
286215,0
286216,0
286218,0
286221,0
286227,0
286235,0
286239,0
286244,0
286253,0
286265,0
286267,0
286280,0
286282,0
286296,1
286299,0
286303,0
286304,0
286307,0
286319,0
286321,0
286323,0
286326,0
286327,0
286340,0
286342,0
286346,0
286349,0
286352,0
286356,0
286357,0
286358,0
286360,0
286369,0
286370,0
286371,0
286379,0
286381,0
286382,0
286389,0
286396,0
286415,0
286416,0
286427,0
286433,0
286440,0
286457,0
286458,0
286467,0
286483,0
286489,0
286496,0
286497,0
286517,0
286524,0
286526,0
286527,0
286529,0
286532,0
286536,0
286547,0
286565,0
286567,0
286568,0
286573,0
286575,0
286577,0
286593,0
286594,0
286595,1
286602,0
286605,0
286608,0
286610,0
286614,0
286622,0
286640,0
286643,0
286650,0
286651,0
286654,0
286659,0
286661,0
286662,0
286672,0
286683,0
286692,0
286696,0
286706,0
286708,0
286710,0
286721,0
286723,0
286746,0
286758,0
286760,0
286764,0
286765,1
286776,0
286778,0
286781,0
286791,0
286795,0
286796,0
286801,0
286804,0
286808,1
286813,0
286815,0
286817,0
286818,0
286827,0
286829,0
286830,0
286831,0
286834,0
286843,0
286847,0
286849,0
286859,0
286865,0
286868,0
286872,0
286878,0
286882,0
286883,0
286887,0
286893,0
286894,0
286896,0
286899,0
286903,0
286904,0
286905,0
286907,0
286912,0
286927,0
286934,0
286941,0
286946,0
286947,0
286957,0
286958,0
286960,0
286961,0
286962,0
286967,0
286972,0
286974,0
286977,0
286980,0
286984,0
286985,0
287005,0
287011,0
287017,0
287018,0
287028,0
287031,0
287033,0
287038,0
287039,0
287046,0
287049,0
287052,0
287054,0
287069,0
287070,0
287073,0
287078,0
287079,0
287080,0
287087,0
287092,0
287095,0
287099,0
287103,0
287108,1
287110,0
287115,0
287123,0
287124,0
287127,0
287131,0
287134,0
287138,0
287149,0
287152,0
287155,0
287161,0
287165,0
287166,0
287169,0
287174,0
287175,0
287185,0
287187,0
287195,0
287213,0
287226,0
287232,0
287241,0
287244,0
287250,0
287254,0
287259,0
287262,0
287272,0
287274,0
287281,0
287285,0
287288,0
287294,0
287297,0
287301,0
287302,0
287307,0
287315,0
287327,0
287328,0
287332,0
287334,0
287339,0
287346,0
287352,0
287360,0
287363,0
287364,0
287373,0
287380,0
287388,0
287390,0
287397,0
287404,0
287409,0
287411,0
287414,0
287424,1
287432,0
287441,0
287449,0
287452,0
287460,0
287461,0
287464,0
287468,1
287472,0
287474,0
287476,0
287484,0
287486,0
287503,0
287511,0
287512,0
287517,0
287519,0
287520,0
287526,0
287528,0
287529,0
287531,0
287534,0
287535,0
287536,0
287541,0
287561,0
287562,0
287565,0
287569,0
287573,0
287583,0
287594,0
287595,0
287599,0
287601,0
287604,0
287617,0
287621,0
287626,0
287636,0
287640,0
287641,0
287646,0
287650,0
287651,0
287653,0
287654,0
287666,0
287669,0
287670,0
287672,0
287673,0
287680,1
287691,0
287692,0
287695,0
287705,0
287713,0
287721,0
287725,0
287730,0
287734,0
287757,0
287758,0
287764,1
287768,0
287769,0
287776,0
287777,0
287788,0
287789,0
287792,0
287796,0
287801,0
287803,0
287805,0
287810,0
287820,0
287830,0
287833,0
287838,0
287839,0
287844,0
287845,0
287846,0
287855,0
287858,0
287861,0
287864,0
287874,0
287886,0
287887,0
287889,0
287890,0
287892,0
287895,0
287896,1
287897,0
287898,0
287903,0
287922,0
287924,0
287933,0
287934,0
287936,0
287944,0
287945,0
287950,0
287952,0
287957,0
287958,0
287967,0
287968,0
287974,0
287975,0
287977,0
287981,0
287983,0
287993,0
288001,0
288004,0
288008,0
288024,0
288025,0
288034,0
288035,0
288038,0
288040,1
288041,0
288045,0
288046,0
288050,0
288061,0
288076,0
288081,0
288084,0
288096,0
288100,0
288101,0
288109,0
288113,0
288120,0
288122,0
288123,0
288124,0
288125,0
288128,0
288129,0
288132,0
288133,0
288140,0
288155,0
288157,0
288162,0
288164,0
288173,0
288175,0
288185,0
288193,0
288195,0
288201,0
288202,0
288204,0
288212,0
288214,0
288219,0
288221,0
288225,0
288231,0
288233,0
288238,0
288241,1
288253,0
288255,0
288261,0
288264,0
288265,0
288267,0
288271,0
288275,1
288282,0
288283,0
288284,0
288293,0
288294,0
288295,0
288297,0
288302,0
288303,0
288316,0
288322,0
288324,0
288326,0
288332,0
288344,0
288354,0
288362,0
288369,0
288370,0
288374,0
288375,0
288385,0
288388,0
288396,0
288397,0
288402,0
288403,0
288412,0
288415,0
288418,0
288421,0
288434,0
288438,0
288443,0
288445,0
288460,0
288462,0
288464,0
288467,0
288473,0
288476,0
288482,0
288487,0
288488,0
288491,0
288494,0
288497,0
288501,0
288512,0
288514,0
288517,0
288526,0
288527,0
288530,0
288531,0
288532,0
288540,0
288542,0
288545,0
288548,0
288554,0
288568,0
288578,1
288583,0
288588,0
288592,0
288593,0
288611,0
288616,0
288625,0
288627,0
288630,0
288637,0
288639,0
288646,0
288650,0
288655,0
288656,0
288666,0
288671,0
288674,0
288677,0
288678,0
288679,0
288682,0
288691,1
288693,0
288694,1
288701,0
288705,1
288711,0
288718,0
288719,0
288728,0
288735,0
288736,0
288739,0
288741,0
288755,0
288760,0
288765,0
288773,0
288777,0
288779,0
288793,0
288796,0
288813,0
288814,0
288817,0
288821,0
288823,0
288825,0
288835,0
288842,0
288846,0
288847,0
288855,0
288861,0
288864,0
288876,0
288881,0
288882,0
288886,0
288887,0
288888,1
288889,0
288895,0
288896,0
288899,0
288902,0
288905,0
288909,0
288912,0
288920,0
288925,0
288936,0
288938,0
288955,0
288960,0
288961,0
288967,1
288968,0
288974,0
288983,0
288988,0
289023,0
289024,0
289037,0
289057,0
289064,0
289068,0
289075,0
289078,0
289079,1
289084,0
289096,0
289101,0
289105,0
289116,0
289117,0
289121,0
289127,0
289129,0
289133,0
289141,0
289144,0
289147,0
289151,0
289152,0
289153,0
289154,0
289163,1
289167,0
289170,0
289172,0
289176,0
289177,0
289183,0
289184,0
289185,0
289189,0
289195,0
289211,0
289217,0
289222,0
289226,0
289227,0
289232,0
289238,0
289241,0
289244,0
289245,0
289247,0
289248,0
289249,0
289259,0
289261,0
289270,0
289280,0
289281,0
289285,0
289299,0
289300,0
289313,0
289316,0
289322,0
289327,0
289337,0
289341,0
289343,0
289346,0
289348,0
289370,0
289375,0
289376,0
289377,0
289383,0
289385,0
289389,0
289391,0
289394,0
289398,0
289407,0
289409,0
289411,0
289417,1
289420,0
289422,0
289423,0
289426,0
289434,0
289440,0
289444,0
289446,0
289448,0
289449,0
289451,0
289462,0
289475,0
289477,0
289478,0
289479,0
289480,0
289483,0
289489,0
289498,0
289500,0
289505,0
289526,0
289530,0
289532,0
289542,0
289547,1
289552,0
289555,0
289557,0
289560,0
289571,0
289576,0
289579,0
289580,0
289583,0
289586,0
289588,0
289589,0
289597,0
289602,0
289627,0
289631,0
289633,0
289639,0
289646,0
289647,0
289651,0
289656,0
289667,0
289674,0
289677,0
289679,0
289682,0
289685,0
289696,0
289700,0
289706,0
289711,0
289717,0
289718,0
289731,0
289732,0
289733,0
289735,0
289738,1
289742,0
289750,0
289754,0
289759,0
289760,0
289761,0
289767,0
289770,0
289777,0
289785,0
289790,0
289791,0
289792,0
289795,0
289796,0
289804,0
289805,0
289813,0
289814,0
289832,0
289833,0
289840,0
289845,0
289852,0
289856,1
289862,0
289863,0
289868,0
289872,0
289898,0
289903,0
289907,0
289909,0
289910,0
289911,0
289918,0
289920,0
289921,0
289926,0
289929,0
289938,0
289942,0
289947,0
289953,0
289958,0
289959,1
289962,0
289966,0
289968,0
289971,0
289974,0
289978,0
289982,0
289983,0
289985,0
289989,0
289993,0
289995,0
289996,0
289997,0
290005,0
290009,0
290010,0
290016,0
290024,0
290027,0
290028,0
290045,0
290047,0
290059,0
290068,0
290078,0
290081,0
290084,0
290090,0
290093,0
290095,1
290096,0
290111,0
290112,0
290115,0
290116,0
290119,0
290120,0
290121,0
290124,0
290127,0
290130,0
290135,0
290150,0
290153,0
290158,0
290160,0
290162,0
290164,0
290168,0
290172,0
290175,0
290178,0
290181,0
290183,0
290184,0
290185,0
290192,0
290194,0
290206,0
290207,0
290214,0
290219,0
290231,0
290242,0
290244,0
290253,0
290255,0
290256,0
290259,0
290260,0
290263,0
290272,0
290276,0
290278,0
290279,0
290282,0
290285,0
290296,0
290297,0
290301,0
290304,0
290305,0
290307,0
290310,0
290315,0
290319,0
290328,0
290334,0
290335,0
290345,0
290349,0
290357,0
290361,0
290371,0
290379,0
290381,0
290382,0
290383,0
290384,0
290390,0
290400,0
290407,0
290415,0
290416,0
290423,0
290424,0
290432,0
290448,0
290452,0
290454,0
290457,0
290459,0
290465,0
290470,0
290473,0
290477,0
290480,0
290481,0
290483,0
290499,0
290505,0
290508,0
290510,0
290516,0
290517,0
290522,0
290538,0
290555,0
290557,0
290561,0
290564,0
290567,0
290568,0
290571,0
290574,0
290578,0
290579,0
290580,0
290581,0
290582,0
290584,0
290589,0
290601,0
290609,0
290617,0
290618,0
290621,0
290629,0
290636,0
290639,0
290646,0
290656,0
290660,0
290667,0
290669,0
290670,0
290675,0
290684,0
290685,0
290687,0
290690,0
290694,0
290702,0
290705,0
290710,0
290713,0
290720,0
290721,0
290722,0
290725,0
290726,0
290727,0
290731,0
290737,0
290741,0
290743,0
290765,0
290770,0
290795,0
290801,0
290804,0
290827,0
290830,0
290831,0
290832,0
290844,0
290849,0
290861,0
290872,0
290873,0
290875,0
290876,0
290877,0
290882,0
290883,0
290895,0
290899,0
290903,0
290906,0
290908,0
290910,0
290911,0
290913,0
290914,0
290932,0
290941,0
290944,0
290949,0
290952,0
290958,0
290959,0
290960,0
290962,0
290963,1
290969,0
290971,0
290972,0
290973,0
290976,0
290979,0
290981,0
290987,0
290995,0
290998,0
291002,0
291009,0
291013,0
291016,0
291018,0
291026,0
291035,0
291042,0
291043,0
291046,0
291047,0
291050,0
291054,0
291056,0
291061,0
291062,0
291072,0
291073,0
291077,0
291080,0
291082,0
291097,0
291099,0
291104,0
291108,0
291110,0
291111,0
291126,0
291128,0
291129,0
291139,0
291140,0
291157,0
291164,0
291165,0
291169,0
291170,0
291172,0
291173,0
291181,0
291187,0
291198,0
291204,0
291210,0
291211,0
291214,0
291215,0
291220,0
291225,0
291229,0
291230,0
291232,0
291237,0
291248,0
291254,0
291257,0
291261,0
291270,0
291274,0
291277,0
291285,0
291298,0
291301,0
291305,0
291311,0
291324,0
291326,0
291328,0
291331,0
291332,0
291334,0
291335,0
291338,0
291342,0
291344,0
291347,0
291354,0
291369,0
291371,0
291382,0
291387,0
291389,0
291392,0
291393,0
291399,0
291403,0
291422,0
291428,0
291434,0
291439,0
291442,0
291448,0
291451,0
291456,0
291457,0
291458,0
291462,0
291469,0
291475,0
291477,0
291482,0
291484,0
291485,0
291495,0
291497,0
291507,0
291510,0
291513,0
291516,0
291517,0
291518,0
291520,0
291521,0
291528,0
291538,0
291541,0
291545,0
291555,0
291556,0
291559,0
291565,0
291568,0
291598,0
291600,0
291605,0
291607,0
291609,0
291612,0
291613,0
291619,0
291620,0
291642,0
291644,0
291645,0
291650,0
291651,0
291653,0
291654,0
291660,0
291671,0
291672,0
291680,0
291681,0
291682,0
291685,0
291690,1
291701,0
291707,0
291708,0
291712,0
291713,0
291718,0
291719,0
291720,0
291723,0
291724,0
291729,0
291732,0
291743,0
291747,0
291748,0
291754,0
291756,0
291761,0
291762,0
291766,0
291768,0
291772,0
291773,0
291775,0
291777,0
291788,0
291791,0
291795,0
291796,0
291797,0
291801,0
291802,0
291806,0
291812,0
291817,0
291819,0
291820,1
291822,0
291824,0
291831,1
291836,0
291839,0
291842,0
291843,0
291847,0
291853,1
291854,0
291855,0
291856,0
291870,0
291871,0
291880,0
291888,0
291889,1
291890,0
291893,0
291901,0
291905,0
291913,0
291916,0
291917,0
291918,0
291920,0
291921,0
291926,0
291928,0
291934,0
291935,0
291936,0
291937,1
291943,0
291944,0
291949,0
291954,1
291968,0
291973,0
291981,0
291985,0
291989,0
291994,0
291998,0
292001,0
292003,1
292005,0
292008,0
292009,0
292013,0
292015,0
292022,0
292027,0
292038,0
292041,0
292047,0
292053,0
292057,0
292061,0
292074,0
292077,0
292084,0
292085,0
292096,0
292103,0
292112,0
292113,0
292121,0
292125,0
292127,0
292132,0
292134,0
292146,0
292148,0
292150,0
292162,0
292188,0
292191,0
292197,0
292202,0
292205,0
292225,0
292235,0
292242,0
292246,0
292253,0
292255,0
292256,0
292257,0
292266,0
292272,0
292274,0
292281,0
292283,1
292288,0
292295,0
292297,0
292301,0
292303,0
292305,0
292306,0
292315,0
292321,0
292327,0
292329,0
292330,0
292331,0
292337,0
292341,1
292344,0
292345,0
292347,0
292358,0
292363,0
292366,1
292369,0
292371,0
292384,0
292385,0
292396,0
292402,0
292407,0
292414,1
292418,0
292419,0
292421,0
292422,0
292423,0
292426,0
292430,0
292437,0
292441,0
292442,0
292453,0
292457,0
292459,0
292462,0
292466,0
292468,0
292470,1
292472,0
292476,0
292478,0
292481,0
292488,0
292491,0
292494,0
292502,0
292503,0
292511,0
292518,0
292527,0
292529,0
292535,0
292545,0
292549,0
292557,0
292560,0
292562,0
292566,0
292569,0
292573,0
292594,0
292600,0
292603,0
292616,1
292619,0
292625,0
292633,0
292635,0
292641,0
292643,0
292644,0
292648,0
292652,0
292654,0
292656,0
292659,0
292662,0
292675,0
292677,0
292678,0
292679,0
292683,0
292691,0
292692,1
292702,0
292706,0
292707,0
292708,0
292711,0
292713,0
292721,0
292722,0
292724,0
292727,0
292741,0
292755,0
292757,0
292758,0
292762,0
292764,0
292765,0
292774,0
292786,0
292796,0
292809,0
292810,0
292811,0
292821,0
292824,0
292828,0
292831,0
292832,0
292839,0
292845,0
292846,0
292857,0
292859,0
292861,0
292865,0
292867,1
292870,0
292872,0
292874,0
292878,0
292880,0
292885,0
292886,0
292887,0
292899,0
292901,0
292904,0
292915,0
292918,0
292919,0
292923,0
292924,0
292926,0
292941,0
292943,0
292944,0
292950,0
292951,0
292952,0
292954,0
292961,0
292963,0
292974,1
292975,0
292981,0
292984,0
292989,0
292990,0
292991,0
292998,0
293003,0
293005,0
293010,0
293016,0
293035,0
293044,0
293047,0
293050,0
293051,0
293052,0
293054,0
293062,0
293070,0
293071,0
293073,0
293077,0
293079,0
293080,0
293089,1
293092,0
293100,0
293101,0
293102,0
293103,0
293110,0
293112,0
293113,0
293120,0
293123,0
293130,0
293134,0
293142,0
293143,0
293144,0
293145,0
293170,0
293175,0
293176,0
293179,0
293180,0
293188,0
293191,0
293193,0
293194,0
293195,0
293196,0
293198,0
293203,1
293205,0
293208,0
293214,0
293215,0
293216,0
293231,0
293237,0
293240,0
293249,0
293251,0
293259,0
293261,0
293263,0
293265,0
293274,0
293282,0
293284,0
293285,0
293287,0
293292,0
293295,0
293297,0
293302,0
293303,0
293310,0
293317,0
293326,0
293329,0
293336,0
293339,0
293340,0
293348,0
293349,0
293356,0
293373,0
293374,0
293375,0
293378,0
293379,0
293381,0
293383,0
293387,0
293389,0
293395,0
293411,0
293414,0
293418,0
293419,0
293423,0
293426,0
293429,0
293439,0
293446,0
293450,0
293461,0
293476,0
293478,0
293481,0
293485,0
293495,0
293497,0
293500,0
293504,0
293509,0
293511,0
293513,0
293519,0
293522,0
293527,0
293530,0
293534,0
293540,0
293545,0
293547,0
293560,0
293561,0
293565,0
293567,0
293569,0
293572,0
293576,0
293577,0
293578,0
293579,0
293582,0
293586,0
293589,0
293593,0
293595,0
293604,0
293608,0
293609,0
293611,0
293612,0
293614,0
293622,0
293624,0
293626,0
293637,0
293638,0
293641,0
293646,1
293649,0
293666,0
293667,0
293674,0
293678,0
293682,0
293684,0
293688,0
293695,0
293697,0
293701,0
293705,0
293706,0
293707,0
293711,0
293718,0
293723,0
293732,0
293744,0
293750,0
293751,0
293755,0
293759,0
293764,0
293768,0
293771,0
293777,0
293779,0
293785,0
293789,0
293794,0
293795,0
293796,0
293802,0
293805,0
293808,0
293814,0
293816,0
293817,0
293821,0
293827,0
293841,0
293854,0
293857,0
293861,0
293871,0
293877,0
293882,0
293883,0
293894,0
293896,0
293897,0
293898,0
293902,0
293905,0
293917,0
293919,0
293920,0
293924,0
293927,0
293935,0
293938,0
293946,0
293948,0
293949,0
293956,0
293957,0
293965,0
293966,0
293968,0
293974,0
293977,0
293980,0
293987,0
293992,0
293997,0
294003,0
294005,0
294008,0
294010,0
294011,0
294015,0
294020,0
294025,0
294037,0
294038,0
294048,0
294049,0
294053,0
294062,0
294087,0
294097,0
294102,0
294109,1
294111,0
294112,0
294113,0
294116,0
294117,0
294126,0
294130,0
294133,0
294134,0
294157,0
294166,0
294167,0
294178,0
294198,0
294204,0
294206,0
294209,0
294211,0
294214,0
294219,0
294223,0
294224,0
294225,0
294241,0
294243,0
294245,0
294249,0
294255,0
294259,0
294262,0
294263,0
294265,0
294272,0
294275,0
294285,0
294289,0
294295,0
294296,0
294301,0
294305,0
294328,0
294337,0
294340,0
294344,0
294357,0
294370,0
294375,1
294378,0
294381,0
294382,0
294384,0
294398,0
294399,0
294401,0
294404,1
294406,0
294417,0
294426,0
294432,0
294434,0
294436,0
294452,0
294458,0
294459,0
294467,0
294472,0
294480,1
294482,0
294483,0
294484,0
294491,0
294496,0
294499,0
294500,0
294506,0
294507,0
294510,0
294520,0
294527,0
294534,0
294535,0
294544,0
294545,0
294546,0
294549,0
294551,0
294556,0
294558,0
294559,0
294564,0
294569,0
294582,0
294584,0
294585,0
294587,0
294599,0
294600,0
294622,0
294635,0
294642,0
294657,0
294658,0
294677,0
294689,0
294690,0
294698,0
294703,0
294714,0
294715,0
294720,0
294722,0
294723,0
294725,0
294743,0
294746,0
294757,0
294762,0
294766,0
294769,0
294770,0
294782,1
294790,0
294794,0
294818,0
294821,0
294824,0
294825,0
294836,0
294839,0
294841,0
294842,0
294845,0
294847,0
294854,0
294857,0
294858,0
294859,0
294866,0
294874,0
294878,0
294889,0
294890,0
294895,0
294901,0
294904,0
294905,0
294942,0
294944,0
294947,0
294952,0
294958,0
294960,0
294967,0
294969,0
294973,1
294977,0
294979,0
294980,0
294983,0
294984,0
294989,0
294994,0
294996,0
294998,0
295002,0
295007,0
295020,0
295026,0
295029,0
295030,1
295031,0
295032,0
295034,0
295038,0
295042,0
295046,0
295063,0
295066,0
295069,0
295073,0
295085,0
295086,0
295087,0
295097,0
295101,0
295103,0
295104,0
295115,0
295117,0
295124,0
295126,0
295147,1
295157,0
295168,0
295169,0
295171,0
295175,0
295177,0
295181,0
295190,0
295193,0
295196,0
295197,0
295199,0
295201,0
295203,0
295209,0
295212,0
295215,1
295218,0
295234,0
295236,0
295245,0
295251,0
295252,0
295255,1
295257,0
295259,0
295261,0
295262,0
295264,0
295267,0
295269,0
295271,0
295272,0
295273,0
295275,0
295277,0
295280,0
295281,0
295285,0
295296,0
295312,0
295318,0
295319,0
295321,0
295324,0
295328,0
295334,0
295340,0
295342,0
295344,0
295347,0
295356,0
295357,0
295360,0
295362,1
295369,0
295370,0
295371,0
295384,0
295390,0
295398,0
295403,0
295409,0
295413,0
295414,0
295423,0
295426,0
295429,0
295432,0
295433,0
295434,0
295435,0
295437,0
295438,0
295441,0
295453,0
295458,0
295459,0
295468,0
295471,0
295472,0
295473,0
295476,0
295478,0
295482,0
295487,0
295488,0
295490,0
295492,0
295493,0
295496,0
295502,0
295508,0
295509,0
295513,0
295515,0
295516,0
295518,0
295519,0
295520,0
295521,0
295522,0
295524,0
295528,0
295531,0
295532,0
295539,0
295542,0
295554,0
295558,0
295560,0
295563,0
295572,0
295589,0
295592,0
295619,0
295627,0
295630,0
295631,0
295634,0
295640,0
295642,0
295650,0
295654,0
295666,0
295670,0
295674,0
295678,0
295680,0
295683,0
295684,0
295694,0
295695,0
295696,0
295706,1
295715,0
295720,0
295721,0
295722,0
295732,0
295734,0
295738,0
295739,0
295741,0
295756,0
295763,0
295771,0
295780,0
295789,0
295792,0
295794,0
295796,0
295800,0
295801,0
295809,0
295814,0
295817,0
295819,0
295821,0
295823,0
295824,0
295829,0
295831,0
295833,0
295836,0
295837,0
295840,0
295841,0
295842,0
295844,0
295845,0
295847,0
295848,0
295849,0
295850,0
295864,0
295866,0
295868,0
295872,0
295886,0
295887,0
295896,0
295900,0
295911,0
295918,0
295919,0
295922,0
295923,0
295938,0
295945,0
295947,0
295951,0
295952,0
295958,0
295961,0
295963,0
295966,0
295971,0
295979,0
295982,0
295988,0
295994,0
295995,0
295997,0
296001,0
296005,0
296011,0
296013,0
296016,0
296019,0
296020,0
296021,0
296023,0
296026,0
296030,0
296031,0
296063,0
296065,1
296069,0
296076,0
296079,1
296081,0
296098,0
296099,0
296101,0
296111,0
296112,0
296113,0
296118,0
296121,0
296127,0
296129,0
296139,0
296145,0
296148,0
296149,0
296152,0
296153,0
296154,0
296156,0
296160,0
296168,0
296170,0
296178,0
296186,0
296207,0
296209,0
296212,0
296213,0
296219,0
296222,0
296226,0
296234,0
296237,0
296240,0
296241,0
296243,0
296244,1
296246,0
296251,1
296260,0
296261,0
296264,0
296269,0
296270,0
296272,0
296288,0
296291,0
296302,0
296309,0
296328,0
296333,0
296343,0
296348,0
296355,0
296358,0
296359,0
296380,0
296383,0
296384,0
296387,0
296389,0
296390,0
296391,0
296395,0
296398,0
296400,0
296414,0
296416,0
296417,0
296431,1
296438,0
296450,0
296451,0
296459,0
296466,0
296476,0
296478,0
296479,0
296485,0
296491,0
296492,0
296494,0
296502,0
296510,0
296514,0
296517,0
296518,0
296526,0
296530,0
296533,0
296537,0
296549,0
296553,0
296555,0
296558,0
296563,0
296569,0
296571,0
296580,0
296585,0
296586,0
296588,0
296601,0
296607,0
296616,0
296619,0
296623,0
296625,0
296626,0
296631,0
296637,0
296639,0
296647,1
296654,0
296658,0
296664,0
296666,0
296670,0
296682,0
296684,0
296692,0
296705,0
296707,0
296712,0
296716,0
296719,0
296723,0
296727,0
296729,0
296735,0
296736,0
296743,0
296744,0
296746,0
296749,0
296752,1
296753,0
296755,0
296758,0
296761,0
296763,0
296765,0
296773,0
296774,1
296778,0
296784,0
296789,0
296790,0
296793,0
296800,0
296804,0
296812,0
296817,0
296824,0
296828,0
296843,0
296844,1
296850,0
296866,0
296869,0
296870,0
296875,0
296876,0
296877,0
296881,0
296887,0
296889,0
296892,0
296894,0
296900,0
296905,0
296906,0
296910,0
296913,0
296915,0
296922,0
296930,0
296932,0
296936,0
296937,0
296939,0
296945,0
296948,0
296951,0
296958,0
296961,0
296963,0
296968,0
296969,0
296973,1
296976,0
296977,0
296983,0
296986,0
296993,0
296994,0
297001,0
297002,0
297004,0
297006,0
297007,0
297009,0
297015,1
297016,0
297017,0
297022,0
297029,0
297031,0
297038,0
297039,0
297040,0
297042,0
297045,0
297047,0
297052,0
297055,0
297058,0
297063,0
297067,0
297072,0
297074,0
297077,0
297079,0
297080,0
297081,0
297090,1
297091,0
297096,0
297099,0
297101,0
297103,0
297113,0
297115,0
297119,0
297121,0
297124,0
297127,0
297129,0
297135,0
297137,0
297140,0
297143,0
297144,1
297147,0
297152,0
297157,0
297169,0
297171,0
297172,0
297180,0
297181,1
297186,0
297188,0
297189,0
297192,0
297201,0
297202,0
297203,0
297208,0
297212,0
297219,0
297225,0
297229,0
297232,0
297247,0
297249,0
297257,0
297263,0
297265,0
297268,0
297269,0
297273,0
297279,0
297283,0
297292,0
297295,0
297301,0
297305,0
297309,0
297310,0
297312,0
297324,0
297330,0
297332,0
297336,0
297338,0
297344,0
297348,0
297353,0
297355,0
297361,0
297364,0
297370,0
297372,0
297373,0
297381,1
297393,0
297399,0
297410,0
297415,0
297420,0
297421,0
297429,0
297432,0
297434,0
297437,0
297452,0
297463,0
297464,0
297469,0
297471,0
297472,0
297473,0
297477,0
297479,0
297484,0
297485,0
297489,0
297492,0
297493,0
297503,0
297506,0
297509,0
297512,0
297515,0
297518,0
297519,0
297525,0
297529,0
297532,0
297533,0
297534,0
297535,0
297553,0
297557,0
297560,0
297562,0
297569,0
297578,0
297587,0
297590,0
297593,0
297594,0
297598,0
297603,1
297604,0
297606,0
297611,0
297616,0
297619,0
297621,0
297623,0
297624,0
297625,0
297631,0
297652,0
297666,0
297671,0
297672,0
297679,0
297680,0
297696,0
297698,0
297704,0
297707,0
297709,0
297717,0
297720,0
297721,0
297723,0
297736,0
297740,0
297742,0
297746,0
297763,0
297768,0
297774,0
297786,0
297788,0
297789,0
297796,0
297800,0
297805,1
297815,0
297821,0
297822,0
297828,0
297851,0
297853,0
297859,0
297860,0
297867,0
297868,0
297872,0
297873,0
297878,0
297880,0
297882,0
297886,0
297889,0
297896,0
297902,0
297903,0
297904,0
297916,0
297917,0
297921,0
297922,0
297945,0
297946,0
297948,0
297954,0
297967,0
297968,0
297970,0
297972,0
297983,0
297987,0
297989,0
297990,0
297992,0
297995,0
297997,0
298004,0
298010,1
298012,0
298013,0
298017,0
298022,0
298025,0
298027,0
298040,0
298041,0
298042,0
298047,0
298054,0
298061,0
298064,0
298066,1
298067,0
298068,0
298079,0
298083,0
298087,0
298095,0
298098,0
298113,0
298115,0
298116,0
298119,0
298123,0
298128,0
298133,0
298137,0
298138,0
298144,0
298147,0
298149,0
298150,0
298152,0
298159,0
298165,0
298169,0
298170,0
298171,0
298176,0
298178,0
298192,0
298208,0
298212,0
298218,0
298224,0
298235,0
298246,0
298250,0
298251,0
298263,0
298270,0
298279,0
298281,0
298283,0
298286,0
298288,0
298296,0
298314,0
298315,0
298329,0
298330,0
298333,0
298338,0
298340,0
298346,0
298347,0
298352,0
298358,0
298361,1
298365,0
298368,0
298369,0
298373,0
298376,0
298377,0
298380,0
298388,0
298392,1
298400,0
298405,0
298418,0
298420,0
298444,0
298449,0
298452,0
298453,0
298459,0
298465,0
298467,0
298471,0
298477,0
298491,0
298493,0
298498,0
298508,0
298509,0
298513,0
298515,0
298529,0
298530,0
298535,0
298545,0
298546,0
298548,0
298549,0
298552,0
298554,0
298558,0
298562,0
298565,0
298566,0
298572,0
298586,0
298593,0
298594,0
298602,0
298603,0
298606,0
298607,0
298613,0
298618,0
298625,0
298630,0
298635,0
298641,0
298642,0
298645,0
298652,0
298655,0
298659,0
298661,0
298663,0
298671,0
298678,0
298687,0
298690,0
298692,0
298704,0
298710,0
298711,0
298725,0
298730,0
298739,0
298740,0
298742,0
298747,0
298748,0
298760,0
298761,0
298763,0
298767,0
298770,0
298774,0
298776,0
298784,0
298786,0
298789,0
298792,1
298793,0
298795,0
298814,0
298828,0
298839,0
298843,0
298855,0
298858,0
298867,0
298881,0
298882,0
298886,0
298887,0
298893,0
298898,0
298908,0
298916,0
298918,0
298921,0
298922,0
298941,0
298945,0
298946,0
298954,0
298961,0
298966,0
298968,0
298972,0
298977,0
298984,0
298996,0
299001,0
299007,0
299016,0
299020,0
299021,0
299023,0
299025,0
299031,0
299049,0
299051,0
299055,0
299060,0
299066,0
299068,0
299073,0
299074,0
299080,0
299084,0
299085,0
299092,0
299097,0
299110,0
299118,0
299125,0
299129,0
299130,0
299137,0
299139,0
299158,0
299164,0
299165,0
299171,0
299172,0
299177,0
299181,0
299183,0
299186,0
299187,0
299198,0
299199,0
299205,0
299208,0
299214,0
299215,0
299216,0
299228,0
299232,0
299238,0
299251,0
299274,0
299275,0
299279,0
299280,0
299287,0
299291,0
299297,0
299300,0
299306,0
299318,0
299333,0
299345,0
299349,0
299371,0
299372,0
299377,0
299383,0
299385,0
299388,0
299390,0
299398,0
299409,0
299414,0
299415,1
299417,0
299419,0
299420,0
299421,0
299425,0
299427,0
299428,0
299431,0
299433,0
299437,0
299445,0
299454,0
299460,0
299466,0
299471,0
299474,0
299475,0
299483,0
299485,0
299487,0
299495,0
299497,0
299502,0
299520,0
299521,0
299522,0
299528,0
299529,0
299530,0
299533,0
299539,0
299546,0
299552,0
299553,0
299561,0
299562,0
299563,0
299564,0
299565,0
299568,0
299569,0
299570,0
299571,0
299575,0
299576,0
299577,0
299578,0
299579,0
299581,0
299585,0
299598,0
299599,0
299600,0
299603,0
299605,0
299612,0
299618,0
299619,0
299621,0
299623,0
299629,0
299636,0
299650,0
299651,0
299657,0
299658,0
299664,0
299669,0
299675,0
299684,0
299689,0
299690,0
299693,0
299694,0
299700,0
299704,0
299711,0
299714,0
299717,0
299722,0
299727,0
299730,0
299736,0
299737,0
299739,0
299740,0
299753,0
299755,0
299756,0
299758,0
299759,0
299762,0
299764,0
299766,0
299771,0
299775,0
299776,0
299786,0
299793,0
299795,1
299796,0
299804,0
299807,0
299814,0
299820,0
299835,0
299836,0
299837,0
299839,0
299851,0
299857,0
299860,0
299863,0
299873,0
299877,0
299881,0
299882,0
299886,0
299887,0
299895,0
299906,0
299913,0
299918,0
299922,0
299931,0
299944,0
299949,0
299952,0
299957,0
299968,0
299969,0
299970,0
299973,0
299976,0
299978,0
299980,0
299981,0
299993,0
300006,0
300019,0
300022,0
300027,0
300029,1
300031,0
300037,0
300046,0
300048,0
300051,0
300068,0
300078,0
300080,0
300090,0
300095,0
300096,0
300101,0
300105,0
300112,0
300113,0
300116,0
300119,0
300129,0
300132,0
300147,0
300151,0
300153,0
300156,0
300158,0
300162,0
300166,0
300175,0
300186,0
300187,0
300195,0
300196,0
300200,0
300205,0
300208,0
300209,0
300212,0
300215,0
300217,0
300223,0
300224,0
300246,0
300256,0
300260,0
300265,0
300268,0
300270,0
300271,0
300272,0
300285,0
300286,0
300300,0
300302,0
300304,0
300305,0
300308,0
300310,0
300316,0
300317,0
300323,0
300326,1
300335,0
300342,0
300346,0
300358,0
300361,0
300362,0
300367,0
300370,0
300371,0
300374,0
300375,0
300378,0
300383,0
300384,0
300386,0
300387,0
300398,0
300401,0
300406,0
300408,0
300409,0
300418,0
300419,0
300422,0
300428,0
300431,0
300438,0
300442,0
300445,0
300448,0
300450,0
300464,0
300467,0
300469,0
300470,0
300477,0
300485,0
300494,0
300500,0
300517,0
300518,0
300523,0
300524,0
300526,0
300529,0
300534,0
300545,0
300546,0
300548,0
300549,0
300550,0
300561,0
300563,0
300569,0
300570,0
300575,0
300589,0
300592,0
300595,0
300599,0
300602,0
300609,0
300615,0
300617,0
300618,0
300624,0
300626,0
300627,0
300630,0
300638,0
300639,0
300641,0
300643,0
300657,0
300672,0
300678,0
300692,0
300698,0
300710,0
300722,0
300727,0
300729,0
300734,0
300737,0
300752,0
300759,0
300766,0
300768,0
300778,0
300780,0
300782,0
300783,1
300791,0
300794,1
300813,0
300814,0
300816,0
300822,0
300823,0
300828,0
300832,0
300835,0
300837,0
300838,0
300839,0
300840,0
300843,0
300848,0
300852,0
300859,0
300860,0
300862,0
300869,0
300876,0
300878,0
300880,0
300887,0
300893,0
300894,0
300896,0
300897,1
300899,1
300900,0
300914,0
300917,0
300926,0
300929,0
300933,0
300937,0
300940,0
300944,0
300945,0
300963,0
300965,0
300971,0
300975,0
300976,0
300979,1
300985,0
300993,0
300994,0
300995,0
301000,0
301004,0
301008,0
301009,0
301028,0
301036,0
301051,0
301054,1
301062,0
301066,0
301069,0
301072,0
301078,0
301083,0
301092,0
301095,0
301100,0
301101,0
301102,0
301103,0
301109,0
301115,0
301123,0
301125,0
301130,0
301133,0
301136,0
301142,0
301144,0
301148,0
301150,0
301152,0
301154,0
301156,0
301158,0
301166,0
301167,0
301168,0
301169,0
301172,0
301176,0
301183,0
301185,0
301190,0
301191,0
301193,0
301204,0
301209,1
301215,0
301218,0
301225,0
301228,0
301229,0
301233,0
301242,0
301253,0
301258,0
301261,0
301269,0
301279,0
301281,0
301283,0
301285,0
301293,0
301296,0
301305,0
301307,0
301311,0
301313,0
301314,0
301315,0
301316,0
301319,0
301322,0
301323,0
301326,0
301338,0
301339,0
301350,0
301356,0
301360,0
301361,0
301368,0
301376,0
301379,0
301381,0
301394,0
301396,0
301409,0
301410,0
301411,1
301414,0
301420,0
301423,0
301436,0
301451,0
301454,0
301463,0
301465,0
301476,0
301483,0
301486,0
301511,0
301513,0
301520,0
301521,0
301529,0
301530,0
301532,0
301535,0
301539,0
301552,0
301560,0
301562,0
301564,0
301566,0
301576,0
301582,0
301583,0
301597,0
301605,0
301615,0
301616,0
301617,0
301634,0
301648,0
301652,0
301656,0
301658,0
301661,0
301664,0
301670,0
301679,0
301680,0
301684,0
301686,0
301689,0
301691,1
301694,0
301695,0
301698,0
301702,0
301705,0
301707,1
301713,0
301723,0
301724,0
301726,0
301735,0
301736,0
301738,0
301744,0
301745,0
301746,0
301752,0
301755,0
301756,0
301761,0
301769,0
301771,0
301774,0
301776,0
301784,1
301786,0
301788,0
301791,0
301810,1
301814,0
301823,0
301827,0
301834,0
301835,0
301839,0
301840,0
301847,0
301848,0
301871,0
301880,0
301885,0
301892,0
301903,0
301908,0
301909,0
301922,0
301929,0
301946,0
301949,0
301958,0
301967,0
301971,0
301974,0
301976,0
301977,0
301982,0
301983,0
301987,0
301992,0
301998,0
302005,0
302015,0
302021,0
302026,0
302029,0
302045,0
302048,0
302050,0
302053,0
302054,0
302065,0
302071,0
302074,0
302075,1
302077,0
302079,0
302081,0
302082,0
302083,0
302087,0
302088,1
302094,0
302096,0
302099,0
302104,0
302108,0
302112,0
302113,0
302120,0
302128,0
302129,0
302135,0
302136,0
302141,1
302146,0
302154,0
302164,0
302169,0
302173,0
302187,0
302194,0
302197,0
302199,0
302200,0
302204,0
302208,1
302209,0
302213,0
302219,0
302220,0
302229,0
302232,0
302236,0
302238,0
302242,0
302244,0
302245,0
302247,0
302260,0
302261,0
302266,0
302272,0
302273,0
302277,0
302278,0
302279,0
302301,0
302309,0
302311,0
302312,0
302323,0
302326,0
302333,0
302335,0
302342,0
302349,0
302353,0
302357,0
302363,0
302364,0
302368,0
302371,0
302373,0
302375,0
302379,0
302384,0
302399,0
302416,1
302417,0
302418,0
302425,1
302426,0
302429,0
302436,1
302439,1
302442,0
302448,0
302449,0
302460,0
302466,0
302469,0
302475,0
302481,0
302483,0
302489,0
302495,0
302498,0
302502,0
302504,0
302517,0
302520,0
302523,0
302524,0
302528,0
302530,0
302542,0
302562,0
302565,0
302566,0
302571,0
302574,0
302581,0
302584,0
302588,0
302592,0
302598,1
302615,0
302622,0
302627,0
302628,0
302629,1
302632,0
302637,0
302638,0
302654,0
302656,0
302664,0
302665,0
302667,0
302669,0
302677,0
302682,0
302684,0
302688,0
302691,0
302695,0
302699,0
302700,0
302702,0
302703,0
302706,0
302714,0
302721,0
302722,0
302731,0
302737,0
302744,0
302757,0
302758,0
302759,0
302760,0
302763,0
302769,0
302778,0
302783,0
302784,0
302786,0
302793,0
302802,0
302808,0
302809,0
302810,1
302812,0
302820,0
302835,0
302839,0
302848,0
302852,0
302859,0
302861,0
302871,0
302879,0
302885,0
302903,0
302914,0
302916,0
302923,0
302924,0
302926,0
302931,0
302938,0
302942,0
302943,0
302945,1
302946,0
302957,0
302965,0
302966,0
302970,0
302973,0
302974,0
302977,0
302979,0
302981,0
302989,0
302991,0
302994,0
303007,0
303010,0
303023,0
303029,0
303036,0
303044,0
303047,0
303049,0
303056,0
303066,0
303083,0
303091,0
303092,0
303096,0
303100,0
303105,0
303109,0
303110,0
303114,0
303116,0
303119,0
303122,0
303132,0
303133,0
303134,0
303143,0
303158,0
303172,0
303175,0
303181,0
303184,0
303185,0
303191,0
303192,0
303196,1
303204,0
303205,0
303207,0
303212,0
303216,0
303225,0
303232,0
303236,0
303237,1
303241,0
303245,0
303255,0
303267,0
303275,0
303280,0
303285,0
303287,0
303299,0
303302,0
303304,0
303310,0
303312,0
303314,0
303315,1
303317,0
303323,0
303338,0
303342,0
303351,0
303355,0
303367,0
303373,0
303375,0
303379,0
303381,0
303389,0
303392,0
303397,0
303416,0
303423,0
303434,0
303436,0
303437,0
303440,0
303445,0
303446,0
303451,0
303455,0
303466,0
303471,0
303472,0
303476,0
303483,0
303484,0
303489,0
303497,0
303499,0
303509,0
303514,0
303535,0
303541,0
303545,0
303548,0
303560,0
303579,0
303586,0
303592,0
303595,0
303602,0
303610,0
303612,0
303624,0
303631,0
303636,1
303660,0
303674,0
303679,0
303684,0
303687,0
303688,0
303691,0
303692,1
303695,0
303698,0
303708,0
303715,0
303720,0
303732,0
303736,0
303737,0
303739,0
303743,0
303755,0
303757,0
303760,0
303761,0
303764,0
303772,0
303777,1
303784,0
303785,0
303786,0
303787,0
303791,0
303795,0
303796,0
303797,0
303798,0
303799,0
303803,0
303805,0
303812,1
303817,0
303820,0
303823,0
303825,0
303838,0
303839,0
303843,0
303847,0
303849,0
303859,0
303866,0
303870,0
303873,0
303882,0
303885,0
303893,0
303909,0
303910,0
303922,0
303933,0
303937,0
303940,0
303949,0
303957,0
303963,0
303972,0
303986,0
303996,0
304000,0
304005,0
304015,0
304036,0
304042,0
304056,0
304059,0
304064,0
304067,0
304070,0
304072,0
304076,0
304081,0
304093,0
304106,0
304132,0
304140,0
304142,0
304159,0
304160,0
304169,0
304170,0
304172,0
304179,0
304183,0
304185,0
304187,0
304201,0
304202,0
304204,0
304207,0
304212,0
304214,0
304216,0
304242,0
304249,0
304263,0
304273,0
304281,0
304288,0
304289,0
304293,0
304299,0
304303,0
304306,0
304308,0
304317,0
304319,0
304324,0
304331,0
304337,0
304339,0
304351,0
304355,0
304359,0
304368,1
304370,0
304378,0
304387,0
304388,0
304389,0
304395,1
304398,0
304402,0
304418,1
304440,0
304444,0
304452,0
304453,0
304486,0
304488,0
304498,0
304513,0
304517,0
304519,0
304523,0
304531,0
304540,0
304541,1
304549,0
304554,0
304556,0
304560,0
304565,0
304571,0
304581,0
304582,0
304588,0
304591,0
304594,0
304599,0
304608,0
304611,0
304616,0
304620,0
304621,0
304624,1
304631,0
304636,0
304637,0
304640,0
304649,0
304652,0
304654,0
304658,0
304660,0
304662,0
304665,0
304671,0
304681,0
304682,0
304685,0
304686,0
304692,0
304693,0
304705,0
304706,0
304708,0
304710,0
304712,0
304718,0
304725,0
304728,0
304731,0
304735,0
304737,0
304743,0
304748,0
304751,0
304756,0
304763,0
304764,0
304777,0
304795,0
304801,0
304802,0
304804,0
304809,0
304811,0
304831,0
304838,1
304850,0
304865,0
304875,0
304880,0
304892,0
304894,0
304896,0
304908,0
304913,0
304920,0
304921,0
304925,0
304934,0
304946,0
304955,1
304963,0
304971,0
304974,0
304982,0
304983,0
304990,0
305008,0
305009,0
305017,0
305020,0
305022,1
305024,0
305029,0
305037,0
305038,0
305042,0
305045,0
305046,0
305049,0
305050,0
305061,0
305065,0
305068,0
305074,0
305079,0
305084,0
305086,0
305089,0
305090,0
305100,0
305102,0
305107,0
305109,0
305115,0
305122,0
305123,0
305125,0
305128,0
305134,0
305135,0
305144,0
305152,0
305155,0
305160,0
305165,0
305169,0
305174,0
305175,0
305176,0
305196,0
305209,0
305225,0
305235,0
305250,0
305256,0
305265,0
305270,0
305277,0
305289,0
305301,0
305303,0
305305,0
305314,0
305316,0
305319,0
305321,0
305329,0
305336,0
305344,0
305352,0
305355,0
305358,0
305360,0
305361,0
305365,0
305369,0
305378,0
305385,0
305388,0
305391,0
305392,0
305394,0
305401,0
305403,0
305404,0
305406,0
305412,0
305413,0
305421,0
305440,0
305441,0
305449,0
305452,0
305453,0
305454,0
305466,0
305467,0
305471,0
305499,0
305510,0
305527,0
305535,0
305539,0
305545,0
305547,0
305549,0
305551,0
305552,0
305558,1
305559,0
305563,0
305565,0
305569,0
305574,0
305581,0
305582,0
305584,0
305590,0
305601,0
305603,0
305606,0
305621,0
305622,0
305624,0
305628,0
305629,0
305636,0
305638,0
305647,0
305657,0
305663,0
305671,0
305679,0
305680,0
305684,0
305686,0
305688,0
305690,0
305692,0
305710,0
305717,0
305718,0
305725,0
305728,0
305729,0
305733,0
305735,0
305737,0
305743,0
305749,0
305750,0
305751,0
305753,0
305766,0
305767,0
305769,0
305771,0
305775,0
305776,0
305782,0
305789,0
305803,0
305805,0
305812,0
305815,0
305817,0
305818,0
305819,0
305822,0
305829,0
305831,0
305834,0
305836,0
305838,1
305843,0
305844,0
305846,0
305852,0
305866,0
305875,0
305876,0
305880,0
305886,0
305888,0
305904,0
305905,0
305906,0
305907,0
305913,0
305914,0
305916,0
305919,0
305923,0
305930,0
305942,0
305953,0
305962,0
305963,1
305969,0
305985,0
305991,0
306007,0
306017,0
306020,0
306021,0
306027,0
306033,0
306047,0
306051,0
306054,0
306075,0
306077,0
306088,0
306094,0
306097,0
306100,0
306101,0
306102,1
306104,0
306138,0
306142,0
306151,0
306156,0
306160,0
306161,0
306163,0
306165,0
306170,0
306173,0
306174,0
306175,0
306177,0
306191,0
306195,0
306200,0
306214,0
306224,0
306229,0
306244,0
306245,0
306248,0
306254,0
306257,0
306259,0
306263,0
306273,0
306276,0
306279,0
306291,0
306295,0
306296,0
306308,0
306322,0
306325,0
306330,0
306332,0
306337,0
306339,0
306343,0
306344,0
306347,0
306354,0
306361,0
306374,0
306382,0
306389,0
306390,0
306402,0
306409,0
306415,0
306417,0
306418,0
306422,0
306423,0
306424,0
306425,0
306432,0
306437,0
306440,0
306446,0
306453,0
306454,0
306461,0
306463,0
306466,0
306468,0
306469,0
306474,0
306478,0
306487,0
306489,0
306490,0
306491,0
306497,0
306498,0
306500,0
306502,0
306509,0
306512,0
306513,0
306520,0
306523,0
306525,0
306527,0
306534,0
306538,0
306542,0
306547,0
306556,0
306557,0
306558,0
306563,0
306578,0
306579,0
306584,0
306585,0
306587,0
306597,0
306598,0
306601,0
306609,0
306610,0
306620,0
306624,0
306630,0
306635,0
306638,1
306640,0
306642,0
306645,0
306648,0
306660,0
306662,0
306670,0
306673,0
306679,0
306681,0
306688,0
306690,0
306699,0
306714,0
306718,0
306719,0
306725,0
306727,0
306728,0
306744,0
306745,0
306748,0
306767,0
306785,0
306787,0
306790,0
306791,0
306795,0
306798,0
306804,0
306808,0
306811,1
306812,0
306824,0
306825,0
306832,0
306836,0
306838,0
306839,0
306840,0
306841,0
306845,0
306849,0
306850,0
306852,0
306859,0
306860,0
306862,0
306863,0
306866,0
306870,0
306872,0
306876,0
306878,0
306881,0
306885,0
306886,0
306892,0
306906,0
306909,0
306913,0
306921,0
306935,0
306946,0
306958,0
306961,0
306967,1
306970,0
306972,0
306973,0
306981,0
306985,0
306996,0
306998,0
307007,0
307015,0
307020,0
307021,0
307023,0
307029,0
307031,0
307045,0
307048,0
307050,0
307059,0
307070,0
307074,0
307082,0
307093,0
307102,0
307107,0
307108,0
307109,0
307117,0
307125,0
307140,0
307142,0
307144,0
307148,0
307156,0
307168,0
307170,0
307177,0
307180,0
307186,0
307190,0
307193,0
307199,0
307201,0
307211,0
307215,0
307228,0
307230,0
307232,0
307233,0
307234,0
307242,0
307247,0
307253,0
307277,0
307288,0
307292,0
307302,0
307303,0
307304,0
307305,0
307311,0
307314,0
307319,0
307322,0
307324,0
307330,0
307337,0
307339,0
307346,0
307347,0
307357,0
307360,0
307364,0
307367,0
307371,0
307372,0
307376,0
307377,0
307384,0
307396,0
307398,0
307405,0
307407,0
307410,0
307426,0
307429,0
307431,0
307433,0
307435,0
307443,0
307449,0
307452,0
307456,0
307462,0
307464,0
307471,0
307474,0
307477,0
307478,0
307481,0
307494,0
307498,1
307499,0
307506,0
307512,0
307528,0
307534,0
307535,0
307536,0
307537,0
307540,0
307543,0
307544,0
307547,0
307548,0
307551,0
307552,0
307555,0
307557,0
307574,0
307581,0
307585,0
307586,0
307591,0
307603,0
307620,0
307632,0
307636,0
307640,0
307642,0
307643,0
307648,0
307650,0
307651,0
307655,0
307659,0
307661,0
307662,0
307667,1
307675,0
307680,0
307697,0
307703,0
307707,0
307727,0
307737,0
307741,0
307748,0
307754,0
307756,0
307760,0
307765,0
307766,0
307770,0
307772,0
307776,0
307778,0
307782,0
307788,0
307791,0
307795,0
307800,0
307801,0
307810,0
307817,0
307818,0
307830,0
307837,0
307845,0
307852,0
307856,0
307865,0
307867,0
307869,0
307875,0
307884,1
307886,0
307890,0
307893,0
307899,0
307901,0
307904,0
307905,0
307910,0
307919,0
307920,0
307921,0
307938,0
307948,0
307950,0
307952,0
307958,0
307962,0
307969,0
307976,0
307983,0
308003,0
308004,0
308009,0
308012,0
308016,0
308024,0
308036,0
308038,0
308040,0
308045,0
308049,0
308050,0
308061,0
308065,0
308068,0
308071,0
308074,0
308077,0
308080,1
308082,0
308087,0
308089,0
308092,0
308094,0
308098,0
308101,0
308104,0
308107,0
308108,0
308112,0
308124,0
308127,1
308130,0
308134,0
308136,0
308137,0
308138,0
308140,0
308141,0
308142,0
308149,0
308152,0
308156,0
308159,0
308161,0
308165,0
308169,0
308176,0
308177,0
308181,0
308189,0
308198,0
308201,0
308222,1
308227,0
308232,0
308238,0
308242,0
308252,0
308258,0
308259,0
308262,0
308271,0
308273,0
308278,0
308283,0
308285,0
308290,0
308293,0
308300,0
308303,0
308305,0
308308,1
308314,0
308317,0
308328,0
308336,0
308345,0
308352,0
308361,0
308367,0
308371,0
308373,0
308381,0
308382,0
308383,0
308389,0
308396,0
308405,0
308413,0
308420,0
308427,0
308433,0
308446,0
308475,0
308484,0
308491,0
308496,0
308513,0
308514,0
308519,0
308523,0
308524,0
308525,0
308526,0
308536,0
308547,0
308560,0
308563,0
308564,0
308567,0
308570,0
308572,0
308573,0
308577,0
308610,0
308612,0
308613,0
308616,0
308622,0
308630,0
308637,0
308638,0
308644,0
308650,0
308664,0
308674,0
308688,0
308710,0
308714,0
308718,0
308719,0
308724,0
308725,0
308739,0
308742,0
308743,0
308745,0
308746,1
308747,0
308755,0
308756,0
308757,0
308763,0
308764,0
308765,0
308773,0
308790,0
308794,0
308799,0
308800,0
308808,0
308809,0
308811,0
308813,0
308821,0
308823,0
308825,0
308829,0
308840,0
308848,0
308859,0
308864,0
308871,0
308879,0
308900,0
308904,0
308905,0
308907,0
308911,0
308923,0
308924,0
308932,0
308933,0
308944,0
308946,0
308948,0
308951,0
308952,0
308963,0
308967,0
308969,0
308970,0
308980,0
308993,0
308994,0
308996,0
308997,0
309000,1
309004,0
309012,0
309019,0
309020,0
309027,0
309035,0
309046,0
309047,0
309048,0
309052,0
309055,0
309058,0
309071,0
309072,0
309073,0
309079,0
309080,0
309081,0
309082,0
309092,0
309099,0
309101,0
309103,0
309105,0
309114,0
309119,0
309121,0
309122,0
309128,0
309129,0
309133,1
309137,0
309138,0
309141,0
309146,0
309147,0
309150,0
309152,0
309174,0
309184,0
309186,0
309197,0
309205,0
309206,0
309209,0
309215,0
309217,1
309219,0
309225,0
309230,0
309243,0
309244,0
309245,0
309249,0
309262,0
309264,0
309265,0
309267,0
309272,0
309277,0
309280,0
309285,0
309294,0
309295,0
309297,0
309303,0
309310,0
309316,0
309317,0
309331,0
309332,0
309342,0
309345,0
309348,0
309353,0
309354,0
309362,0
309371,0
309375,0
309380,0
309385,1
309386,0
309393,0
309395,0
309400,0
309402,0
309410,0
309413,0
309416,0
309417,1
309421,1
309425,0
309426,0
309432,0
309434,0
309446,0
309448,0
309456,0
309459,0
309473,0
309483,0
309504,0
309512,0
309516,0
309517,0
309526,0
309528,0
309549,0
309552,0
309553,0
309557,0
309566,0
309569,0
309584,0
309585,0
309587,0
309600,0
309605,0
309614,0
309616,0
309621,0
309642,0
309646,0
309654,0
309666,0
309681,0
309685,1
309692,0
309694,0
309700,0
309704,0
309708,0
309710,0
309716,0
309718,0
309719,0
309721,0
309724,0
309725,0
309737,0
309739,0
309746,0
309752,0
309755,0
309758,0
309762,0
309771,0
309772,0
309785,0
309787,0
309791,0
309808,0
309822,0
309823,0
309833,0
309836,0
309861,0
309867,0
309868,0
309881,0
309883,1
309890,0
309898,0
309903,0
309911,0
309913,0
309917,0
309919,0
309921,0
309936,0
309943,0
309950,0
309955,0
309956,0
309958,0
309963,0
309965,0
309969,0
309970,0
309981,0
309990,0
309994,0
310002,0
310005,0
310006,0
310007,0
310008,0
310010,0
310012,0
310017,0
310019,0
310021,0
310023,0
310041,0
310043,0
310047,0
310048,0
310051,0
310061,1
310071,0
310072,0
310082,0
310091,0
310099,0
310101,0
310111,0
310116,0
310120,0
310123,0
310126,0
310128,0
310130,0
310133,0
310139,0
310140,0
310142,0
310144,0
310147,0
310156,0
310158,0
310167,0
310170,0
310174,0
310177,0
310179,0
310186,0
310189,0
310194,0
310211,0
310239,0
310244,0
310246,0
310250,0
310256,1
310257,0
310263,0
310265,0
310266,0
310269,0
310274,0
310282,0
310288,0
310296,0
310306,0
310310,0
310312,0
310318,0
310319,0
310334,0
310337,0
310341,0
310347,1
310352,0
310353,0
310358,0
310366,0
310367,0
310369,0
310374,0
310377,0
310405,0
310408,0
310413,1
310416,0
310419,0
310421,0
310434,1
310438,0
310444,0
310449,0
310473,0
310476,0
310485,0
310494,0
310510,0
310517,0
310529,0
310530,0
310531,0
310532,0
310538,0
310542,0
310547,0
310549,0
310551,0
310555,0
310562,0
310582,0
310605,0
310606,0
310609,0
310614,0
310628,0
310631,0
310632,0
310635,0
310636,0
310639,0
310644,0
310645,0
310646,0
310649,0
310650,0
310654,1
310659,0
310663,0
310668,0
310679,0
310681,0
310682,0
310684,0
310688,0
310695,0
310700,0
310703,0
310713,0
310760,0
310766,0
310767,0
310778,0
310785,0
310789,0
310795,0
310796,0
310804,1
310818,0
310821,1
310822,0
310826,0
310836,0
310839,0
310849,0
310853,1
310855,0
310862,0
310863,0
310867,0
310870,0
310875,0
310878,0
310880,0
310891,0
310894,0
310899,0
310903,0
310904,0
310908,0
310910,0
310941,0
310944,0
310946,0
310947,0
310952,0
310955,0
310960,0
310961,0
310963,0
310966,1
310967,0
310975,0
310978,0
310986,0
310988,0
310991,0
310992,0
310993,0
310998,0
311003,0
311006,0
311011,0
311013,0
311016,0
311024,0
311025,0
311027,0
311039,0
311041,0
311043,0
311052,0
311055,0
311059,0
311062,1
311064,0
311075,0
311085,0
311091,0
311092,0
311095,0
311104,0
311105,0
311109,0
311111,0
311114,0
311124,0
311127,0
311131,0
311144,0
311149,0
311152,0
311153,0
311154,0
311157,0
311172,0
311173,0
311174,0
311176,0
311178,0
311179,0
311182,0
311186,0
311187,0
311193,0
311201,0
311209,0
311215,0
311216,0
311218,0
311219,0
311220,0
311223,1
311229,0
311237,0
311240,0
311245,0
311248,0
311250,0
311251,0
311254,0
311255,0
311262,0
311273,0
311278,0
311282,0
311283,0
311284,0
311296,0
311297,0
311299,0
311301,0
311308,0
311311,0
311315,0
311320,0
311321,0
311327,0
311347,0
311360,0
311367,0
311368,0
311370,0
311373,0
311377,0
311381,0
311387,0
311388,0
311391,0
311395,0
311397,0
311398,0
311399,0
311402,0
311414,0
311415,0
311432,0
311433,0
311436,0
311440,0
311457,0
311459,0
311461,0
311463,0
311467,0
311471,0
311477,0
311478,0
311481,0
311482,0
311485,0
311489,0
311495,0
311501,0
311503,0
311518,0
311519,0
311521,0
311531,0
311533,0
311537,0
311539,0
311542,0
311547,0
311560,0
311568,0
311577,0
311583,0
311585,0
311595,0
311600,0
311606,0
311614,0
311618,0
311624,0
311631,0
311639,0
311644,1
311656,0
311661,0
311663,0
311664,0
311667,0
311670,0
311679,0
311686,0
311691,0
311693,0
311695,0
311698,0
311710,0
311714,0
311716,0
311718,0
311723,0
311727,0
311736,0
311739,1
311742,0
311754,0
311761,0
311769,0
311770,0
311771,0
311772,0
311779,0
311792,0
311794,1
311804,0
311818,0
311829,0
311853,0
311859,0
311861,0
311866,0
311879,0
311880,0
311881,0
311882,0
311884,0
311885,0
311888,0
311902,0
311908,0
311910,0
311911,0
311913,0
311914,0
311924,0
311943,0
311944,1
311955,0
311963,0
311966,0
311982,0
311986,0
311993,0
311998,0
312002,0
312004,0
312005,0
312010,0
312018,0
312020,0
312024,0
312026,0
312032,0
312041,0
312047,0
312052,0
312057,0
312060,0
312061,0
312066,0
312067,0
312072,0
312094,0
312098,0
312100,0
312102,0
312107,0
312122,0
312124,0
312126,0
312129,0
312134,0
312140,0
312141,0
312143,0
312165,0
312172,1
312183,0
312188,0
312194,0
312197,1
312202,0
312211,0
312212,0
312214,0
312219,0
312224,0
312226,0
312228,0
312229,0
312238,0
312240,0
312242,0
312243,0
312251,0
312269,0
312270,0
312271,0
312272,0
312273,0
312283,0
312285,0
312288,0
312292,0
312299,0
312311,0
312314,0
312316,0
312318,0
312319,0
312322,0
312328,0
312330,0
312331,0
312344,0
312354,0
312356,0
312358,0
312361,0
312362,0
312367,0
312371,0
312379,0
312385,0
312392,0
312400,0
312401,0
312405,0
312414,0
312416,0
312419,0
312422,0
312431,0
312432,0
312435,0
312437,0
312440,0
312443,0
312451,0
312452,0
312458,0
312468,0
312475,0
312478,0
312479,0
312481,0
312494,0
312502,0
312508,0
312515,0
312521,0
312535,0
312539,0
312540,0
312542,0
312545,0
312548,0
312562,0
312565,0
312569,0
312573,0
312576,0
312579,0
312596,0
312599,0
312605,0
312607,0
312610,0
312613,0
312616,0
312619,0
312620,0
312626,0
312633,0
312638,0
312646,0
312648,0
312652,0
312656,0
312661,0
312665,0
312668,0
312672,0
312678,0
312680,0
312688,0
312703,0
312715,0
312716,0
312731,0
312738,0
312750,0
312751,1
312753,0
312762,1
312763,0
312780,0
312784,0
312787,0
312788,0
312789,0
312790,0
312792,0
312807,1
312809,0
312815,0
312818,1
312822,0
312824,0
312828,0
312829,0
312831,0
312842,0
312846,0
312847,0
312848,0
312852,0
312856,0
312857,0
312863,0
312865,0
312869,0
312871,0
312873,0
312877,0
312879,0
312880,0
312889,0
312893,0
312902,0
312905,0
312908,0
312920,0
312924,0
312945,0
312947,0
312950,0
312957,0
312960,0
312966,0
312971,0
312975,1
312989,0
312996,0
313000,0
313001,0
313004,0
313009,0
313010,0
313012,0
313021,0
313027,0
313030,0
313033,0
313035,0
313051,0
313059,0
313062,0
313065,0
313069,0
313072,0
313076,0
313089,0
313104,0
313106,0
313107,1
313110,0
313129,0
313137,0
313143,0
313149,0
313152,0
313157,0
313164,0
313167,0
313174,0
313178,0
313179,0
313184,0
313185,0
313187,0
313196,0
313199,0
313204,0
313213,0
313224,0
313229,0
313246,0
313260,0
313265,0
313273,0
313274,0
313275,1
313277,0
313278,0
313283,0
313287,0
313303,0
313309,0
313312,0
313313,0
313317,0
313326,0
313333,0
313336,0
313339,0
313341,0
313345,0
313361,0
313364,0
313365,0
313367,0
313369,0
313370,0
313372,0
313383,0
313384,0
313385,0
313404,0
313410,0
313413,0
313418,0
313419,0
313420,0
313423,0
313426,0
313440,0
313443,0
313452,0
313454,0
313456,0
313472,0
313474,0
313476,0
313477,0
313481,0
313485,0
313489,0
313496,0
313499,0
313502,0
313508,0
313510,0
313521,0
313523,0
313528,0
313539,0
313543,0
313551,1
313559,0
313561,0
313562,1
313566,0
313568,1
313569,0
313572,0
313576,0
313577,0
313579,0
313581,0
313583,0
313587,0
313592,0
313608,0
313616,0
313618,1
313622,0
313628,0
313630,0
313632,0
313633,0
313635,0
313639,0
313643,0
313645,0
313648,0
313663,0
313665,0
313678,0
313680,0
313685,0
313686,0
313689,0
313695,0
313698,0
313699,0
313707,0
313722,0
313726,0
313731,0
313732,0
313735,0
313736,0
313744,0
313750,0
313757,0
313762,0
313770,1
313774,0
313775,0
313778,0
313779,0
313785,0
313786,0
313791,0
313802,0
313806,0
313814,0
313820,0
313823,0
313826,0
313827,0
313833,0
313835,0
313844,0
313850,0
313859,0
313865,0
313867,0
313889,0
313891,0
313896,0
313899,0
313915,0
313928,0
313934,0
313937,0
313938,0
313939,0
313940,0
313945,0
313951,0
313968,0
313975,0
313978,0
313982,0
313993,0
313994,0
313997,0
314000,0
314001,0
314019,0
314020,0
314021,0
314027,0
314029,0
314032,0
314035,0
314044,0
314052,0
314058,0
314061,0
314066,0
314069,0
314071,0
314072,0
314079,0
314089,0
314092,1
314104,0
314119,1
314121,0
314124,0
314125,0
314131,0
314134,0
314141,0
314166,0
314168,0
314171,0
314174,0
314180,0
314186,0
314195,0
314201,0
314203,0
314204,0
314217,0
314218,1
314225,0
314228,0
314242,0
314243,0
314251,0
314253,0
314259,0
314273,0
314281,0
314282,1
314284,0
314285,0
314290,0
314291,0
314296,0
314302,0
314303,0
314307,0
314309,0
314320,0
314321,0
314324,0
314333,0
314343,0
314357,0
314358,0
314379,0
314384,0
314385,0
314389,0
314390,1
314398,0
314400,0
314405,0
314410,0
314411,0
314412,0
314414,1
314426,0
314430,0
314431,0
314436,0
314440,0
314446,0
314459,0
314461,0
314467,0
314477,0
314485,0
314489,1
314498,0
314501,0
314502,0
314505,0
314506,0
314508,0
314509,0
314510,0
314511,0
314526,0
314527,0
314532,0
314534,0
314540,0
314541,0
314544,0
314548,0
314558,0
314559,0
314569,0
314583,0
314584,0
314588,0
314592,0
314598,0
314603,0
314604,0
314607,0
314610,0
314613,0
314623,0
314625,0
314626,0
314642,0
314645,0
314648,0
314652,0
314662,0
314667,0
314668,0
314671,0
314683,0
314690,0
314698,0
314699,1
314702,0
314704,0
314707,0
314708,0
314711,0
314734,0
314746,0
314750,0
314767,0
314773,0
314778,0
314786,0
314797,0
314806,0
314814,0
314820,0
314821,0
314822,0
314824,0
314830,0
314831,0
314834,0
314838,0
314839,0
314844,0
314848,0
314855,0
314856,0
314866,0
314869,0
314882,0
314883,0
314888,0
314895,0
314912,0
314921,0
314933,0
314935,0
314938,0
314942,0
314944,0
314945,0
314949,0
314950,0
314957,1
314961,0
314963,0
314965,0
314966,0
314968,0
314973,0
314979,0
314989,0
314996,0
315005,0
315009,0
315016,0
315028,0
315029,0
315034,1
315036,0
315042,0
315044,0
315045,0
315052,0
315053,0
315055,0
315057,0
315069,0
315072,0
315075,0
315077,0
315079,0
315084,0
315088,0
315094,0
315098,0
315102,0
315104,0
315110,0
315122,0
315123,0
315127,0
315130,0
315131,0
315135,0
315138,0
315139,0
315152,0
315153,0
315154,0
315158,0
315167,0
315182,0
315189,0
315192,0
315201,0
315213,0
315218,1
315222,0
315235,0
315239,0
315247,0
315251,0
315252,0
315255,0
315262,0
315263,0
315281,0
315291,0
315297,0
315301,0
315308,0
315310,0
315319,0
315320,0
315321,0
315324,0
315332,0
315346,0
315352,0
315354,0
315355,0
315365,0
315366,0
315372,0
315373,0
315377,0
315395,0
315404,0
315405,0
315408,0
315409,0
315432,0
315436,0
315439,0
315440,0
315443,0
315460,0
315462,0
315472,0
315477,0
315486,0
315490,0
315491,0
315495,0
315498,0
315499,0
315501,0
315502,0
315517,0
315531,0
315534,0
315537,0
315542,0
315544,0
315545,0
315549,0
315557,0
315561,0
315562,0
315565,0
315569,0
315570,0
315575,0
315581,0
315582,0
315584,0
315586,0
315594,0
315597,0
315600,0
315601,0
315602,0
315607,0
315610,0
315611,0
315616,0
315617,1
315619,0
315622,0
315625,0
315627,0
315640,0
315643,0
315644,0
315646,0
315648,0
315656,0
315672,0
315675,0
315687,0
315692,0
315700,0
315709,0
315713,0
315720,0
315725,0
315729,0
315732,0
315748,0
315750,0
315759,0
315761,0
315763,0
315766,0
315774,0
315783,0
315800,0
315807,0
315815,0
315819,0
315823,0
315825,0
315836,0
315837,0
315845,0
315847,0
315849,0
315851,0
315852,0
315864,0
315879,0
315887,0
315889,0
315891,0
315900,0
315902,0
315903,0
315905,0
315907,0
315911,0
315926,0
315941,0
315942,0
315946,0
315948,0
315951,0
315954,0
315958,1
315963,0
315970,0
315971,0
315987,0
315997,0
315999,0
316001,0
316002,0
316007,0
316011,0
316012,0
316013,0
316015,0
316018,0
316025,0
316027,0
316036,0
316041,0
316044,0
316047,0
316048,0
316050,0
316051,0
316054,0
316055,0
316056,0
316063,0
316066,0
316069,0
316070,0
316072,0
316079,0
316082,0
316083,0
316100,0
316103,0
316109,0
316112,0
316120,0
316123,0
316127,0
316128,0
316131,1
316135,0
316139,0
316140,0
316156,0
316160,0
316164,0
316165,0
316166,0
316167,0
316169,0
316172,0
316174,0
316181,0
316192,0
316202,0
316206,0
316216,0
316221,0
316226,0
316232,0
316240,0
316243,0
316244,0
316248,0
316259,0
316261,0
316267,0
316268,0
316270,0
316272,0
316283,0
316288,0
316290,0
316293,0
316299,0
316303,0
316307,0
316312,0
316314,0
316320,0
316329,0
316330,0
316335,0
316338,0
316347,0
316355,0
316357,0
316366,0
316370,0
316372,1
316373,0
316376,0
316380,0
316386,0
316397,0
316402,0
316405,0
316408,0
316419,0
316429,0
316432,0
316438,0
316446,0
316447,0
316450,0
316451,0
316455,0
316464,0
316473,0
316480,0
316484,0
316485,0
316490,0
316495,0
316501,0
316502,0
316511,0
316519,0
316524,0
316525,0
316529,0
316530,0
316531,0
316538,0
316543,0
316545,0
316551,0
316554,0
316555,0
316559,0
316564,0
316571,0
316575,0
316586,0
316588,0
316590,0
316594,0
316609,0
316610,0
316620,0
316626,0
316630,0
316632,0
316635,0
316641,0
316655,0
316658,0
316666,0
316671,0
316676,0
316678,1
316679,0
316684,0
316685,0
316687,0
316693,0
316704,0
316709,0
316713,0
316716,0
316729,0
316730,0
316736,0
316740,0
316744,0
316748,0
316763,0
316776,0
316778,0
316781,0
316784,0
316796,0
316804,0
316822,0
316829,0
316833,0
316836,0
316840,0
316855,0
316857,0
316867,0
316868,0
316870,0
316880,0
316888,0
316890,0
316895,0
316900,0
316905,0
316909,0
316910,0
316920,0
316927,0
316933,0
316945,0
316949,0
316960,0
316961,0
316979,0
316983,0
316986,0
316989,0
316994,0
316996,0
317010,0
317022,0
317027,0
317035,0
317047,0
317051,0
317056,0
317058,0
317060,0
317065,0
317069,0
317070,0
317077,0
317079,0
317090,0
317094,0
317105,0
317109,1
317110,0
317112,0
317122,0
317123,0
317124,0
317137,0
317139,0
317148,0
317151,0
317155,0
317171,0
317173,0
317182,0
317189,0
317192,0
317197,0
317200,0
317205,0
317212,0
317225,0
317234,0
317242,0
317245,0
317255,0
317265,0
317267,0
317278,0
317280,0
317291,0
317294,0
317300,0
317304,0
317317,0
317322,0
317332,0
317333,0
317349,0
317355,0
317361,0
317368,0
317371,0
317373,0
317391,0
317393,0
317395,0
317407,1
317410,0
317415,0
317420,1
317431,0
317438,0
317445,0
317448,0
317458,0
317464,0
317465,0
317467,0
317471,0
317477,0
317479,0
317481,0
317493,0
317499,0
317506,0
317511,0
317514,0
317523,0
317527,0
317529,0
317536,0
317537,0
317548,0
317551,0
317554,0
317570,0
317572,0
317573,0
317581,0
317583,0
317584,0
317585,0
317592,0
317595,0
317599,0
317601,0
317605,0
317612,0
317615,0
317618,0
317620,0
317623,0
317625,0
317630,0
317641,0
317644,0
317648,0
317652,0
317654,0
317656,0
317658,0
317663,0
317678,0
317689,0
317701,0
317703,0
317704,0
317706,0
317710,0
317713,0
317722,0
317730,0
317738,0
317741,0
317742,0
317744,0
317748,0
317749,0
317755,0
317758,1
317759,0
317764,0
317775,0
317788,0
317790,0
317792,0
317798,0
317803,0
317805,0
317808,0
317810,0
317821,0
317824,0
317827,0
317829,0
317830,0
317848,0
317849,0
317850,0
317857,0
317859,0
317866,0
317878,0
317883,0
317900,0
317901,0
317913,0
317915,0
317924,0
317926,0
317934,0
317940,0
317942,0
317945,0
317959,0
317962,0
317970,0
317975,0
317979,0
317992,0
317993,0
317996,0
317998,0
318001,0
318008,0
318017,0
318020,0
318022,0
318031,0
318036,0
318039,1
318045,0
318046,0
318048,0
318053,0
318058,1
318060,0
318061,0
318069,0
318077,0
318081,0
318100,0
318101,0
318105,0
318110,0
318114,0
318121,1
318144,0
318153,1
318155,0
318169,0
318189,0
318193,0
318211,0
318212,0
318216,0
318219,0
318225,0
318226,0
318228,0
318231,0
318234,0
318237,0
318241,0
318247,0
318251,0
318253,0
318254,0
318268,0
318270,0
318273,0
318278,0
318284,0
318295,0
318296,0
318298,0
318299,0
318303,0
318323,0
318326,0
318328,0
318331,0
318335,0
318347,0
318348,0
318349,0
318357,0
318365,0
318373,0
318375,0
318382,0
318388,0
318393,0
318394,0
318396,0
318404,0
318407,0
318408,0
318416,0
318418,0
318427,0
318429,0
318430,0
318436,0
318440,0
318444,0
318446,0
318448,0
318452,0
318454,0
318458,0
318465,0
318468,0
318473,0
318475,0
318478,0
318480,0
318486,0
318491,0
318495,0
318498,0
318504,0
318507,0
318508,0
318509,1
318513,0
318514,0
318523,0
318529,0
318532,0
318540,0
318542,0
318544,0
318553,0
318561,0
318562,0
318563,0
318565,0
318566,0
318568,0
318575,0
318578,0
318582,0
318601,0
318608,0
318610,0
318611,0
318616,0
318619,0
318621,0
318640,0
318644,0
318646,0
318649,0
318650,0
318652,0
318653,0
318656,0
318662,0
318665,0
318669,0
318671,0
318675,0
318692,0
318698,0
318712,0
318715,0
318727,0
318738,0
318741,0
318746,0
318750,0
318753,0
318754,1
318757,0
318768,0
318770,0
318774,0
318776,0
318778,0
318780,0
318783,0
318791,0
318812,0
318822,0
318823,0
318828,0
318832,0
318838,0
318839,0
318840,0
318844,0
318845,0
318847,0
318848,1
318852,0
318854,0
318860,0
318878,1
318879,0
318883,0
318893,0
318919,0
318921,0
318926,0
318931,0
318933,0
318936,0
318945,0
318947,0
318951,0
318955,0
318975,0
318993,0
318996,0
319004,0
319020,0
319023,0
319039,0
319043,0
319044,0
319046,0
319048,0
319059,0
319065,0
319069,0
319079,0
319082,0
319097,0
319101,0
319105,0
319112,0
319116,0
319122,0
319130,0
319140,0
319155,0
319160,0
319161,0
319171,0
319172,0
319174,0
319176,0
319181,0
319182,0
319185,0
319195,0
319199,0
319204,0
319212,0
319217,0
319235,0
319241,0
319252,0
319257,1
319258,0
319259,0
319260,0
319267,0
319273,0
319280,0
319283,0
319288,1
319301,0
319305,1
319312,0
319315,0
319322,0
319325,0
319331,0
319338,0
319339,0
319346,0
319350,0
319352,0
319359,0
319361,0
319363,0
319371,0
319387,0
319393,0
319406,0
319408,0
319409,0
319415,1
319420,0
319424,0
319431,0
319465,0
319467,0
319469,0
319470,0
319471,0
319474,0
319476,0
319477,0
319479,0
319486,0
319496,1
319499,0
319508,0
319516,0
319527,0
319549,0
319552,0
319553,0
319554,0
319561,0
319567,0
319568,0
319574,0
319578,0
319587,0
319593,0
319594,0
319599,0
319603,0
319623,0
319625,0
319630,0
319640,0
319652,0
319654,0
319655,0
319656,0
319668,0
319679,0
319680,0
319681,0
319684,0
319698,0
319699,0
319708,0
319719,0
319720,0
319722,0
319724,0
319727,0
319739,0
319740,0
319746,0
319756,0
319759,0
319767,0
319768,0
319770,0
319778,0
319779,0
319781,0
319782,0
319792,0
319798,0
319800,0
319803,0
319805,0
319809,0
319810,0
319811,0
319815,0
319823,0
319824,0
319833,1
319838,0
319849,0
319852,0
319860,0
319866,0
319868,0
319870,0
319872,0
319878,0
319882,0
319886,0
319890,0
319894,0
319900,0
319901,0
319922,0
319926,0
319928,0
319935,0
319936,0
319937,0
319939,0
319941,0
319943,0
319951,0
319953,0
319961,0
319967,0
319969,0
319970,1
319972,0
319974,0
319978,0
319983,0
319986,0
319990,0
319991,0
319992,0
319997,0
320003,0
320004,0
320009,0
320015,0
320023,0
320024,0
320026,0
320037,0
320041,0
320047,0
320056,0
320062,0
320065,0
320066,0
320068,0
320069,0
320073,0
320076,0
320083,0
320085,0
320093,0
320094,0
320110,0
320112,0
320115,0
320116,0
320121,0
320122,0
320124,0
320132,0
320134,0
320138,0
320146,0
320151,0
320154,0
320165,0
320169,0
320173,0
320174,0
320182,0
320184,0
320186,0
320187,0
320189,0
320190,0
320192,0
320201,0
320205,0
320206,0
320207,0
320210,0
320228,0
320232,0
320234,1
320237,0
320240,0
320242,0
320243,0
320246,0
320251,0
320252,0
320256,0
320257,0
320259,0
320263,0
320264,0
320265,0
320266,0
320268,0
320269,0
320271,0
320275,0
320282,0
320285,0
320286,0
320288,0
320293,0
320298,0
320304,0
320305,0
320309,0
320314,0
320316,0
320325,0
320326,0
320327,0
320345,0
320349,0
320358,0
320368,0
320383,0
320387,0
320392,0
320395,0
320403,0
320408,0
320418,0
320421,0
320423,0
320426,0
320432,0
320442,0
320444,0
320447,0
320457,0
320468,0
320469,0
320476,0
320480,0
320484,0
320485,0
320493,0
320494,0
320496,0
320499,0
320505,0
320510,0
320522,0
320527,0
320534,0
320551,0
320554,0
320556,0
320559,0
320565,0
320568,0
320569,0
320570,0
320571,0
320573,0
320578,0
320581,0
320583,0
320589,0
320594,0
320600,0
320605,0
320606,0
320608,0
320614,0
320619,0
320622,0
320624,0
320627,0
320632,0
320636,0
320637,0
320642,0
320646,0
320647,0
320650,0
320654,0
320657,0
320661,0
320663,0
320664,0
320670,0
320672,0
320673,0
320674,1
320680,0
320682,0
320685,0
320687,0
320698,0
320699,0
320703,0
320724,0
320738,0
320742,0
320745,0
320748,0
320749,0
320755,0
320758,0
320768,0
320769,0
320786,0
320796,0
320805,1
320809,0
320814,0
320820,0
320823,0
320825,0
320852,0
320853,0
320863,0
320864,0
320867,0
320869,0
320874,0
320876,0
320877,0
320891,0
320892,0
320894,0
320895,0
320901,0
320903,0
320907,0
320909,0
320920,0
320930,0
320938,0
320940,0
320944,0
320946,0
320954,0
320956,0
320959,0
320961,0
320964,0
320968,0
320975,0
320976,0
320983,0
320987,0
320990,0
320995,0
321000,0
321002,0
321008,0
321023,0
321038,0
321040,0
321044,0
321046,0
321047,0
321049,1
321051,0
321064,0
321069,0
321072,0
321079,0
321085,0
321091,0
321096,0
321104,0
321107,0
321118,0
321121,0
321125,0
321126,0
321140,0
321144,0
321158,1
321161,0
321164,0
321166,0
321174,0
321175,0
321186,0
321187,0
321188,0
321190,0
321192,0
321197,1
321203,0
321211,0
321215,0
321221,0
321228,0
321229,0
321232,0
321235,0
321240,0
321241,0
321244,0
321247,0
321249,0
321250,0
321251,0
321258,0
321259,0
321262,0
321263,0
321264,1
321267,0
321271,0
321274,0
321275,0
321276,0
321279,0
321280,0
321288,0
321291,0
321296,0
321298,0
321300,0
321301,0
321302,0
321305,0
321307,0
321311,0
321313,0
321320,0
321322,0
321342,0
321349,0
321358,0
321363,0
321364,0
321365,0
321375,0
321379,0
321380,0
321381,0
321382,0
321383,0
321385,0
321389,0
321396,0
321406,0
321417,0
321422,0
321424,0
321429,0
321430,0
321439,0
321444,0
321451,0
321453,0
321458,0
321465,0
321476,0
321493,0
321496,0
321497,0
321499,0
321506,0
321520,1
321523,0
321525,0
321530,0
321537,0
321538,0
321544,0
321547,0
321553,0
321554,0
321564,0
321570,0
321583,0
321589,0
321591,1
321594,0
321605,0
321612,0
321619,0
321631,0
321649,0
321650,0
321652,0
321656,0
321667,0
321671,0
321679,0
321683,0
321694,0
321696,0
321697,0
321702,1
321708,0
321712,0
321714,0
321717,0
321723,0
321726,0
321727,0
321732,0
321736,0
321748,0
321756,0
321760,0
321768,0
321771,0
321773,0
321781,0
321791,0
321793,0
321797,0
321801,0
321805,0
321810,0
321813,0
321820,0
321821,0
321824,0
321831,0
321837,0
321838,0
321839,0
321843,0
321844,0
321866,0
321871,0
321879,0
321896,0
321897,0
321906,0
321907,1
321910,0
321912,0
321918,0
321923,0
321935,0
321938,0
321941,0
321947,0
321952,0
321953,0
321961,0
321966,0
321974,0
321975,0
321981,0
321988,0
321993,0
322003,0
322005,0
322011,0
322014,0
322036,0
322040,0
322041,0
322047,0
322053,0
322055,0
322056,0
322057,0
322058,0
322063,0
322071,0
322089,0
322093,0
322094,0
322100,0
322107,0
322110,0
322113,0
322117,0
322121,0
322125,0
322126,0
322127,0
322128,0
322133,0
322135,0
322142,0
322145,0
322157,0
322159,0
322166,0
322167,0
322168,0
322185,0
322186,0
322188,0
322206,0
322208,0
322217,0
322219,0
322220,0
322229,0
322230,0
322238,0
322242,0
322243,0
322246,0
322248,0
322251,0
322264,0
322270,0
322272,0
322278,0
322281,0
322282,0
322287,0
322292,0
322293,0
322295,0
322311,0
322316,1
322318,0
322321,0
322329,0
322334,0
322337,0
322347,0
322349,0
322353,0
322366,0
322368,0
322373,1
322377,0
322379,0
322384,0
322387,0
322395,0
322405,0
322406,0
322412,0
322416,0
322428,0
322451,0
322455,0
322457,1
322458,0
322463,0
322470,0
322486,0
322487,0
322489,0
322492,0
322496,0
322498,0
322500,0
322501,0
322502,0
322506,0
322509,0
322510,0
322511,0
322518,0
322523,0
322529,0
322530,0
322535,0
322536,0
322543,0
322550,0
322558,0
322564,0
322565,0
322566,0
322575,0
322576,0
322580,0
322589,0
322591,0
322592,0
322593,0
322597,0
322601,0
322604,0
322607,0
322614,0
322621,0
322624,0
322625,0
322630,1
322632,0
322633,0
322634,0
322637,0
322638,0
322640,1
322651,0
322655,0
322660,0
322662,0
322668,0
322675,0
322682,0
322683,0
322685,0
322686,0
322694,0
322700,0
322701,0
322711,0
322728,0
322735,0
322736,0
322738,0
322747,0
322751,0
322753,0
322754,0
322757,0
322766,0
322780,0
322793,0
322795,0
322797,0
322802,0
322820,0
322821,0
322822,1
322830,0
322869,0
322875,0
322878,0
322880,0
322889,0
322895,0
322902,0
322913,0
322924,0
322936,0
322939,0
322943,0
322948,0
322953,0
322959,0
322962,0
322963,0
322968,0
322969,1
322977,0
322984,0
322989,0
323005,0
323015,0
323023,0
323036,0
323039,0
323044,0
323045,0
323053,0
323058,0
323064,0
323066,0
323071,0
323072,0
323074,0
323075,0
323076,0
323079,0
323080,0
323089,0
323091,0
323096,0
323101,0
323102,0
323103,0
323104,0
323106,0
323107,0
323110,0
323111,0
323116,0
323117,0
323122,0
323123,0
323124,0
323127,0
323130,0
323133,0
323134,0
323135,0
323138,0
323153,0
323155,0
323156,0
323169,0
323175,0
323179,0
323190,0
323192,0
323204,0
323205,0
323211,0
323215,0
323225,0
323230,0
323235,1
323237,0
323247,0
323253,0
323261,0
323263,0
323271,0
323281,0
323292,0
323293,1
323295,0
323298,0
323300,0
323303,1
323304,0
323308,0
323309,0
323310,0
323314,1
323317,0
323324,0
323329,0
323330,0
323331,0
323332,0
323333,0
323338,0
323339,0
323346,0
323356,0
323357,0
323364,0
323375,0
323376,0
323388,0
323389,0
323391,0
323394,0
323395,0
323396,0
323399,0
323402,0
323412,1
323415,0
323427,0
323438,0
323442,0
323452,0
323463,0
323468,0
323469,1
323479,0
323481,0
323485,0
323499,0
323500,0
323501,0
323502,0
323504,0
323507,0
323512,0
323514,0
323523,0
323530,0
323533,0
323536,0
323559,0
323560,0
323564,0
323577,0
323580,0
323582,0
323584,0
323587,0
323592,0
323595,0
323598,0
323604,0
323605,1
323613,0
323614,0
323616,0
323617,0
323619,0
323624,0
323632,0
323638,0
323655,0
323656,0
323658,0
323672,0
323673,0
323678,0
323683,0
323688,0
323694,0
323695,0
323696,0
323703,0
323704,0
323706,0
323709,0
323720,0
323739,0
323744,0
323745,0
323749,0
323751,0
323760,0
323763,0
323768,0
323775,0
323777,0
323783,1
323796,0
323799,0
323809,0
323817,1
323823,0
323826,0
323830,0
323831,0
323837,0
323839,0
323846,0
323851,0
323864,0
323870,0
323871,1
323873,0
323874,0
323878,0
323887,0
323891,0
323893,0
323898,0
323901,0
323904,0
323907,0
323909,0
323913,0
323917,0
323918,0
323924,0
323926,0
323931,0
323941,0
323943,0
323948,0
323954,0
323960,0
323961,0
323970,0
323983,0
323991,0
323995,0
324001,1
324002,0
324006,0
324009,0
324010,0
324012,0
324023,0
324025,0
324026,0
324031,0
324035,0
324042,0
324043,0
324044,0
324045,0
324047,0
324050,1
324067,0
324071,0
324076,0
324077,0
324084,0
324088,0
324096,0
324113,0
324116,0
324119,0
324124,0
324130,0
324131,0
324135,0
324138,0
324140,0
324142,0
324146,0
324147,0
324149,0
324151,0
324152,0
324153,0
324167,0
324175,0
324178,0
324190,0
324191,0
324192,0
324193,0
324212,0
324224,0
324225,0
324231,0
324238,0
324239,0
324240,0
324262,1
324264,0
324265,0
324274,0
324279,0
324283,0
324289,0
324291,0
324296,0
324310,0
324322,0
324326,0
324328,0
324329,0
324330,1
324333,0
324334,0
324343,1
324344,0
324355,0
324358,0
324360,0
324363,0
324369,0
324381,0
324382,0
324387,0
324390,0
324396,0
324397,0
324410,0
324424,0
324429,0
324431,0
324437,0
324439,0
324441,0
324444,0
324446,0
324457,0
324458,1
324459,0
324463,0
324466,0
324473,0
324482,0
324484,0
324489,0
324500,0
324501,0
324509,0
324526,0
324533,0
324535,0
324543,0
324547,0
324550,0
324552,0
324554,0
324556,0
324559,0
324563,0
324566,0
324586,0
324594,0
324601,0
324602,0
324611,0
324612,0
324613,0
324614,0
324624,0
324625,0
324628,0
324631,0
324643,0
324651,0
324655,0
324659,0
324673,0
324675,0
324680,0
324682,0
324687,0
324693,0
324698,0
324705,0
324707,0
324709,0
324715,0
324719,0
324732,0
324734,0
324739,1
324747,0
324750,0
324752,0
324754,0
324758,0
324770,0
324771,0
324772,0
324775,0
324780,0
324784,0
324787,0
324788,0
324790,0
324791,0
324793,0
324794,0
324797,0
324799,0
324805,0
324806,0
324813,0
324823,0
324827,0
324835,0
324842,0
324846,0
324849,0
324854,0
324855,0
324857,0
324859,0
324872,0
324873,0
324889,0
324892,0
324895,0
324899,0
324900,0
324906,0
324911,0
324913,0
324914,0
324924,0
324927,0
324931,0
324934,0
324942,0
324954,0
324957,0
324961,0
324963,0
324964,0
324969,0
324970,0
324971,0
324975,0
324976,0
324981,0
324986,0
324989,0
324990,0
324992,0
324993,0
324997,0
324998,0
324999,0
325000,0
325004,0
325006,0
325018,0
325019,0
325022,0
325033,0
325035,0
325037,0
325043,0
325048,0
325053,0
325062,0
325065,0
325069,0
325077,0
325082,0
325083,0
325092,0
325102,0
325111,0
325112,0
325114,0
325116,0
325119,0
325122,0
325124,0
325125,0
325130,0
325142,0
325145,0
325159,0
325171,0
325172,0
325175,0
325177,0
325178,0
325181,0
325191,0
325193,0
325208,0
325211,0
325213,0
325214,0
325219,0
325224,0
325227,0
325229,0
325230,0
325232,0
325233,0
325237,0
325241,0
325249,0
325254,0
325261,0
325270,0
325273,0
325304,0
325305,0
325313,0
325315,0
325331,0
325340,0
325345,0
325349,0
325354,0
325355,0
325359,0
325362,0
325363,0
325367,0
325368,0
325377,0
325381,0
325387,0
325390,0
325391,0
325393,0
325397,0
325400,0
325414,0
325417,0
325422,0
325425,0
325429,0
325438,0
325442,0
325443,0
325449,0
325451,0
325459,0
325466,0
325467,0
325468,0
325475,0
325488,0
325491,0
325511,0
325521,0
325532,0
325537,0
325541,0
325543,0
325551,0
325553,0
325556,0
325560,0
325563,1
325565,0
325570,0
325581,0
325583,0
325603,1
325608,0
325609,0
325613,0
325616,0
325621,0
325628,0
325631,0
325633,0
325635,0
325636,0
325639,0
325646,0
325649,0
325664,0
325669,0
325671,0
325672,0
325689,0
325690,0
325692,0
325694,0
325697,0
325702,0
325705,0
325711,0
325724,0
325726,0
325727,0
325736,0
325740,0
325749,0
325753,0
325757,0
325773,0
325780,0
325783,0
325799,0
325800,0
325803,0
325811,0
325814,1
325823,0
325825,0
325830,0
325837,0
325847,0
325850,0
325852,0
325853,0
325857,0
325863,0
325867,0
325883,0
325885,0
325892,0
325899,0
325921,0
325924,0
325927,0
325932,0
325933,0
325952,0
325958,0
325962,0
325964,0
325966,0
325968,0
325969,0
325975,0
325978,0
325983,0
325986,0
325996,0
325998,0
326003,0
326011,0
326016,0
326024,0
326029,0
326030,0
326036,0
326041,0
326052,0
326058,0
326063,0
326069,0
326074,0
326082,0
326088,0
326089,0
326108,0
326110,0
326116,0
326124,0
326127,0
326138,0
326139,0
326143,0
326147,0
326148,0
326149,0
326150,0
326155,0
326160,0
326161,0
326170,0
326185,0
326200,0
326202,0
326205,0
326210,0
326216,0
326222,1
326228,0
326229,0
326234,0
326239,0
326240,0
326241,0
326244,0
326251,0
326255,0
326271,0
326276,0
326281,0
326286,0
326292,0
326293,1
326294,0
326296,0
326300,0
326303,0
326309,0
326311,0
326320,0
326322,0
326330,0
326335,0
326351,1
326360,0
326368,0
326370,0
326372,0
326385,0
326388,0
326390,0
326398,0
326399,0
326402,0
326403,0
326404,0
326405,0
326408,0
326418,0
326423,0
326424,0
326426,1
326434,0
326441,0
326444,0
326447,0
326448,0
326454,0
326458,0
326459,0
326460,0
326461,0
326464,0
326468,0
326474,0
326476,0
326477,0
326480,0
326485,0
326495,0
326496,0
326497,0
326500,0
326503,0
326517,0
326525,0
326530,0
326533,0
326540,0
326549,0
326557,0
326562,0
326569,0
326591,0
326595,0
326597,1
326598,0
326600,0
326603,0
326604,0
326608,0
326611,0
326613,0
326614,0
326617,0
326625,0
326628,0
326634,0
326641,0
326647,0
326652,0
326658,0
326664,0
326666,0
326669,0
326670,0
326672,0
326673,1
326679,0
326681,0
326684,0
326709,0
326710,0
326711,0
326712,0
326723,0
326727,0
326728,0
326732,0
326741,0
326742,0
326751,0
326752,0
326754,0
326755,0
326761,0
326766,0
326769,0
326771,0
326775,0
326779,0
326783,0
326792,0
326793,0
326804,0
326815,0
326826,0
326828,0
326829,0
326836,0
326838,0
326841,0
326843,0
326856,0
326858,0
326874,0
326875,0
326879,0
326882,0
326890,0
326891,0
326894,0
326897,0
326902,0
326917,0
326922,0
326924,0
326927,0
326932,0
326951,0
326953,0
326959,0
326960,0
326962,0
326964,0
326974,0
326978,0
326981,0
326985,0
326990,0
326992,0
326995,0
326999,0
327002,0
327005,0
327014,0
327021,0
327022,1
327031,0
327034,0
327035,0
327039,0
327043,0
327045,0
327046,0
327050,0
327055,0
327060,0
327065,0
327080,0
327082,0
327083,0
327084,0
327092,0
327095,0
327106,0
327117,0
327118,0
327121,0
327154,0
327155,0
327157,0
327165,1
327168,0
327170,0
327171,0
327181,0
327190,0
327195,0
327199,0
327210,0
327220,0
327222,0
327224,0
327226,0
327236,0
327245,0
327254,0
327256,0
327257,0
327260,0
327264,0
327267,0
327270,0
327277,0
327280,0
327285,0
327295,0
327298,0
327303,0
327309,0
327315,0
327317,0
327320,0
327323,0
327324,0
327327,0
327330,0
327335,0
327336,0
327345,0
327349,0
327351,0
327355,0
327358,0
327360,0
327367,0
327368,0
327372,0
327376,1
327377,0
327385,0
327386,0
327387,0
327391,0
327398,0
327400,0
327410,1
327413,0
327417,0
327421,0
327432,0
327433,0
327436,0
327438,0
327452,0
327467,0
327474,0
327477,0
327478,0
327490,0
327498,0
327504,0
327506,0
327509,0
327511,1
327529,0
327531,0
327533,0
327535,0
327537,0
327541,0
327548,0
327555,0
327558,0
327566,0
327569,0
327573,0
327581,0
327582,0
327585,0
327601,0
327610,0
327614,0
327615,0
327621,0
327622,0
327623,0
327636,0
327638,0
327644,0
327646,0
327657,0
327663,0
327668,0
327675,0
327677,0
327679,0
327682,0
327687,0
327692,0
327699,0
327707,1
327718,0
327720,0
327735,0
327739,0
327743,0
327744,0
327748,0
327749,0
327751,0
327762,0
327765,0
327786,0
327789,0
327792,0
327794,0
327814,0
327824,0
327840,0
327849,0
327855,0
327856,0
327863,1
327870,0
327873,0
327874,0
327877,0
327879,0
327882,0
327883,0
327890,0
327896,0
327898,1
327917,0
327921,0
327922,0
327925,0
327934,0
327938,0
327955,0
327962,0
327964,0
327969,0
327972,0
327977,0
327986,0
327987,0
327998,0
328014,0
328015,0
328021,0
328033,0
328034,0
328042,0
328046,0
328063,0
328066,0
328067,0
328069,0
328071,0
328072,0
328087,0
328088,0
328095,0
328097,0
328098,0
328105,0
328109,0
328125,1
328130,0
328134,0
328138,0
328142,0
328155,0
328160,0
328163,0
328164,0
328169,0
328170,0
328180,0
328192,0
328193,0
328195,0
328198,0
328199,0
328200,0
328203,0
328204,0
328208,0
328209,0
328225,0
328234,0
328235,0
328236,0
328238,0
328244,1
328249,0
328256,0
328261,0
328262,0
328269,0
328272,0
328273,0
328278,0
328279,0
328289,0
328296,0
328298,0
328311,0
328315,0
328316,0
328330,0
328334,0
328336,0
328340,0
328344,0
328372,0
328378,0
328380,0
328382,0
328385,0
328387,0
328409,0
328410,0
328412,0
328424,0
328431,0
328434,0
328437,0
328441,0
328444,0
328447,0
328449,0
328450,0
328453,0
328458,0
328464,0
328471,0
328473,0
328474,0
328475,0
328477,0
328479,0
328491,0
328492,0
328499,0
328504,0
328509,0
328510,0
328531,0
328533,0
328534,0
328543,0
328544,0
328545,0
328546,0
328560,0
328567,0
328574,0
328575,0
328577,0
328579,0
328582,0
328586,0
328591,0
328592,0
328595,0
328596,0
328598,0
328600,0
328610,0
328611,0
328615,0
328616,0
328619,0
328633,0
328655,0
328658,0
328665,0
328667,0
328671,0
328679,0
328687,0
328690,0
328691,0
328695,0
328699,0
328702,0
328706,0
328709,1
328711,0
328722,0
328727,0
328728,0
328729,0
328742,0
328744,0
328745,0
328748,0
328756,0
328758,0
328762,0
328763,0
328765,0
328767,0
328773,0
328774,0
328791,0
328803,0
328810,0
328812,0
328813,0
328814,0
328818,0
328821,0
328825,0
328826,0
328828,0
328829,0
328831,0
328832,0
328847,0
328855,0
328868,0
328870,0
328872,0
328880,0
328881,0
328882,0
328883,0
328896,0
328897,0
328901,0
328903,0
328905,0
328913,0
328915,0
328920,0
328926,0
328928,0
328935,0
328939,0
328943,0
328954,0
328960,0
328963,0
328966,0
328968,0
328971,0
328974,0
328989,0
328990,0
328993,0
328995,0
328997,0
329012,0
329015,0
329016,0
329027,0
329037,0
329041,0
329045,0
329049,0
329050,0
329054,0
329055,0
329058,0
329059,0
329062,0
329064,0
329075,0
329079,0
329080,0
329086,0
329087,0
329093,0
329098,0
329103,0
329113,0
329115,0
329117,0
329123,0
329143,0
329150,0
329153,0
329154,0
329155,0
329163,0
329167,0
329171,0
329173,0
329182,0
329186,0
329192,0
329193,0
329196,0
329198,0
329202,0
329209,0
329211,0
329217,0
329218,0
329236,0
329238,0
329239,0
329244,0
329258,0
329260,0
329261,0
329267,0
329276,0
329290,0
329301,0
329303,0
329307,0
329318,0
329319,0
329320,0
329338,0
329345,0
329346,0
329347,0
329355,0
329370,0
329377,0
329380,0
329381,1
329383,0
329384,0
329392,0
329395,0
329397,0
329402,0
329403,0
329407,0
329408,0
329414,0
329422,0
329436,0
329450,0
329458,0
329460,0
329461,0
329468,0
329473,0
329474,0
329486,0
329488,0
329493,0
329496,0
329501,0
329508,0
329517,0
329530,0
329533,0
329535,0
329539,0
329543,0
329555,0
329557,0
329558,0
329560,0
329564,0
329570,1
329579,0
329592,0
329595,0
329604,0
329607,0
329608,0
329623,0
329625,0
329628,0
329633,0
329642,0
329643,0
329648,0
329652,0
329667,0
329668,0
329675,0
329688,0
329692,0
329694,0
329697,0
329700,0
329704,0
329711,0
329714,0
329715,0
329721,0
329723,0
329725,0
329729,0
329731,0
329737,0
329739,0
329747,0
329751,0
329770,0
329775,0
329776,0
329779,0
329781,0
329782,0
329783,0
329797,0
329802,0
329804,0
329807,0
329812,0
329816,0
329818,0
329827,0
329830,0
329837,0
329838,0
329845,0
329850,0
329856,0
329857,0
329858,0
329859,0
329860,0
329868,0
329873,0
329876,0
329883,0
329885,0
329886,1
329889,0
329896,0
329904,0
329907,0
329908,0
329914,0
329922,0
329930,0
329931,0
329932,0
329934,0
329935,0
329938,0
329942,0
329946,0
329948,0
329950,0
329952,0
329959,0
329961,0
329978,0
329986,0
329988,0
329994,0
330002,0
330004,0
330012,0
330025,0
330026,0
330029,0
330032,0
330033,0
330045,0
330057,0
330058,0
330072,0
330085,0
330095,0
330107,0
330110,0
330118,0
330124,0
330125,0
330128,0
330132,0
330149,0
330151,0
330157,0
330159,0
330162,0
330169,0
330175,0
330176,0
330184,0
330191,0
330196,0
330198,0
330200,0
330201,0
330202,0
330204,0
330208,0
330209,0
330218,0
330227,0
330229,0
330232,0
330233,0
330235,0
330242,1
330246,0
330253,0
330254,0
330258,0
330261,0
330265,0
330270,0
330283,0
330286,0
330288,0
330291,0
330304,0
330308,0
330311,0
330313,0
330317,0
330332,0
330347,0
330351,0
330365,0
330368,0
330371,0
330372,0
330378,0
330382,0
330387,0
330388,0
330393,0
330398,0
330409,0
330418,0
330420,0
330424,0
330427,0
330428,0
330438,1
330441,0
330443,0
330445,1
330446,0
330450,0
330458,0
330472,0
330478,0
330485,0
330486,1
330491,0
330499,0
330501,0
330505,0
330508,0
330515,0
330519,0
330521,0
330525,0
330526,0
330549,0
330552,0
330553,1
330562,0
330563,0
330564,0
330570,0
330578,0
330580,0
330585,0
330588,0
330593,0
330594,0
330604,0
330608,0
330610,0
330612,0
330616,0
330618,0
330619,0
330622,0
330635,0
330639,0
330640,0
330641,0
330642,0
330645,0
330648,0
330655,0
330659,0
330660,0
330667,0
330668,0
330672,0
330675,0
330679,0
330685,0
330688,0
330689,0
330701,0
330702,0
330709,0
330718,0
330723,0
330726,0
330730,0
330734,0
330736,0
330738,0
330742,0
330750,0
330751,0
330757,0
330762,0
330764,0
330766,0
330768,0
330771,0
330772,0
330779,0
330780,0
330781,0
330795,0
330798,0
330799,0
330801,0
330806,0
330811,0
330815,0
330817,0
330820,0
330821,0
330825,0
330826,0
330835,0
330836,0
330838,0
330850,0
330851,0
330853,0
330854,0
330856,0
330857,0
330863,0
330871,0
330875,0
330880,0
330882,0
330884,1
330894,0
330895,0
330899,0
330906,1
330907,0
330910,0
330928,0
330931,0
330933,0
330937,0
330939,0
330940,0
330945,0
330956,0
330958,0
330962,0
330972,0
330976,0
330981,0
330987,0
331009,0
331016,0
331028,1
331031,0
331037,0
331039,0
331048,0
331053,0
331054,0
331058,0
331059,0
331060,0
331067,0
331070,0
331072,0
331076,0
331087,0
331106,0
331114,0
331119,0
331123,0
331129,0
331135,0
331141,0
331144,0
331148,0
331152,0
331163,0
331165,0
331171,0
331180,0
331184,0
331186,0
331191,0
331193,0
331196,0
331207,0
331211,0
331214,0
331215,0
331219,0
331222,0
331226,1
331228,0
331232,0
331234,0
331240,0
331243,0
331248,0
331257,0
331258,0
331262,0
331265,0
331269,0
331272,0
331277,0
331278,1
331282,0
331284,0
331285,0
331289,0
331291,0
331292,0
331295,0
331318,0
331320,0
331329,0
331338,0
331346,0
331349,0
331362,0
331371,0
331372,0
331373,1
331376,0
331378,0
331385,0
331395,0
331397,0
331408,0
331416,0
331417,0
331424,0
331429,0
331431,0
331432,0
331437,0
331439,0
331445,0
331451,0
331453,0
331454,0
331456,0
331463,0
331464,0
331468,0
331469,0
331474,0
331476,0
331477,0
331481,0
331486,0
331495,0
331496,0
331498,0
331501,0
331512,0
331518,0
331519,0
331521,0
331525,0
331532,0
331533,0
331539,0
331543,0
331547,0
331554,0
331562,0
331564,0
331569,0
331570,0
331583,0
331587,0
331589,0
331592,0
331599,0
331604,0
331613,0
331617,0
331619,0
331620,0
331630,0
331632,0
331638,0
331639,0
331640,0
331641,0
331646,0
331675,0
331678,0
331683,0
331686,0
331690,0
331693,0
331695,0
331703,0
331708,0
331711,0
331716,0
331719,0
331728,0
331731,0
331732,0
331733,0
331737,0
331740,0
331751,0
331754,0
331755,0
331757,0
331765,0
331771,0
331776,0
331781,0
331784,0
331790,0
331808,0
331809,0
331815,0
331816,0
331821,0
331824,1
331825,0
331844,0
331846,0
331857,0
331858,0
331861,0
331867,0
331871,0
331875,0
331879,0
331880,0
331889,0
331896,0
331901,0
331902,0
331910,0
331916,0
331920,0
331929,0
331939,0
331947,0
331948,1
331951,0
331954,0
331957,0
331959,0
331961,0
331971,0
331981,0
331990,1
331991,0
331992,0
331994,0
332004,0
332005,0
332016,0
332017,0
332018,0
332019,0
332025,0
332027,0
332042,0
332056,1
332061,0
332064,0
332071,0
332075,0
332078,0
332080,0
332082,0
332095,0
332101,0
332107,0
332111,0
332118,0
332127,0
332129,0
332138,0
332143,0
332144,0
332145,0
332148,0
332150,0
332151,0
332158,0
332159,0
332161,0
332165,0
332180,0
332181,0
332184,0
332191,0
332194,0
332195,0
332203,0
332217,0
332219,0
332221,0
332228,0
332229,0
332231,0
332238,0
332243,0
332247,0
332249,0
332250,0
332253,0
332257,0
332264,0
332272,0
332278,0
332280,0
332293,0
332304,0
332306,0
332310,0
332312,0
332314,0
332315,0
332316,0
332318,0
332319,0
332321,0
332325,0
332334,0
332340,0
332341,0
332346,0
332351,0
332358,0
332362,0
332368,0
332370,0
332372,0
332377,0
332380,0
332396,0
332400,0
332406,0
332414,0
332424,0
332426,0
332437,0
332441,0
332442,0
332444,0
332448,0
332449,0
332463,0
332482,0
332485,0
332490,0
332494,0
332496,0
332498,0
332499,0
332501,0
332504,0
332510,0
332512,0
332518,0
332520,0
332525,0
332534,0
332538,0
332539,0
332543,0
332548,0
332555,0
332560,0
332561,0
332566,0
332581,0
332584,0
332585,0
332597,0
332599,0
332609,0
332610,0
332626,0
332629,0
332631,0
332633,0
332634,0
332637,0
332639,0
332656,0
332662,0
332663,0
332665,0
332680,0
332685,0
332695,0
332696,0
332698,0
332701,0
332711,0
332713,0
332716,0
332719,0
332723,0
332735,0
332738,0
332739,0
332750,0
332754,0
332756,0
332767,0
332768,0
332770,0
332771,0
332787,0
332789,0
332790,0
332793,0
332795,0
332796,0
332798,0
332802,0
332811,0
332813,0
332816,0
332819,0
332827,0
332828,0
332832,0
332833,0
332838,0
332846,0
332848,0
332863,0
332867,0
332872,0
332873,0
332893,0
332912,0
332914,0
332915,0
332922,0
332923,0
332924,0
332938,0
332945,0
332946,0
332948,0
332951,0
332952,0
332954,0
332970,0
332974,0
332975,0
332982,0
332986,0
332988,1
332989,0
332995,0
332998,0
333030,0
333041,0
333046,0
333048,0
333050,0
333052,0
333054,0
333056,0
333057,0
333060,0
333073,0
333075,0
333083,0
333099,0
333102,0
333103,0
333104,0
333106,0
333108,0
333113,0
333122,0
333124,0
333129,0
333136,0
333138,1
333139,0
333147,0
333149,0
333158,0
333160,0
333165,0
333167,0
333168,0
333175,0
333198,0
333203,0
333206,0
333216,0
333222,0
333225,0
333232,0
333236,0
333238,0
333240,0
333245,0
333251,0
333254,0
333261,0
333263,0
333268,0
333277,0
333279,0
333280,0
333282,0
333284,0
333289,0
333290,0
333295,0
333304,0
333306,0
333309,0
333312,0
333315,0
333318,0
333328,0
333333,0
333364,0
333372,1
333379,0
333392,0
333399,0
333402,0
333416,0
333421,0
333427,0
333431,1
333435,0
333445,0
333455,0
333456,0
333461,0
333466,0
333476,0
333480,0
333481,0
333486,0
333487,0
333495,0
333499,0
333500,0
333503,0
333509,0
333511,0
333514,0
333521,0
333526,0
333544,1
333546,0
333560,0
333562,0
333568,0
333569,0
333576,0
333579,0
333582,0
333584,0
333590,0
333592,0
333599,0
333619,0
333620,0
333623,0
333628,0
333636,0
333639,0
333640,0
333643,0
333644,0
333646,0
333648,0
333653,0
333656,0
333662,0
333663,0
333680,0
333681,0
333685,0
333694,0
333703,0
333709,0
333717,0
333725,0
333728,0
333731,0
333751,0
333752,0
333757,0
333766,0
333772,0
333779,0
333783,0
333791,0
333793,0
333798,0
333805,0
333808,0
333812,0
333819,0
333829,0
333830,0
333832,0
333840,0
333845,1
333850,0
333853,0
333860,0
333861,0
333862,0
333864,0
333870,0
333876,0
333877,0
333879,0
333887,0
333900,0
333901,0
333903,0
333908,0
333920,0
333922,0
333939,0
333950,0
333956,0
333960,0
333970,0
333980,0
333995,0
333998,1
334004,0
334011,0
334012,0
334022,0
334030,0
334034,0
334035,0
334040,0
334042,0
334054,0
334056,0
334075,0
334076,0
334079,0
334090,0
334092,0
334103,0
334109,0
334120,0
334125,0
334127,1
334128,0
334130,0
334138,0
334146,0
334149,0
334154,0
334156,0
334161,0
334174,0
334177,0
334182,0
334183,0
334188,0
334192,0
334193,0
334196,0
334202,1
334203,0
334210,0
334212,0
334226,0
334255,0
334259,0
334261,0
334262,0
334265,0
334268,0
334269,0
334270,0
334276,0
334279,0
334281,0
334285,0
334288,0
334289,0
334290,0
334294,0
334295,0
334296,0
334298,0
334302,0
334308,0
334310,0
334314,0
334315,0
334316,0
334321,0
334328,0
334331,0
334332,0
334337,0
334343,0
334353,1
334359,0
334362,0
334370,0
334375,0
334376,0
334377,0
334383,0
334387,0
334391,0
334392,0
334400,0
334401,0
334408,0
334410,0
334417,0
334418,0
334419,0
334423,0
334427,0
334429,0
334435,0
334438,0
334439,0
334441,0
334442,0
334443,1
334453,0
334459,0
334463,0
334469,0
334471,0
334472,0
334474,0
334476,0
334488,0
334490,0
334493,0
334502,0
334506,0
334510,0
334513,0
334514,0
334520,0
334528,0
334530,0
334537,0
334540,0
334545,0
334551,0
334554,0
334555,0
334561,0
334563,0
334568,0
334572,0
334592,0
334596,0
334597,0
334600,0
334613,0
334618,0
334620,0
334625,0
334631,0
334632,1
334635,0
334647,0
334648,0
334660,0
334674,0
334683,0
334692,0
334693,0
334697,0
334702,0
334704,0
334706,0
334709,0
334711,0
334712,0
334713,0
334718,1
334727,0
334728,0
334731,0
334747,0
334752,0
334758,0
334762,0
334763,0
334766,0
334767,0
334787,0
334792,0
334798,0
334799,0
334805,0
334809,0
334818,0
334819,0
334822,0
334837,0
334854,0
334860,0
334864,0
334868,0
334869,1
334872,0
334873,0
334877,0
334879,0
334885,0
334886,0
334894,0
334899,0
334903,0
334914,0
334916,0
334927,0
334941,0
334944,0
334945,0
334946,0
334947,0
334960,0
334962,0
334972,0
334975,0
334984,0
334985,1
334986,1
334988,0
335000,1
335006,0
335007,0
335009,0
335010,0
335011,0
335028,0
335030,0
335032,0
335037,0
335041,0
335043,0
335056,0
335057,0
335059,0
335064,0
335069,0
335072,0
335073,0
335082,0
335088,0
335091,0
335101,0
335107,0
335110,0
335117,0
335120,0
335122,0
335128,0
335130,0
335133,0
335135,0
335147,1
335149,0
335153,0
335156,0
335158,0
335173,0
335178,0
335197,0
335202,0
335207,0
335209,0
335211,0
335215,0
335217,0
335218,0
335228,0
335231,0
335253,0
335255,0
335257,1
335284,0
335291,0
335293,0
335294,0
335296,0
335299,0
335300,0
335308,0
335311,0
335313,0
335319,0
335325,0
335330,0
335331,0
335332,0
335333,0
335334,0
335344,0
335348,0
335353,0
335354,0
335361,0
335370,0
335381,0
335384,0
335385,0
335388,0
335394,0
335399,0
335408,0
335409,0
335412,0
335422,0
335425,0
335431,0
335447,0
335450,0
335464,0
335467,0
335469,0
335470,0
335473,0
335478,0
335484,0
335488,0
335490,0
335494,0
335498,0
335499,0
335502,0
335507,0
335513,0
335516,0
335517,0
335523,0
335527,0
335530,0
335531,0
335533,0
335553,1
335557,0
335558,0
335569,0
335574,1
335575,0
335579,0
335581,0
335586,0
335590,0
335597,0
335600,0
335605,0
335609,0
335611,0
335615,0
335628,0
335630,0
335633,0
335634,0
335638,0
335641,0
335644,0
335645,0
335648,0
335654,0
335656,0
335663,0
335673,0
335682,0
335689,0
335693,0
335698,0
335704,0
335705,0
335708,0
335710,0
335711,0
335712,0
335714,0
335717,0
335720,0
335722,0
335727,0
335729,0
335733,0
335735,0
335737,0
335739,0
335747,0
335753,1
335755,0
335760,0
335764,0
335766,0
335768,0
335769,0
335773,0
335780,0
335782,0
335784,0
335787,0
335796,0
335803,0
335804,0
335805,0
335808,0
335810,0
335812,1
335832,0
335841,0
335852,0
335853,0
335879,0
335892,0
335893,0
335895,0
335904,0
335914,0
335919,0
335935,0
335940,0
335941,0
335943,0
335944,0
335945,0
335951,0
335960,1
335963,0
335972,0
335995,0
336000,1
336005,0
336012,0
336015,0
336018,0
336026,0
336036,0
336043,1
336055,0
336062,0
336064,0
336065,0
336067,0
336068,0
336071,0
336073,0
336077,0
336081,0
336083,0
336089,0
336092,0
336099,0
336105,0
336110,0
336112,0
336113,0
336116,0
336122,0
336125,0
336126,0
336143,0
336145,0
336156,0
336159,0
336166,0
336174,0
336180,0
336185,0
336186,0
336195,0
336201,0
336203,0
336206,0
336227,0
336229,0
336233,0
336234,0
336244,0
336257,0
336263,0
336264,0
336265,0
336266,0
336272,0
336275,0
336280,0
336281,0
336287,1
336294,1
336295,0
336297,0
336300,0
336301,0
336312,0
336320,0
336331,0
336338,0
336340,0
336342,0
336343,0
336349,0
336355,0
336366,0
336367,0
336368,0
336371,0
336373,0
336375,0
336376,1
336383,0
336389,0
336390,0
336391,0
336397,0
336400,0
336402,0
336404,0
336405,0
336411,0
336415,0
336416,0
336425,0
336436,0
336446,0
336450,0
336452,0
336459,0
336462,0
336468,0
336469,0
336470,0
336475,0
336476,0
336478,0
336490,1
336492,0
336496,0
336501,0
336502,0
336505,0
336509,0
336514,0
336515,0
336518,0
336521,0
336523,0
336525,0
336527,0
336531,0
336546,0
336566,0
336572,0
336577,0
336592,0
336596,0
336597,0
336599,0
336607,0
336612,0
336613,0
336620,0
336621,0
336623,0
336626,0
336639,0
336641,0
336642,0
336645,0
336647,0
336652,0
336657,0
336659,0
336668,0
336670,0
336676,0
336678,0
336679,1
336681,0
336700,0
336701,0
336704,0
336705,0
336708,0
336711,0
336714,0
336717,0
336722,0
336734,0
336737,0
336743,0
336744,0
336752,0
336753,0
336759,0
336760,0
336766,0
336768,0
336777,0
336778,0
336785,0
336786,0
336790,0
336802,0
336817,0
336827,0
336830,0
336833,0
336841,0
336853,0
336856,0
336858,0
336860,0
336861,0
336865,0
336872,0
336873,0
336886,0
336903,0
336909,0
336910,0
336911,0
336923,0
336924,0
336946,0
336951,0
336956,0
336959,0
336964,0
336968,0
336970,0
336974,0
336980,0
336983,0
336989,0
337002,0
337013,0
337037,0
337039,0
337042,0
337043,0
337047,0
337049,0
337051,0
337052,0
337059,0
337064,0
337074,0
337075,0
337080,0
337084,0
337085,0
337094,0
337098,0
337106,0
337107,0
337110,0
337114,0
337115,0
337120,0
337121,0
337123,0
337127,0
337147,0
337156,0
337162,0
337163,0
337164,0
337166,0
337173,0
337174,0
337175,0
337189,0
337199,0
337204,1
337208,0
337219,0
337228,0
337230,0
337247,0
337248,0
337264,0
337265,0
337267,0
337282,0
337284,0
337288,0
337302,0
337305,0
337316,0
337322,0
337324,0
337328,0
337329,0
337330,1
337331,0
337351,0
337352,0
337358,0
337361,0
337362,0
337369,0
337375,0
337376,0
337379,0
337382,0
337388,0
337389,0
337394,0
337399,1
337402,0
337405,0
337409,0
337413,0
337418,0
337423,0
337430,0
337434,0
337446,0
337450,0
337452,0
337453,0
337461,0
337462,0
337465,0
337466,0
337474,0
337477,0
337480,0
337481,0
337493,0
337496,0
337500,0
337502,0
337503,0
337504,0
337508,0
337512,0
337515,0
337516,0
337520,0
337530,0
337531,0
337542,0
337544,0
337546,0
337557,0
337572,0
337579,0
337588,0
337595,0
337598,0
337599,0
337601,0
337607,0
337610,0
337611,0
337612,0
337613,0
337619,0
337622,0
337629,0
337630,0
337632,0
337633,0
337634,0
337640,0
337644,0
337646,0
337647,0
337648,1
337650,1
337653,0
337657,0
337659,0
337661,0
337662,0
337668,0
337669,0
337686,0
337691,0
337697,0
337704,0
337708,0
337710,0
337718,0
337719,0
337720,0
337722,0
337723,0
337725,0
337731,0
337733,0
337737,0
337739,0
337744,0
337747,0
337751,0
337760,0
337773,0
337778,0
337779,0
337783,0
337786,0
337794,0
337795,0
337796,0
337798,0
337804,0
337805,0
337806,0
337809,0
337811,0
337814,0
337820,0
337821,0
337831,0
337838,0
337850,0
337855,0
337864,0
337878,0
337885,0
337890,0
337898,0
337900,0
337904,0
337911,0
337913,0
337918,0
337921,0
337933,0
337939,0
337940,0
337943,0
337951,0
337956,0
337965,0
337972,0
337973,0
337974,0
337977,0
337984,0
337992,0
337995,0
337996,0
337999,0
338001,0
338002,0
338006,0
338008,0
338011,0
338015,0
338021,0
338031,0
338034,0
338042,0
338045,0
338047,0
338055,0
338059,0
338082,0
338087,0
338091,0
338094,0
338098,0
338102,0
338103,0
338134,0
338142,0
338143,0
338169,0
338180,0
338181,0
338184,0
338185,0
338186,0
338187,0
338193,0
338210,0
338212,0
338214,0
338215,0
338216,0
338222,0
338224,0
338227,0
338232,0
338233,0
338243,0
338248,0
338253,0
338257,0
338258,0
338267,0
338274,0
338277,0
338278,0
338282,0
338287,0
338289,0
338295,0
338297,0
338307,0
338309,0
338310,0
338312,0
338318,0
338328,0
338332,0
338339,0
338347,0
338358,0
338362,0
338369,0
338372,0
338374,0
338384,0
338391,0
338393,0
338395,0
338397,0
338420,0
338424,0
338436,0
338440,0
338446,0
338456,0
338466,0
338468,0
338473,0
338484,0
338487,0
338490,0
338492,0
338494,0
338497,0
338503,0
338508,0
338511,0
338518,1
338532,0
338536,0
338539,0
338546,0
338549,0
338553,0
338556,0
338558,0
338567,0
338571,0
338581,0
338585,0
338589,0
338597,0
338603,0
338604,0
338608,0
338609,0
338610,0
338613,0
338622,0
338647,0
338654,0
338661,0
338663,0
338670,0
338671,1
338672,0
338673,0
338676,0
338680,0
338683,0
338684,0
338690,0
338693,0
338694,0
338699,0
338703,0
338704,0
338708,1
338711,1
338713,0
338714,0
338720,0
338730,0
338732,0
338736,0
338746,0
338748,0
338752,1
338756,0
338760,0
338771,1
338772,0
338775,0
338783,0
338786,0
338792,0
338807,0
338814,0
338815,0
338820,0
338821,0
338822,0
338825,0
338832,0
338833,0
338842,0
338853,0
338859,0
338863,0
338880,0
338881,0
338882,0
338883,0
338902,0
338915,0
338916,0
338926,0
338929,0
338930,0
338939,0
338947,0
338953,0
338960,0
338967,0
338984,0
338985,0
338993,0
338996,0
339001,0
339003,0
339015,0
339016,0
339018,0
339019,0
339024,0
339032,0
339038,1
339043,0
339044,0
339045,0
339046,0
339048,0
339053,0
339057,0
339059,0
339060,0
339062,0
339070,0
339073,0
339076,0
339078,0
339083,0
339086,0
339090,0
339091,0
339093,0
339096,0
339099,0
339101,0
339103,0
339111,0
339119,0
339120,0
339121,0
339122,0
339127,0
339133,1
339138,0
339148,0
339158,0
339159,0
339166,0
339169,0
339170,0
339171,0
339176,0
339177,0
339179,0
339206,0
339207,0
339214,0
339239,0
339241,0
339243,0
339253,0
339256,0
339264,0
339265,0
339270,0
339271,0
339272,0
339274,0
339281,0
339282,0
339292,0
339303,0
339311,0
339314,0
339317,0
339324,0
339325,0
339327,0
339330,0
339331,0
339340,0
339359,0
339370,0
339373,0
339377,0
339380,0
339385,0
339390,0
339395,0
339402,0
339404,0
339409,0
339412,0
339415,0
339426,0
339439,0
339447,0
339451,0
339460,0
339467,0
339475,0
339477,1
339478,0
339485,0
339492,0
339500,1
339501,0
339502,0
339516,0
339517,0
339523,0
339525,0
339526,0
339538,0
339540,0
339541,0
339545,0
339546,0
339555,0
339556,0
339557,0
339569,0
339572,0
339588,0
339591,0
339606,0
339610,0
339612,0
339614,0
339616,0
339617,0
339636,0
339643,0
339653,0
339654,0
339657,0
339659,0
339668,0
339670,0
339678,0
339679,0
339685,0
339687,0
339694,0
339704,0
339706,0
339722,0
339735,0
339744,0
339748,0
339752,0
339756,0
339760,0
339768,0
339782,0
339784,0
339788,0
339790,0
339795,0
339797,0
339800,0
339803,0
339805,0
339825,0
339828,0
339829,0
339832,0
339836,0
339837,0
339838,0
339839,0
339842,0
339848,1
339850,0
339855,0
339862,0
339875,0
339885,0
339887,0
339894,0
339897,0
339902,0
339905,0
339931,0
339940,0
339943,0
339960,0
339962,0
339968,0
339974,1
339981,0
339985,0
339992,0
340007,0
340012,0
340025,0
340029,0
340030,0
340031,0
340032,0
340035,0
340048,0
340054,0
340057,0
340059,0
340064,0
340068,1
340072,0
340084,0
340087,0
340092,0
340093,0
340098,0
340099,0
340100,0
340101,1
340102,0
340107,0
340112,0
340113,0
340114,0
340125,0
340147,0
340148,0
340151,0
340155,0
340156,0
340160,0
340167,0
340171,0
340174,0
340180,0
340187,0
340208,0
340209,0
340220,0
340222,0
340225,0
340227,0
340231,0
340235,0
340239,0
340245,0
340248,0
340252,0
340253,0
340254,0
340255,0
340261,0
340262,0
340271,0
340272,0
340274,0
340276,0
340289,0
340290,0
340297,0
340299,0
340300,0
340303,0
340306,0
340309,0
340310,0
340322,0
340327,0
340328,0
340331,0
340342,0
340347,0
340352,0
340362,0
340365,0
340368,0
340370,0
340380,0
340381,0
340382,0
340389,1
340392,0
340401,0
340403,0
340408,0
340416,0
340417,0
340426,0
340427,0
340435,0
340438,0
340442,0
340450,0
340451,0
340452,0
340454,0
340458,0
340461,0
340472,0
340482,0
340486,0
340487,0
340494,0
340496,0
340509,0
340516,0
340517,0
340519,0
340522,0
340527,0
340530,0
340537,0
340538,0
340541,0
340542,0
340547,0
340557,0
340560,0
340575,0
340583,0
340584,0
340586,0
340591,0
340592,0
340594,0
340596,0
340597,0
340601,0
340602,0
340610,0
340615,0
340616,0
340620,0
340621,0
340626,0
340627,0
340634,0
340642,0
340649,0
340652,0
340654,0
340662,0
340666,0
340667,0
340668,0
340670,0
340672,0
340682,1
340686,0
340689,0
340694,0
340702,0
340710,0
340712,0
340717,0
340719,0
340722,0
340725,0
340731,0
340735,0
340738,0
340743,0
340748,0
340749,0
340750,0
340751,0
340756,0
340757,0
340767,1
340769,0
340779,0
340781,0
340786,0
340791,0
340794,0
340800,0
340811,0
340816,0
340821,0
340827,0
340832,0
340844,0
340845,0
340849,0
340866,0
340867,0
340869,0
340871,0
340877,0
340881,0
340882,0
340892,0
340904,0
340910,0
340914,0
340917,0
340918,0
340928,0
340930,0
340932,0
340934,0
340938,0
340943,0
340948,0
340951,0
340953,0
340957,0
340960,0
340962,0
340968,0
340978,0
340981,0
340984,1
340987,0
340988,0
340989,0
340992,0
340997,0
341005,0
341008,0
341036,0
341041,0
341043,0
341056,0
341063,0
341065,0
341071,0
341076,0
341081,0
341083,0
341086,0
341089,0
341093,0
341095,0
341099,0
341102,0
341103,0
341107,0
341114,0
341123,0
341127,0
341129,0
341131,0
341134,0
341143,0
341148,0
341151,0
341152,0
341155,0
341178,0
341181,0
341190,0
341193,0
341195,0
341198,0
341200,1
341212,0
341217,0
341219,0
341227,0
341229,0
341232,0
341235,0
341238,0
341245,0
341246,0
341249,0
341251,0
341255,0
341258,0
341263,1
341272,0
341273,0
341274,0
341275,0
341276,0
341277,0
341278,0
341280,0
341284,0
341285,0
341289,0
341291,0
341294,0
341305,0
341308,0
341309,0
341328,0
341338,0
341341,0
341345,0
341349,0
341354,0
341359,0
341361,0
341373,0
341385,0
341387,0
341388,0
341402,0
341409,0
341411,0
341412,0
341413,0
341415,0
341426,0
341440,0
341445,0
341448,0
341451,0
341462,0
341464,0
341465,0
341471,0
341488,0
341489,0
341495,0
341515,0
341519,0
341521,0
341522,0
341526,0
341527,0
341530,0
341532,0
341540,0
341541,0
341547,0
341548,0
341557,0
341565,0
341575,0
341582,0
341583,0
341584,0
341589,0
341592,0
341609,0
341612,0
341620,0
341626,0
341633,0
341643,0
341645,0
341654,0
341655,0
341660,1
341662,0
341669,0
341670,0
341676,0
341680,0
341681,0
341686,0
341688,0
341700,0
341704,0
341719,0
341723,0
341728,0
341731,0
341742,0
341747,0
341754,0
341757,0
341758,0
341761,0
341765,0
341778,0
341780,0
341785,0
341789,0
341792,0
341797,0
341803,0
341807,0
341814,0
341818,0
341823,0
341825,0
341828,0
341835,0
341836,0
341857,0
341862,0
341863,0
341865,0
341869,0
341878,1
341902,0
341914,0
341918,0
341922,0
341928,0
341930,0
341943,0
341944,0
341946,0
341948,0
341949,0
341952,0
341955,0
341956,0
341964,0
341968,0
341970,1
341974,0
341977,0
341987,0
341989,0
341990,0
341991,0
341997,0
341999,0
342003,0
342009,0
342011,0
342018,0
342025,0
342029,0
342032,0
342043,1
342053,0
342059,0
342061,0
342064,0
342068,0
342069,0
342070,0
342083,0
342086,0
342090,0
342113,0
342116,0
342126,0
342137,0
342141,0
342142,0
342143,0
342146,0
342149,0
342151,0
342164,0
342175,0
342186,0
342193,1
342202,0
342205,0
342206,0
342209,0
342216,1
342217,0
342225,0
342233,0
342240,0
342241,0
342244,0
342258,0
342262,0
342263,0
342264,0
342265,0
342281,0
342290,0
342291,0
342293,0
342297,0
342304,0
342311,0
342316,0
342319,0
342335,0
342336,0
342348,0
342352,0
342356,0
342358,0
342368,0
342371,0
342372,0
342375,0
342383,0
342389,0
342403,0
342405,0
342411,0
342421,0
342432,0
342433,0
342436,0
342448,0
342454,0
342456,0
342458,0
342460,0
342463,1
342468,0
342474,0
342476,0
342478,0
342479,0
342484,0
342489,0
342492,0
342496,0
342505,0
342510,0
342517,0
342524,0
342530,0
342532,0
342537,0
342543,0
342561,0
342562,1
342564,0
342566,0
342568,0
342574,0
342578,1
342579,0
342582,0
342584,0
342587,0
342592,0
342599,0
342605,0
342612,0
342620,0
342626,0
342627,0
342648,0
342649,0
342651,0
342652,1
342656,0
342666,0
342684,0
342689,0
342690,0
342691,0
342695,0
342712,0
342715,0
342718,0
342720,0
342738,0
342742,0
342745,0
342746,0
342748,0
342751,0
342755,0
342758,0
342759,0
342764,1
342767,0
342769,0
342771,0
342774,0
342784,0
342788,0
342792,0
342793,0
342794,0
342809,1
342812,0
342813,0
342815,0
342817,0
342818,0
342829,0
342830,0
342834,0
342837,0
342838,0
342839,0
342840,0
342845,0
342850,1
342854,0
342856,0
342864,0
342866,0
342880,0
342887,0
342895,0
342896,0
342912,0
342918,0
342920,0
342921,0
342922,0
342949,0
342957,0
342958,0
342974,0
342980,0
342981,0
342984,0
342991,0
342994,0
342995,0
342997,0
343000,0
343007,0
343009,0
343010,0
343011,0
343027,0
343037,0
343038,0
343043,0
343051,0
343053,0
343058,0
343059,0
343065,0
343068,0
343069,0
343094,0
343095,0
343098,0
343107,0
343108,0
343110,0
343117,0
343129,0
343135,0
343144,0
343148,1
343155,0
343163,0
343166,0
343167,0
343170,0
343175,0
343182,0
343187,0
343202,0
343205,0
343206,0
343207,0
343220,0
343222,0
343229,0
343230,0
343249,0
343254,0
343255,0
343256,0
343263,0
343275,0
343277,0
343281,0
343289,0
343296,0
343298,0
343303,0
343307,0
343310,0
343311,0
343323,0
343339,0
343340,0
343348,0
343351,0
343352,0
343353,0
343357,0
343359,0
343362,0
343372,1
343379,0
343383,0
343386,0
343388,0
343407,0
343408,0
343411,0
343412,0
343417,1
343421,0
343424,0
343428,0
343430,0
343448,0
343453,0
343456,0
343458,0
343460,0
343463,0
343465,0
343472,0
343474,0
343487,0
343490,0
343494,0
343495,0
343502,0
343531,0
343534,0
343535,0
343547,0
343548,0
343550,0
343552,0
343557,0
343560,0
343566,0
343570,0
343571,0
343586,0
343587,0
343592,0
343598,0
343602,0
343610,0
343613,0
343621,0
343626,0
343627,0
343631,1
343635,0
343640,0
343643,0
343647,0
343648,0
343651,0
343654,0
343655,0
343660,0
343665,0
343666,0
343671,0
343674,0
343680,0
343684,0
343685,0
343686,0
343696,0
343711,0
343712,0
343722,0
343723,0
343724,0
343725,0
343728,0
343730,0
343734,0
343735,0
343743,0
343747,0
343751,0
343754,0
343756,0
343763,0
343765,0
343768,0
343779,0
343789,0
343794,0
343796,0
343801,0
343803,0
343805,0
343806,0
343810,0
343819,0
343828,0
343830,0
343831,0
343835,0
343838,0
343839,0
343848,0
343850,0
343852,0
343855,0
343859,0
343864,0
343868,0
343872,0
343890,0
343895,0
343899,0
343900,0
343919,0
343941,1
343943,0
343955,0
343958,0
343964,0
343969,0
343973,0
343985,0
343986,0
343988,0
343989,0
343992,0
344004,0
344005,0
344015,0
344016,0
344020,0
344024,0
344025,0
344034,0
344037,0
344054,0
344060,0
344065,0
344066,0
344074,0
344077,0
344078,0
344081,0
344084,0
344090,0
344091,0
344094,0
344095,0
344096,0
344107,0
344114,0
344118,0
344128,0
344147,0
344154,0
344158,0
344163,0
344164,0
344178,0
344183,0
344188,0
344189,0
344191,0
344195,0
344197,0
344203,0
344207,0
344222,0
344232,0
344258,0
344270,0
344277,0
344287,0
344292,0
344298,0
344303,0
344316,0
344317,0
344319,0
344324,0
344326,0
344327,0
344328,0
344329,0
344342,0
344345,0
344358,0
344369,0
344374,0
344375,0
344376,0
344381,0
344383,0
344384,0
344386,0
344389,0
344395,0
344396,0
344401,0
344402,0
344403,1
344404,1
344405,0
344409,0
344410,0
344414,0
344416,0
344418,0
344419,1
344424,0
344426,0
344427,0
344429,0
344433,1
344438,0
344446,0
344450,0
344453,0
344463,0
344469,0
344472,0
344473,0
344475,0
344491,0
344497,0
344506,0
344509,0
344510,0
344523,0
344530,1
344538,0
344543,0
344544,0
344546,0
344577,0
344581,0
344588,0
344589,0
344590,1
344598,0
344601,0
344602,0
344605,0
344606,0
344607,0
344609,0
344615,0
344617,0
344618,0
344625,0
344629,0
344630,0
344631,0
344636,0
344642,0
344644,0
344646,0
344655,0
344656,0
344689,0
344696,0
344701,0
344702,0
344703,0
344704,0
344705,0
344726,0
344731,0
344736,0
344737,0
344739,0
344745,0
344746,0
344747,0
344748,0
344756,0
344764,0
344767,0
344769,0
344774,0
344784,0
344786,0
344789,0
344790,0
344796,0
344797,0
344802,0
344804,0
344806,0
344811,0
344815,0
344822,0
344826,0
344834,1
344847,0
344852,0
344855,0
344862,0
344865,0
344872,0
344873,0
344875,0
344876,0
344911,1
344912,0
344919,1
344925,0
344927,0
344929,0
344930,0
344934,0
344937,0
344939,0
344941,0
344944,0
344950,0
344968,0
344969,0
344970,0
344973,0
344976,0
344977,0
344986,0
344991,0
345003,0
345004,0
345006,0
345017,0
345029,0
345032,0
345033,0
345038,0
345041,0
345056,0
345060,0
345063,0
345071,0
345077,0
345082,0
345085,0
345100,0
345102,0
345118,0
345126,0
345129,0
345131,0
345133,0
345135,0
345140,0
345143,0
345146,0
345154,0
345158,0
345162,0
345172,0
345176,0
345197,0
345202,0
345208,0
345214,0
345241,0
345262,0
345263,0
345264,0
345268,0
345269,0
345275,0
345281,0
345283,0
345284,0
345285,0
345290,0
345291,0
345293,0
345295,0
345298,0
345299,0
345303,0
345319,0
345321,0
345322,0
345323,0
345324,0
345327,1
345328,1
345331,0
345335,0
345339,0
345342,0
345347,0
345354,0
345357,0
345362,0
345364,0
345366,0
345382,0
345386,0
345392,0
345397,0
345401,0
345402,0
345413,0
345418,0
345419,0
345423,0
345425,0
345431,0
345434,0
345437,0
345438,0
345442,0
345443,0
345445,0
345452,1
345471,1
345472,0
345474,0
345478,0
345480,0
345482,0
345486,0
345499,0
345501,0
345504,0
345507,0
345508,0
345510,0
345511,0
345520,0
345521,0
345530,0
345533,0
345539,0
345557,0
345561,0
345562,0
345570,0
345591,0
345595,0
345603,0
345617,0
345620,0
345623,0
345624,0
345625,0
345627,1
345629,0
345633,0
345651,0
345652,1
345656,0
345671,0
345673,0
345674,0
345675,0
345679,0
345681,1
345690,0
345700,0
345715,0
345720,0
345721,0
345743,0
345747,0
345750,0
345752,0
345759,0
345765,0
345771,0
345773,1
345776,0
345787,0
345797,0
345798,0
345800,0
345802,0
345809,0
345812,0
345818,0
345819,0
345821,0
345823,0
345826,0
345829,0
345839,0
345842,0
345844,0
345850,0
345855,0
345864,0
345866,0
345869,0
345883,0
345885,0
345888,0
345895,0
345899,0
345902,0
345906,1
345907,0
345908,0
345909,1
345911,1
345916,0
345917,0
345925,0
345926,0
345934,0
345935,0
345943,0
345964,0
345965,1
345967,0
345973,0
345979,0
345984,0
345985,0
345989,0
345998,0
346004,0
346010,0
346012,0
346013,0
346024,1
346025,0
346027,0
346029,0
346033,0
346035,0
346038,0
346049,0
346050,0
346056,0
346060,0
346063,0
346064,0
346068,0
346076,0
346085,0
346088,0
346090,0
346094,0
346098,1
346107,0
346119,0
346125,0
346131,0
346142,0
346146,0
346160,0
346162,0
346172,0
346173,0
346174,0
346177,0
346178,0
346186,0
346188,0
346190,0
346191,0
346196,0
346197,0
346207,0
346210,0
346211,0
346212,0
346223,1
346227,0
346228,0
346229,0
346236,0
346240,0
346241,0
346247,0
346253,0
346257,0
346261,0
346263,0
346267,0
346287,0
346291,0
346292,0
346295,0
346298,0
346312,0
346313,0
346318,0
346321,0
346324,0
346327,0
346330,0
346332,0
346340,0
346344,0
346352,0
346359,0
346367,0
346372,0
346377,0
346385,0
346387,0
346406,0
346410,0
346413,0
346429,0
346439,0
346441,0
346443,0
346446,0
346451,0
346452,0
346461,0
346463,0
346468,0
346472,0
346479,0
346490,0
346493,0
346499,0
346504,0
346516,0
346529,0
346538,0
346539,0
346540,0
346550,0
346552,0
346554,0
346569,0
346570,0
346577,0
346579,0
346583,0
346588,0
346589,0
346592,0
346596,0
346598,0
346612,0
346613,0
346618,0
346619,0
346620,0
346622,0
346624,0
346625,0
346633,0
346638,0
346643,0
346646,0
346649,0
346654,0
346655,0
346657,0
346659,0
346661,0
346666,0
346670,0
346678,0
346680,0
346683,0
346691,0
346694,0
346698,0
346702,1
346708,0
346710,0
346719,0
346720,0
346726,0
346728,0
346741,0
346743,0
346757,0
346759,0
346760,0
346770,0
346772,0
346778,0
346780,0
346781,0
346786,0
346788,1
346793,0
346796,0
346798,0
346808,0
346809,0
346816,0
346819,0
346820,0
346823,0
346830,0
346840,0
346843,0
346845,0
346850,0
346853,0
346855,0
346872,0
346875,0
346877,0
346878,0
346880,0
346885,0
346889,0
346893,0
346900,0
346903,0
346912,0
346915,0
346920,0
346924,0
346933,0
346936,0
346937,0
346946,0
346960,0
346977,0
346984,0
346988,0
346996,0
347012,0
347013,0
347015,0
347019,0
347024,0
347027,0
347030,0
347033,0
347038,0
347046,0
347056,0
347061,0
347066,0
347067,0
347073,0
347083,0
347088,0
347089,0
347101,0
347105,0
347108,0
347112,1
347120,1
347123,0
347127,0
347129,0
347133,0
347141,0
347145,0
347146,1
347149,0
347151,1
347152,0
347155,0
347161,0
347167,0
347168,0
347173,0
347174,0
347175,0
347184,0
347189,0
347190,0
347193,0
347195,0
347198,0
347200,0
347202,0
347205,0
347206,0
347215,0
347221,0
347225,0
347238,0
347240,0
347245,0
347247,0
347253,0
347257,0
347264,0
347279,0
347285,0
347286,0
347296,0
347308,0
347312,0
347314,0
347329,0
347334,0
347336,0
347349,0
347355,0
347357,0
347358,0
347359,0
347362,0
347366,0
347371,0
347376,0
347389,0
347392,0
347394,1
347405,0
347420,0
347424,0
347431,0
347441,0
347443,0
347447,0
347452,0
347454,0
347461,0
347463,0
347478,0
347484,0
347486,0
347493,0
347494,0
347496,0
347524,0
347526,0
347528,0
347535,0
347546,0
347552,0
347553,0
347554,0
347557,0
347566,0
347574,0
347577,0
347580,0
347584,0
347587,0
347590,0
347592,0
347595,0
347596,0
347597,0
347608,0
347613,0
347622,0
347625,0
347626,0
347628,0
347646,0
347649,0
347657,0
347662,0
347675,0
347683,0
347684,0
347693,0
347698,0
347707,0
347716,0
347720,0
347723,0
347739,0
347741,1
347742,0
347746,0
347748,0
347749,0
347755,0
347760,0
347762,0
347766,0
347772,1
347782,0
347785,0
347796,0
347798,0
347803,0
347806,0
347811,0
347813,0
347817,0
347834,0
347839,0
347850,0
347853,0
347855,0
347857,0
347863,0
347865,0
347875,0
347897,0
347898,0
347901,0
347903,0
347904,1
347907,0
347912,0
347918,0
347923,0
347927,0
347938,0
347942,0
347946,0
347949,0
347951,0
347955,0
347956,0
347957,0
347958,0
347960,0
347969,0
347972,0
347991,0
347999,0
348002,0
348016,0
348017,0
348024,0
348026,0
348027,0
348035,0
348046,0
348054,0
348061,1
348066,0
348072,0
348073,0
348081,0
348083,0
348085,0
348093,0
348098,0
348107,0
348112,0
348115,0
348117,0
348122,1
348128,0
348129,0
348141,0
348143,0
348144,0
348150,0
348168,0
348181,0
348182,0
348186,0
348190,0
348194,0
348195,0
348196,0
348197,0
348200,0
348203,0
348207,0
348212,0
348213,0
348218,0
348220,0
348227,0
348228,0
348233,0
348243,0
348245,0
348247,0
348252,0
348253,0
348256,1
348261,0
348265,0
348274,0
348290,0
348293,0
348296,0
348314,0
348316,0
348320,0
348323,0
348326,0
348327,0
348328,0
348333,0
348337,0
348342,1
348344,0
348351,0
348354,0
348356,0
348365,0
348367,0
348368,0
348372,0
348373,0
348374,0
348375,0
348379,0
348384,0
348386,0
348387,0
348392,0
348399,0
348401,0
348415,0
348416,0
348418,0
348422,0
348427,0
348442,0
348457,0
348461,0
348468,1
348470,0
348471,0
348476,0
348477,0
348482,0
348485,1
348487,0
348497,0
348506,0
348510,0
348513,0
348515,0
348517,0
348520,0
348523,0
348524,0
348534,0
348546,0
348550,0
348565,0
348568,0
348574,0
348576,0
348577,1
348578,0
348581,0
348586,0
348587,0
348591,0
348601,1
348622,0
348625,0
348642,0
348647,0
348655,0
348656,0
348663,0
348665,0
348668,0
348677,0
348681,0
348692,0
348693,0
348706,0
348716,0
348717,0
348720,0
348722,0
348731,0
348732,0
348737,0
348738,0
348749,0
348750,0
348751,0
348756,0
348758,0
348778,0
348791,0
348795,0
348796,0
348797,0
348800,0
348802,0
348813,0
348815,0
348818,0
348826,0
348830,0
348832,0
348834,0
348850,0
348854,0
348877,1
348880,0
348881,0
348902,0
348903,0
348910,0
348917,0
348930,0
348932,0
348934,0
348939,0
348941,0
348942,0
348946,0
348953,0
348954,0
348959,0
348960,0
348965,0
348969,0
348983,0
348985,0
348986,0
348995,0
348998,0
348999,0
349009,0
349010,0
349012,0
349015,0
349018,0
349020,0
349029,0
349034,0
349036,0
349038,0
349046,0
349061,0
349063,0
349065,0
349076,0
349078,0
349089,0
349091,0
349097,0
349098,0
349102,0
349108,0
349112,1
349119,0
349131,0
349141,0
349145,0
349158,0
349161,0
349162,0
349169,0
349180,0
349184,0
349186,0
349187,0
349190,0
349195,0
349203,0
349205,0
349212,0
349215,0
349221,0
349223,0
349225,0
349227,0
349250,0
349254,0
349257,0
349261,0
349264,0
349271,0
349272,0
349290,0
349291,0
349295,0
349306,0
349323,0
349328,0
349342,0
349345,0
349352,0
349354,0
349356,0
349357,0
349358,0
349366,0
349367,0
349368,0
349377,0
349378,0
349398,0
349403,0
349405,0
349412,1
349414,0
349415,0
349423,0
349427,0
349428,0
349429,0
349432,0
349434,0
349435,0
349436,0
349440,0
349450,0
349451,0
349457,0
349459,0
349460,0
349469,0
349476,1
349482,1
349499,1
349500,0
349506,0
349507,0
349508,0
349518,0
349523,0
349528,0
349538,0
349539,0
349540,0
349546,0
349550,0
349553,0
349569,0
349570,0
349580,0
349593,0
349596,0
349597,0
349599,0
349603,0
349605,0
349618,0
349619,0
349624,0
349627,0
349628,0
349632,0
349636,0
349638,0
349644,0
349648,0
349652,0
349664,1
349674,0
349678,0
349685,0
349686,0
349700,0
349707,0
349718,0
349721,0
349725,0
349732,0
349743,0
349750,0
349755,0
349756,0
349773,0
349774,0
349778,0
349787,0
349790,0
349794,0
349802,0
349807,0
349808,0
349810,0
349815,0
349820,0
349821,0
349826,0
349831,0
349832,0
349836,0
349841,0
349857,0
349867,0
349874,0
349878,0
349885,0
349893,0
349905,0
349918,0
349923,0
349928,0
349929,0
349930,0
349931,0
349932,0
349936,0
349937,0
349949,0
349951,0
349952,0
349956,0
349957,0
349967,0
349978,0
349999,0
350002,0
350008,0
350010,0
350014,0
350018,0
350019,0
350024,0
350025,0
350028,0
350034,0
350041,0
350043,0
350049,0
350052,0
350057,0
350061,0
350062,0
350066,0
350067,0
350074,0
350082,0
350084,0
350090,0
350096,0
350098,0
350105,1
350111,0
350113,0
350117,0
350121,0
350124,0
350135,0
350141,0
350143,0
350144,0
350145,0
350148,0
350153,0
350155,0
350163,0
350167,0
350170,0
350183,0
350198,0
350201,1
350203,0
350210,1
350214,0
350219,0
350222,0
350225,0
350227,1
350228,0
350231,0
350233,0
350237,0
350254,0
350259,0
350262,0
350265,0
350266,0
350267,0
350270,0
350272,0
350279,0
350281,0
350286,0
350289,0
350290,0
350297,0
350303,0
350310,0
350314,0
350316,0
350317,0
350319,0
350322,1
350326,0
350328,0
350332,1
350340,0
350343,0
350346,1
350354,0
350358,0
350361,0
350369,0
350371,0
350374,0
350377,0
350379,0
350388,0
350399,0
350415,0
350421,0
350433,0
350435,0
350438,0
350447,0
350451,0
350465,0
350466,0
350471,0
350487,0
350489,0
350491,0
350496,0
350497,0
350500,0
350509,0
350514,0
350516,0
350520,0
350525,0
350527,0
350528,0
350530,0
350536,0
350549,0
350560,0
350568,0
350574,0
350575,0
350577,0
350587,0
350593,0
350598,0
350602,0
350607,0
350609,0
350613,0
350615,0
350619,0
350627,0
350639,0
350640,0
350647,0
350653,0
350655,0
350668,0
350669,0
350674,0
350675,0
350679,1
350682,0
350700,0
350702,0
350711,0
350718,0
350722,0
350723,0
350731,0
350737,0
350741,0
350742,0
350749,0
350750,0
350751,0
350753,0
350763,0
350764,0
350767,0
350775,0
350782,0
350790,0
350795,0
350798,0
350804,1
350806,0
350807,0
350809,0
350814,0
350823,0
350833,0
350834,0
350839,0
350847,0
350848,0
350853,0
350865,0
350868,0
350871,0
350878,0
350879,0
350880,0
350881,0
350882,0
350884,0
350891,0
350906,0
350907,0
350910,0
350928,0
350930,0
350931,0
350934,0
350937,0
350943,0
350948,0
350950,0
350951,0
350953,0
350959,0
350971,0
350983,0
350987,0
350990,0
350993,0
351000,0
351001,0
351008,0
351038,0
351047,0
351050,0
351053,0
351057,0
351060,0
351066,0
351077,0
351079,0
351084,0
351087,0
351089,0
351091,0
351100,0
351101,0
351110,0
351115,0
351126,0
351127,0
351130,0
351135,0
351136,0
351137,0
351138,0
351140,0
351141,1
351157,0
351159,0
351163,0
351198,0
351201,0
351202,0
351211,0
351220,0
351223,0
351228,0
351232,0
351235,0
351241,0
351242,0
351243,0
351247,0
351254,0
351264,0
351267,0
351274,0
351284,0
351290,0
351291,0
351292,0
351298,0
351306,0
351310,0
351315,0
351318,0
351321,0
351325,0
351332,0
351340,0
351345,0
351346,0
351348,0
351350,0
351354,0
351355,0
351356,0
351359,0
351360,0
351361,0
351371,0
351375,0
351377,0
351382,0
351383,0
351387,0
351388,0
351390,0
351402,0
351409,0
351410,0
351416,0
351421,0
351430,0
351431,0
351435,0
351437,0
351445,0
351448,0
351449,1
351451,0
351464,0
351466,0
351471,0
351473,0
351474,0
351475,0
351477,0
351478,0
351491,0
351495,0
351503,0
351508,0
351512,0
351517,0
351537,0
351538,0
351542,1
351544,0
351554,0
351556,0
351557,0
351559,0
351561,0
351565,0
351569,0
351573,0
351574,0
351576,0
351582,0
351586,0
351593,0
351602,1
351619,0
351621,0
351623,0
351624,0
351626,0
351629,0
351632,0
351634,0
351635,0
351644,0
351646,0
351649,0
351651,0
351659,0
351662,0
351669,0
351673,0
351680,0
351692,0
351696,0
351709,0
351710,1
351711,0
351714,0
351716,0
351724,0
351733,0
351735,0
351742,0
351749,0
351750,0
351752,0
351760,0
351779,0
351780,0
351786,0
351791,0
351792,1
351797,0
351799,0
351811,0
351813,0
351844,0
351850,0
351853,0
351861,0
351862,0
351865,0
351868,0
351872,0
351876,0
351881,0
351886,0
351893,0
351898,0
351899,0
351900,1
351907,0
351915,0
351920,0
351923,1
351935,0
351937,0
351968,0
351971,0
351975,1
351981,0
351987,0
351993,0
352004,0
352009,0
352010,0
352011,0
352019,0
352026,0
352033,0
352037,0
352064,0
352067,0
352068,0
352072,0
352081,0
352090,0
352096,0
352102,0
352104,0
352110,0
352115,0
352117,0
352119,0
352120,0
352122,0
352124,1
352125,0
352145,0
352147,0
352155,0
352156,0
352165,0
352170,0
352171,0
352174,0
352180,0
352187,1
352191,0
352192,0
352200,0
352207,1
352229,0
352230,0
352232,0
352233,0
352239,0
352240,0
352242,0
352247,0
352263,0
352264,0
352266,0
352276,0
352278,0
352283,0
352288,0
352292,0
352299,0
352309,0
352317,0
352320,0
352323,0
352326,0
352327,0
352329,0
352331,0
352339,0
352341,0
352343,0
352346,0
352351,0
352353,0
352355,0
352356,0
352361,0
352365,0
352366,0
352368,0
352383,0
352399,0
352404,0
352406,0
352408,0
352409,0
352415,0
352420,0
352425,0
352451,0
352452,0
352459,0
352463,0
352465,0
352475,1
352479,0
352484,1
352501,0
352503,1
352539,0
352550,0
352554,0
352556,0
352559,0
352560,0
352563,0
352579,0
352588,0
352590,0
352601,0
352603,0
352605,0
352607,0
352610,0
352623,0
352627,0
352629,0
352630,0
352632,0
352634,0
352637,0
352642,0
352646,0
352650,0
352653,0
352657,0
352660,0
352664,0
352667,0
352671,0
352675,0
352677,0
352678,0
352679,0
352681,0
352682,0
352687,0
352695,0
352707,0
352709,1
352710,1
352713,0
352716,0
352719,0
352720,0
352726,0
352736,0
352742,0
352762,0
352773,0
352776,0
352777,0
352780,0
352781,0
352787,0
352794,0
352802,0
352803,0
352805,0
352809,0
352810,0
352813,0
352819,0
352821,0
352823,0
352827,0
352833,0
352834,0
352836,0
352840,0
352841,0
352844,0
352849,0
352851,0
352852,0
352854,0
352857,0
352868,0
352871,0
352876,0
352890,0
352891,0
352895,0
352899,0
352903,0
352905,0
352915,0
352916,0
352925,0
352926,0
352927,0
352934,0
352937,0
352941,0
352945,0
352946,0
352960,0
352970,0
352971,0
352982,0
352994,0
352998,0
353000,0
353006,0
353007,0
353008,0
353014,0
353016,0
353018,0
353021,0
353024,0
353028,0
353029,0
353036,0
353037,0
353038,0
353044,0
353045,0
353048,0
353058,0
353061,0
353072,0
353077,0
353078,0
353079,0
353080,0
353094,0
353099,0
353101,0
353105,0
353107,0
353110,0
353112,0
353114,0
353126,0
353131,0
353133,0
353134,0
353140,0
353145,0
353147,0
353149,0
353153,0
353156,0
353161,0
353165,0
353168,0
353169,0
353172,0
353175,0
353187,0
353188,0
353189,0
353193,1
353195,0
353196,0
353199,0
353204,0
353205,0
353208,0
353211,0
353212,0
353215,0
353216,0
353232,0
353233,0
353236,0
353238,0
353248,0
353260,0
353266,0
353268,0
353276,0
353290,0
353291,0
353294,0
353295,0
353296,0
353304,0
353305,0
353309,0
353314,0
353324,0
353330,0
353331,0
353339,0
353352,0
353361,0
353363,0
353368,0
353369,0
353370,0
353375,0
353377,0
353385,0
353388,0
353390,0
353393,0
353398,0
353399,0
353403,0
353408,0
353411,0
353412,0
353419,0
353427,0
353431,0
353437,0
353440,1
353442,1
353446,0
353449,0
353460,0
353462,0
353464,0
353471,0
353474,0
353480,0
353488,0
353498,0
353500,0
353501,0
353508,0
353514,0
353516,0
353521,1
353523,0
353525,0
353528,0
353537,0
353541,1
353552,1
353556,0
353561,0
353579,0
353582,0
353596,0
353597,0
353600,0
353610,0
353611,0
353613,0
353625,0
353629,0
353636,0
353647,0
353652,0
353656,0
353660,0
353663,0
353666,0
353667,0
353671,0
353678,0
353681,0
353682,0
353684,0
353688,0
353690,0
353696,0
353701,0
353728,0
353737,0
353741,0
353746,0
353756,0
353768,1
353769,0
353776,0
353778,0
353784,0
353796,0
353807,0
353815,0
353818,0
353819,0
353827,1
353835,0
353841,0
353852,0
353853,0
353869,0
353870,0
353872,0
353876,0
353881,0
353882,0
353883,0
353885,0
353887,0
353892,0
353896,0
353902,0
353908,0
353914,0
353917,0
353919,0
353920,0
353930,0
353940,0
353943,0
353948,0
353952,0
353960,0
353963,0
353965,0
353983,0
353986,0
353987,0
353989,0
353992,0
354001,0
354002,0
354015,0
354016,0
354019,0
354026,0
354028,0
354055,0
354059,0
354076,0
354077,0
354082,0
354083,0
354086,0
354088,0
354090,0
354095,0
354113,1
354114,0
354124,0
354128,0
354131,0
354132,0
354135,0
354141,0
354153,0
354174,0
354177,0
354181,0
354185,0
354190,0
354197,0
354204,0
354205,0
354207,0
354208,0
354210,0
354217,0
354218,0
354219,0
354220,0
354223,0
354224,0
354229,0
354230,0
354231,0
354232,0
354236,0
354238,0
354248,0
354249,0
354255,0
354259,0
354267,0
354271,0
354272,0
354274,0
354277,0
354281,0
354289,0
354291,0
354297,0
354299,0
354300,0
354302,0
354304,0
354306,0
354311,0
354312,0
354323,0
354332,0
354334,0
354335,0
354338,0
354343,0
354347,0
354348,0
354349,0
354360,0
354367,0
354371,0
354375,0
354387,0
354398,0
354403,0
354408,0
354421,0
354423,0
354425,0
354427,0
354431,0
354438,0
354442,0
354443,0
354450,0
354466,0
354471,0
354478,0
354486,0
354495,0
354497,0
354498,0
354501,0
354509,0
354514,0
354518,0
354525,0
354529,0
354536,0
354541,1
354542,0
354547,0
354555,0
354557,0
354558,0
354559,0
354575,0
354578,0
354588,0
354589,0
354591,0
354599,0
354603,0
354605,0
354611,0
354622,0
354643,0
354646,0
354649,0
354651,0
354652,0
354654,0
354657,0
354658,0
354662,0
354664,0
354675,0
354678,0
354679,0
354680,0
354684,0
354686,0
354694,0
354698,0
354702,0
354704,0
354707,0
354722,0
354738,0
354742,0
354746,0
354753,0
354754,0
354758,0
354763,1
354764,0
354767,0
354774,0
354780,0
354782,0
354786,0
354802,0
354803,0
354805,1
354809,0
354812,0
354820,0
354821,0
354840,0
354842,0
354849,0
354850,0
354856,0
354860,0
354869,0
354875,0
354878,0
354879,0
354881,0
354888,0
354889,0
354899,0
354926,0
354946,0
354951,0
354952,0
354961,0
354968,0
354972,0
354973,0
354975,0
354978,0
354982,0
354986,0
354991,0
354998,0
355001,0
355009,0
355023,0
355025,0
355028,1
355031,0
355035,0
355040,0
355049,0
355055,0
355057,0
355061,0
355062,0
355098,0
355102,0
355110,0
355111,0
355113,0
355117,0
355119,0
355120,0
355122,0
355131,0
355132,0
355133,0
355136,0
355141,0
355142,0
355143,0
355150,0
355153,0
355156,0
355163,0
355165,0
355188,0
355192,0
355210,0
355212,0
355215,1
355224,0
355233,0
355236,0
355244,0
355253,0
355260,0
355264,0
355266,0
355267,0
355270,0
355271,0
355273,0
355279,0
355283,0
355287,0
355300,0
355307,0
355308,0
355313,0
355324,0
355331,0
355338,0
355357,0
355360,0
355367,0
355373,0
355380,0
355383,0
355399,0
355403,0
355408,1
355412,0
355421,0
355423,0
355428,0
355430,0
355431,0
355433,0
355436,0
355442,0
355445,0
355451,0
355458,0
355467,0
355470,0
355473,0
355476,0
355495,0
355496,0
355497,0
355498,0
355499,0
355500,0
355503,0
355504,0
355506,0
355509,0
355521,0
355524,0
355525,0
355532,0
355536,0
355538,0
355540,0
355541,1
355546,0
355554,0
355557,0
355559,0
355561,0
355564,0
355567,0
355568,0
355570,0
355576,0
355577,0
355579,0
355588,1
355602,0
355603,0
355613,0
355615,0
355619,0
355622,0
355623,0
355625,0
355635,0
355640,0
355641,0
355642,0
355649,0
355651,0
355652,0
355660,0
355661,0
355662,0
355664,0
355672,0
355676,0
355679,0
355683,0
355687,0
355688,0
355696,0
355699,1
355700,0
355702,0
355707,0
355708,0
355710,0
355712,0
355716,0
355723,0
355727,0
355728,0
355731,0
355735,0
355737,0
355745,0
355747,0
355757,0
355772,0
355773,0
355779,0
355782,0
355798,0
355806,0
355808,0
355809,0
355816,0
355823,0
355824,0
355826,0
355828,0
355840,0
355846,0
355848,0
355853,0
355868,0
355876,0
355880,0
355882,0
355886,0
355891,0
355892,1
355894,0
355899,0
355907,0
355910,0
355919,0
355925,0
355929,0
355936,0
355939,0
355940,0
355944,0
355957,0
355958,0
355959,0
355966,0
355972,0
355988,0
355991,0
355994,0
355995,0
355997,0
355998,0
356001,0
356002,0
356006,0
356007,0
356017,0
356019,0
356022,0
356025,0
356034,0
356054,0
356055,0
356058,1
356060,0
356062,0
356064,0
356067,0
356069,0
356070,0
356072,0
356074,0
356079,0
356095,0
356101,0
356106,0
356109,0
356110,0
356111,0
356116,0
356136,0
356137,0
356141,0
356149,0
356153,0
356173,0
356178,0
356186,0
356199,0
356200,0
356208,0
356214,0
356221,0
356228,0
356232,0
356237,0
356238,0
356241,0
356242,0
356247,0
356254,0
356259,0
356263,0
356265,0
356266,0
356278,0
356286,0
356289,0
356292,0
356314,0
356318,0
356322,0
356326,0
356327,0
356331,0
356332,0
356335,0
356340,0
356341,0
356343,0
356354,0
356358,0
356366,0
356373,0
356380,0
356383,0
356385,0
356388,0
356394,0
356395,0
356400,0
356401,0
356404,0
356411,0
356419,0
356423,0
356425,0
356433,0
356446,0
356448,0
356461,0
356466,0
356481,0
356492,0
356493,0
356497,0
356500,0
356514,0
356515,0
356518,0
356524,0
356526,0
356532,0
356543,0
356544,0
356555,0
356557,0
356558,0
356564,0
356566,0
356569,0
356572,0
356583,0
356586,0
356589,0
356600,0
356601,0
356603,0
356604,0
356607,0
356608,0
356633,0
356634,0
356635,0
356662,0
356670,0
356672,0
356691,0
356692,0
356697,0
356698,0
356702,0
356703,0
356704,0
356709,0
356714,0
356715,1
356716,0
356717,0
356721,0
356722,0
356726,0
356727,0
356732,0
356739,0
356744,0
356747,0
356748,0
356750,1
356751,0
356768,0
356769,0
356772,0
356775,0
356780,0
356799,0
356807,0
356811,0
356822,0
356825,0
356830,0
356835,0
356839,0
356840,0
356858,0
356860,0
356862,0
356869,0
356872,0
356882,0
356891,0
356892,0
356895,0
356897,0
356905,0
356935,0
356940,0
356942,0
356953,0
356954,0
356959,0
356960,0
356967,0
356986,0
356988,0
356993,0
356996,0
356997,0
356999,0
357002,0
357003,0
357024,0
357027,0
357030,0
357032,0
357034,0
357046,0
357047,0
357048,0
357050,0
357053,0
357054,0
357057,0
357067,0
357077,0
357078,0
357080,0
357083,0
357085,0
357089,0
357090,0
357092,0
357106,0
357118,0
357124,0
357128,0
357134,0
357136,0
357138,0
357140,1
357142,0
357143,0
357145,0
357146,0
357157,0
357159,0
357163,0
357165,0
357169,0
357173,0
357183,0
357192,0
357195,0
357198,0
357201,0
357204,0
357207,0
357208,0
357209,1
357211,0
357214,0
357218,0
357220,0
357222,0
357227,0
357232,0
357234,0
357242,0
357252,0
357256,0
357260,0
357282,0
357292,0
357297,0
357299,0
357301,0
357302,0
357303,0
357304,0
357315,0
357316,0
357323,0
357325,1
357330,0
357333,0
357337,0
357341,0
357342,0
357352,0
357371,0
357373,0
357377,0
357383,0
357386,0
357388,0
357391,0
357394,0
357401,0
357404,0
357408,0
357413,0
357418,0
357421,1
357424,0
357425,0
357427,0
357433,0
357436,0
357446,0
357451,0
357452,0
357453,0
357454,0
357474,1
357485,0
357499,0
357505,0
357516,0
357518,0
357519,0
357536,0
357537,0
357546,0
357550,0
357551,0
357564,1
357565,0
357573,0
357589,0
357604,0
357611,0
357614,0
357617,0
357618,0
357620,0
357626,0
357627,0
357628,0
357629,0
357630,0
357634,0
357636,0
357638,0
357640,0
357644,0
357646,0
357651,0
357653,0
357656,0
357659,0
357661,0
357669,0
357672,0
357679,0
357680,0
357684,0
357685,0
357688,0
357692,0
357695,0
357696,0
357697,0
357705,0
357707,0
357713,0
357714,0
357716,0
357717,0
357721,0
357724,0
357725,0
357726,0
357732,0
357736,0
357738,0
357750,0
357765,0
357769,0
357777,0
357785,0
357788,1
357799,0
357802,0
357815,0
357820,0
357824,0
357833,0
357842,0
357853,0
357855,0
357856,0
357859,0
357860,0
357862,0
357864,0
357871,0
357882,0
357889,0
357894,0
357906,0
357914,0
357916,0
357917,0
357919,0
357927,0
357930,0
357932,0
357935,0
357938,0
357947,0
357971,0
357973,0
357975,0
357980,0
357981,0
357985,0
357988,0
357990,0
357992,0
357993,0
357995,0
358001,0
358005,0
358008,0
358009,0
358012,0
358013,0
358015,0
358031,0
358033,0
358044,0
358046,0
358050,0
358054,0
358055,0
358057,0
358058,0
358069,0
358072,0
358075,0
358076,0
358077,0
358081,0
358087,0
358094,0
358095,0
358096,0
358098,0
358100,0
358101,0
358105,0
358127,0
358129,0
358132,0
358133,0
358139,0
358143,0
358149,0
358150,0
358151,0
358155,0
358156,0
358160,0
358164,0
358170,0
358174,0
358185,0
358187,0
358193,0
358205,0
358209,0
358210,0
358215,0
358218,0
358219,0
358222,0
358227,0
358228,0
358231,0
358232,0
358233,0
358235,0
358252,0
358253,0
358257,0
358262,0
358268,0
358270,0
358273,0
358275,0
358285,0
358286,0
358287,0
358295,0
358308,0
358316,0
358318,0
358323,0
358324,0
358330,0
358332,0
358335,0
358341,0
358342,1
358349,0
358358,0
358359,0
358360,0
358364,0
358371,0
358374,0
358376,0
358379,0
358380,0
358389,0
358395,0
358405,0
358415,0
358417,0
358421,0
358424,0
358428,0
358429,0
358435,0
358440,0
358444,0
358451,0
358457,0
358466,0
358468,0
358469,0
358475,0
358477,0
358478,0
358487,0
358498,0
358501,0
358507,0
358513,0
358514,0
358516,0
358520,0
358521,0
358526,0
358530,1
358532,0
358535,0
358537,0
358544,0
358550,0
358559,0
358567,0
358574,0
358577,0
358578,0
358580,0
358584,0
358598,0
358602,0
358603,0
358605,0
358618,0
358619,0
358622,0
358623,0
358629,0
358631,0
358633,0
358635,0
358642,0
358647,0
358650,0
358652,0
358660,0
358662,0
358665,0
358676,0
358678,0
358682,0
358684,0
358688,0
358692,0
358693,0
358697,0
358700,0
358709,0
358712,0
358713,0
358723,0
358724,0
358727,1
358734,0
358736,0
358738,0
358740,0
358746,0
358751,0
358758,0
358759,0
358760,0
358766,0
358784,0
358785,0
358793,0
358795,0
358797,0
358800,0
358806,0
358809,0
358831,0
358837,0
358839,0
358842,0
358849,0
358860,0
358864,0
358871,0
358874,0
358885,0
358887,0
358894,0
358895,0
358896,0
358900,0
358901,0
358907,0
358908,1
358912,0
358915,0
358916,0
358920,0
358923,0
358930,0
358934,0
358946,1
358952,1
358955,0
358957,0
358958,0
358960,0
358968,0
358979,0
358983,0
358989,0
358990,0
358992,0
359000,0
359005,0
359007,0
359014,0
359015,0
359044,0
359046,0
359049,0
359059,0
359060,0
359063,0
359066,0
359073,0
359087,0
359089,0
359094,0
359106,0
359107,0
359111,0
359117,0
359118,0
359123,0
359128,0
359135,0
359137,0
359138,0
359140,0
359164,0
359168,0
359172,0
359174,0
359177,0
359195,0
359204,0
359208,0
359218,0
359220,0
359223,0
359228,0
359231,0
359233,1
359234,0
359236,0
359237,0
359242,0
359243,0
359244,0
359254,0
359259,0
359263,0
359268,0
359270,0
359276,0
359278,0
359279,0
359282,0
359288,0
359293,0
359312,0
359315,0
359329,0
359331,0
359338,0
359342,0
359344,0
359346,0
359351,0
359361,0
359362,0
359365,0
359370,0
359380,0
359383,0
359385,0
359386,0
359388,0
359394,0
359396,0
359398,0
359406,0
359407,0
359412,0
359424,0
359431,0
359437,0
359438,1
359443,0
359446,0
359454,0
359455,0
359474,1
359483,0
359488,0
359498,0
359509,0
359520,0
359521,0
359528,0
359534,1
359550,0
359551,0
359552,0
359553,1
359575,0
359579,0
359581,0
359598,0
359600,0
359607,0
359608,0
359609,0
359611,0
359621,0
359644,0
359645,0
359650,0
359653,0
359662,0
359674,0
359678,0
359686,0
359695,0
359696,0
359700,0
359701,0
359706,0
359707,0
359708,0
359710,0
359717,0
359721,0
359724,0
359728,0
359740,0
359743,1
359757,0
359758,0
359760,0
359762,0
359772,0
359773,0
359774,0
359775,0
359776,0
359778,0
359785,0
359806,0
359819,0
359821,0
359827,0
359828,0
359830,0
359835,0
359839,0
359844,0
359846,0
359852,0
359859,0
359861,0
359867,0
359869,0
359871,0
359875,0
359876,0
359887,0
359899,0
359902,0
359904,0
359909,0
359913,0
359916,0
359931,0
359955,0
359959,0
359965,0
359970,0
359975,0
359977,0
359979,0
359980,0
359983,0
359986,0
359987,0
359988,0
360000,0
360001,0
360007,1
360008,0
360010,0
360019,0
360020,0
360025,0
360029,0
360031,0
360040,0
360041,0
360042,0
360047,0
360055,0
360056,0
360063,0
360065,0
360069,0
360072,0
360074,0
360080,0
360081,0
360086,0
360087,0
360090,0
360091,0
360103,0
360105,0
360113,0
360115,0
360119,0
360130,0
360136,0
360140,0
360145,0
360148,0
360149,0
360156,0
360165,0
360170,0
360171,0
360175,0
360179,0
360180,0
360183,0
360184,0
360189,0
360200,0
360207,0
360220,0
360223,0
360235,0
360241,0
360247,0
360248,0
360251,0
360252,0
360254,0
360255,0
360258,0
360259,0
360262,0
360263,0
360269,0
360278,0
360282,0
360302,0
360310,0
360314,0
360316,0
360319,0
360324,0
360332,0
360333,1
360347,0
360352,0
360361,0
360367,0
360368,0
360373,0
360387,0
360388,0
360390,0
360398,0
360409,0
360410,0
360415,0
360423,0
360428,0
360432,0
360443,0
360445,0
360448,0
360450,0
360454,0
360464,0
360470,0
360478,0
360483,0
360484,0
360489,0
360495,0
360507,0
360508,0
360509,0
360513,0
360515,0
360535,0
360540,0
360541,0
360543,0
360556,0
360564,0
360566,0
360573,0
360579,0
360589,0
360596,0
360603,0
360612,0
360613,0
360615,1
360627,0
360632,0
360634,0
360637,0
360647,0
360649,0
360653,0
360654,0
360664,0
360666,0
360669,0
360673,0
360676,0
360679,0
360685,0
360686,0
360688,0
360690,0
360693,1
360694,0
360698,0
360701,0
360702,0
360703,0
360705,0
360708,1
360711,0
360714,0
360721,0
360726,0
360729,0
360736,0
360741,0
360745,0
360749,0
360751,0
360756,0
360759,0
360760,0
360767,0
360770,0
360782,1
360787,0
360796,0
360802,0
360803,0
360807,0
360811,0
360814,0
360815,0
360816,0
360821,0
360822,0
360830,0
360836,0
360838,0
360845,0
360855,0
360858,0
360859,0
360861,0
360865,0
360866,0
360871,0
360873,0
360874,0
360875,0
360882,0
360883,0
360889,0
360895,0
360902,0
360915,0
360916,0
360926,0
360931,0
360932,0
360933,0
360937,0
360940,0
360943,0
360959,0
360965,0
360968,0
360974,0
360979,0
360983,0
360987,0
360988,0
360990,0
360995,0
360996,0
361004,0
361009,0
361016,0
361019,0
361021,0
361025,0
361026,0
361028,0
361030,1
361040,0
361048,0
361059,0
361070,0
361075,0
361079,0
361080,0
361082,0
361083,0
361094,0
361101,0
361105,0
361110,0
361112,0
361126,1
361130,0
361138,0
361151,0
361156,0
361159,0
361164,1
361181,0
361187,0
361189,0
361192,0
361201,0
361207,0
361212,0
361215,0
361218,0
361219,0
361221,0
361223,0
361228,0
361237,0
361242,0
361252,0
361255,1
361273,0
361277,0
361282,0
361283,0
361287,0
361296,0
361305,0
361310,0
361313,1
361326,0
361337,0
361343,0
361348,0
361354,0
361355,0
361356,0
361358,0
361362,0
361363,0
361368,0
361369,0
361370,1
361371,0
361386,0
361390,0
361396,0
361397,0
361405,0
361408,0
361411,0
361415,0
361417,0
361423,0
361426,0
361433,0
361434,0
361435,0
361445,0
361447,0
361450,0
361451,0
361453,0
361460,0
361474,0
361481,0
361488,0
361490,0
361496,1
361504,0
361505,0
361510,0
361519,0
361525,0
361530,0
361534,0
361545,0
361549,1
361557,0
361565,0
361569,0
361571,0
361572,0
361587,0
361589,0
361591,0
361594,0
361601,0
361605,0
361608,0
361609,0
361612,0
361629,0
361640,0
361645,0
361647,0
361650,0
361651,0
361654,0
361663,0
361668,0
361673,0
361676,0
361692,0
361693,0
361714,0
361721,0
361723,0
361725,0
361733,0
361739,0
361741,0
361744,0
361762,0
361764,0
361772,0
361776,0
361777,0
361783,0
361784,0
361785,0
361797,0
361809,0
361810,0
361816,0
361818,0
361819,0
361820,0
361827,0
361843,0
361846,1
361849,0
361855,0
361865,0
361868,0
361870,0
361879,0
361883,0
361884,1
361886,0
361888,0
361891,0
361913,0
361916,0
361917,0
361921,0
361922,0
361929,0
361931,0
361932,0
361940,0
361948,0
361950,0
361952,0
361956,0
361960,0
361961,0
361967,0
361969,0
361972,0
361973,0
361987,0
361989,1
361992,0
361995,0
361996,0
361997,0
362009,0
362018,0
362020,0
362028,0
362030,0
362035,0
362040,0
362050,0
362060,0
362063,0
362064,0
362072,0
362075,0
362078,1
362082,0
362083,0
362089,0
362091,0
362102,0
362108,0
362117,0
362121,0
362129,0
362134,0
362135,0
362139,0
362144,0
362148,0
362173,0
362175,0
362178,0
362182,0
362190,0
362195,0
362196,0
362202,1
362211,0
362215,0
362216,0
362222,0
362225,0
362228,0
362229,0
362234,0
362239,0
362249,0
362256,0
362274,0
362280,0
362287,0
362298,0
362324,0
362327,0
362330,0
362331,0
362332,0
362333,0
362334,0
362336,0
362341,0
362347,0
362348,0
362350,0
362355,0
362356,0
362359,0
362361,0
362362,0
362363,0
362370,0
362376,0
362386,0
362388,0
362389,0
362399,0
362407,0
362411,0
362414,0
362416,0
362417,0
362429,0
362439,0
362444,0
362447,0
362452,0
362453,0
362456,0
362457,0
362463,0
362464,0
362472,0
362474,0
362477,1
362478,0
362482,0
362493,0
362510,0
362514,0
362519,0
362520,0
362521,0
362524,0
362527,0
362528,0
362529,0
362533,0
362535,0
362543,0
362549,0
362554,0
362555,0
362557,0
362564,0
362570,0
362573,0
362575,0
362577,0
362581,0
362582,1
362596,0
362601,0
362603,0
362604,0
362608,0
362613,0
362617,0
362620,0
362631,0
362637,0
362638,0
362640,0
362642,0
362647,0
362648,0
362652,0
362657,0
362658,0
362660,1
362671,0
362672,0
362673,0
362674,0
362676,0
362678,0
362679,0
362684,0
362686,0
362687,0
362690,0
362696,0
362699,1
362704,0
362706,0
362707,0
362713,0
362714,0
362715,0
362720,0
362721,0
362722,0
362726,0
362733,0
362742,0
362743,0
362752,0
362755,0
362756,0
362767,0
362769,0
362778,0
362779,0
362780,0
362782,0
362786,0
362792,0
362795,0
362797,0
362802,0
362803,0
362805,0
362807,0
362809,0
362810,0
362812,0
362813,0
362820,0
362823,0
362825,0
362829,0
362833,0
362852,0
362857,0
362861,0
362868,0
362870,0
362879,0
362883,0
362884,1
362885,0
362886,0
362894,0
362900,0
362903,0
362905,0
362906,0
362912,0
362913,0
362914,1
362915,0
362928,0
362936,0
362940,0
362950,0
362961,0
362962,0
362969,0
362976,0
362979,0
362988,0
362990,0
362991,0
362994,0
362995,0
362997,0
363001,0
363011,0
363022,0
363025,0
363029,0
363033,0
363035,0
363040,0
363046,1
363049,0
363054,0
363055,0
363057,0
363059,0
363063,0
363069,0
363077,0
363086,1
363087,0
363090,0
363093,0
363097,0
363100,0
363103,0
363106,0
363108,0
363110,0
363118,0
363120,0
363121,0
363122,0
363129,1
363136,0
363137,0
363153,0
363156,0
363160,0
363164,0
363167,0
363170,0
363173,0
363176,0
363186,0
363188,0
363194,0
363198,0
363202,0
363204,0
363207,0
363210,0
363217,0
363226,0
363239,0
363244,0
363246,0
363248,0
363252,0
363260,1
363261,0
363264,0
363267,0
363271,0
363276,0
363288,0
363289,0
363291,0
363294,0
363297,0
363303,0
363307,0
363315,0
363316,0
363327,0
363330,0
363332,0
363339,0
363344,0
363345,0
363348,0
363351,0
363355,0
363363,0
363367,0
363373,0
363376,0
363381,1
363388,0
363389,0
363400,0
363401,0
363405,0
363413,0
363416,0
363426,0
363427,0
363429,0
363430,0
363431,0
363435,0
363438,0
363440,0
363444,0
363448,0
363463,0
363473,0
363475,0
363477,0
363478,0
363485,0
363497,0
363501,0
363504,0
363513,0
363520,0
363521,0
363528,0
363531,0
363532,0
363537,1
363542,0
363544,0
363550,1
363553,0
363557,0
363558,0
363567,0
363579,0
363583,0
363588,0
363589,0
363595,0
363598,0
363601,0
363610,0
363611,0
363616,0
363617,0
363618,0
363621,0
363632,1
363634,0
363638,0
363639,1
363657,0
363664,0
363668,0
363678,0
363684,0
363685,0
363686,0
363692,0
363698,0
363701,0
363716,0
363724,0
363725,0
363740,0
363743,0
363747,0
363748,0
363762,0
363769,0
363780,0
363782,0
363785,0
363787,0
363789,0
363792,0
363793,0
363796,0
363798,0
363801,0
363805,0
363806,0
363815,0
363817,0
363822,0
363827,0
363830,0
363832,0
363837,0
363843,0
363847,0
363848,0
363853,0
363856,0
363869,0
363871,0
363876,0
363882,0
363893,0
363895,0
363896,0
363897,0
363904,0
363909,0
363914,0
363920,0
363927,0
363931,0
363937,0
363953,0
363955,0
363961,0
363965,0
363966,0
363967,0
363970,0
363973,0
363977,0
363980,0
363983,1
363984,0
363985,0
363989,0
363991,0
363992,0
363995,0
363996,0
364000,0
364007,0
364009,0
364011,0
364018,0
364021,0
364028,0
364033,0
364035,0
364038,0
364059,0
364062,0
364072,0
364075,0
364076,0
364078,0
364088,0
364095,0
364096,0
364099,0
364108,0
364111,1
364113,0
364119,0
364121,0
364123,0
364145,0
364148,0
364149,0
364154,0
364157,0
364158,1
364162,0
364166,0
364174,0
364177,0
364178,0
364181,0
364191,0
364193,0
364194,0
364200,0
364205,0
364210,0
364211,0
364212,0
364214,0
364215,0
364219,0
364225,0
364228,0
364232,0
364236,0
364239,0
364244,0
364245,0
364249,0
364254,0
364256,0
364261,0
364263,0
364269,0
364280,0
364282,0
364287,0
364292,0
364297,0
364298,0
364299,1
364302,0
364303,0
364315,0
364322,0
364326,0
364343,0
364348,0
364354,0
364360,0
364367,0
364377,0
364380,0
364384,0
364386,0
364392,0
364394,0
364397,0
364404,0
364409,0
364420,0
364430,0
364431,0
364437,0
364443,0
364446,0
364448,0
364449,0
364450,0
364459,0
364461,0
364467,0
364469,0
364470,0
364471,0
364479,0
364488,0
364491,0
364502,0
364508,0
364512,0
364521,0
364531,0
364535,0
364541,0
364544,0
364556,0
364558,0
364571,0
364573,0
364577,0
364579,0
364584,0
364587,0
364606,0
364607,0
364612,0
364613,0
364615,0
364620,0
364630,0
364632,0
364634,0
364635,0
364651,0
364655,0
364656,0
364661,0
364665,0
364676,0
364679,0
364686,0
364693,0
364695,0
364701,0
364703,0
364704,0
364706,0
364718,0
364719,0
364734,0
364735,0
364740,1
364746,0
364752,0
364757,0
364760,0
364761,0
364769,0
364771,0
364775,0
364778,0
364781,0
364782,0
364799,0
364800,0
364811,0
364829,0
364831,0
364836,0
364840,0
364848,0
364860,0
364880,0
364885,0
364890,0
364901,0
364907,0
364911,0
364918,0
364920,0
364927,0
364928,0
364936,0
364943,0
364947,0
364959,0
364960,0
364970,0
364971,0
364978,0
364983,0
364993,0
364994,0
364995,0
364998,0
365000,0
365005,0
365012,0
365024,0
365033,0
365039,0
365046,0
365058,0
365061,0
365063,0
365064,0
365082,0
365090,0
365095,0
365097,0
365098,0
365101,0
365102,0
365106,0
365109,0
365111,1
365126,0
365132,0
365133,0
365137,0
365138,0
365144,0
365148,0
365152,0
365157,0
365158,0
365161,0
365165,0
365167,0
365171,0
365172,0
365180,0
365182,0
365187,0
365190,0
365191,0
365198,0
365207,0
365214,0
365217,1
365218,0
365220,0
365232,0
365242,0
365253,0
365255,0
365258,0
365262,0
365263,0
365269,0
365278,0
365288,0
365293,0
365294,0
365302,0
365305,0
365310,0
365311,0
365316,0
365319,0
365321,0
365326,0
365330,0
365331,0
365332,0
365334,0
365340,0
365344,0
365346,0
365357,0
365358,0
365360,0
365363,0
365364,0
365367,0
365368,0
365370,0
365386,0
365392,0
365394,0
365397,0
365400,0
365410,0
365411,0
365427,0
365428,0
365430,0
365431,0
365435,0
365436,0
365437,0
365442,0
365446,0
365448,0
365452,0
365460,0
365464,0
365490,0
365492,0
365493,0
365497,0
365499,0
365503,0
365519,0
365521,0
365524,0
365531,0
365535,0
365536,0
365537,0
365540,0
365541,0
365543,0
365562,0
365567,0
365577,0
365585,0
365586,0
365609,0
365610,0
365624,0
365631,0
365652,0
365656,0
365659,0
365667,0
365669,0
365670,0
365672,0
365673,0
365677,0
365679,0
365693,0
365703,0
365706,0
365709,0
365714,0
365715,0
365727,0
365747,0
365758,0
365766,0
365773,0
365782,0
365783,0
365786,0
365797,1
365798,0
365802,0
365803,0
365804,0
365823,0
365824,0
365826,1
365828,0
365845,0
365848,0
365851,0
365854,0
365859,0
365861,0
365870,0
365874,0
365877,0
365882,0
365890,0
365892,0
365894,0
365897,0
365901,0
365902,0
365913,0
365914,0
365923,0
365925,0
365933,0
365935,0
365937,0
365941,0
365949,0
365950,0
365955,0
365956,0
365957,0
365963,0
365965,0
365966,0
365970,0
365985,0
365988,0
365991,0
366013,0
366019,0
366034,0
366035,0
366039,0
366040,0
366041,0
366048,0
366051,0
366054,0
366064,0
366070,0
366073,0
366074,0
366089,0
366099,0
366100,0
366102,0
366105,0
366107,0
366111,0
366115,0
366120,1
366122,0
366127,0
366129,0
366134,0
366139,1
366152,0
366156,0
366158,0
366160,0
366161,0
366164,0
366166,0
366169,0
366171,0
366176,0
366182,1
366192,0
366193,0
366194,0
366195,0
366196,0
366197,0
366205,0
366210,0
366219,0
366223,0
366226,0
366230,0
366231,0
366233,0
366234,1
366240,0
366241,0
366243,0
366249,0
366250,0
366251,0
366263,0
366265,0
366266,0
366267,0
366284,0
366291,0
366295,0
366305,0
366307,1
366318,0
366327,1
366336,0
366339,0
366344,0
366360,0
366367,0
366370,0
366383,0
366388,0
366390,0
366394,0
366398,0
366402,0
366405,0
366416,0
366422,1
366433,0
366436,0
366437,0
366444,0
366446,0
366447,0
366448,0
366457,0
366459,0
366461,0
366465,0
366466,0
366472,0
366492,0
366498,0
366515,0
366517,0
366519,0
366526,0
366534,0
366539,0
366543,0
366547,0
366557,0
366560,0
366561,0
366565,0
366574,0
366579,0
366585,0
366586,0
366592,0
366594,0
366598,0
366602,0
366606,0
366610,0
366612,0
366613,0
366615,0
366617,0
366618,0
366619,0
366622,0
366626,0
366633,0
366635,0
366639,0
366642,0
366644,0
366654,0
366681,0
366682,0
366684,0
366689,0
366703,0
366704,0
366706,0
366707,0
366711,0
366722,0
366730,0
366736,0
366750,0
366753,0
366754,0
366758,0
366769,0
366770,0
366771,0
366772,0
366780,0
366785,0
366799,0
366800,0
366816,0
366826,0
366831,0
366842,0
366847,1
366849,0
366854,0
366856,0
366865,0
366868,0
366871,0
366876,0
366880,1
366885,0
366887,0
366899,0
366901,0
366902,0
366907,0
366913,0
366917,0
366933,1
366938,0
366944,0
366954,0
366956,0
366970,0
366974,0
366978,0
366981,0
366988,0
366995,0
367000,0
367008,0
367020,0
367026,1
367034,0
367046,1
367054,0
367062,0
367079,0
367080,0
367092,0
367103,0
367106,0
367112,0
367117,1
367119,0
367126,0
367127,0
367137,0
367139,0
367146,0
367150,0
367151,0
367157,0
367160,0
367162,0
367163,0
367168,0
367170,0
367171,0
367189,0
367195,0
367201,0
367206,0
367209,0
367210,0
367216,0
367218,0
367221,0
367223,0
367226,0
367227,0
367239,0
367243,0
367250,0
367255,0
367257,0
367263,0
367270,0
367274,0
367275,0
367277,0
367290,0
367306,0
367310,0
367314,0
367317,0
367320,0
367321,0
367322,0
367323,0
367343,0
367346,0
367347,0
367348,0
367351,0
367365,0
367373,0
367376,0
367378,0
367379,0
367382,0
367383,0
367392,0
367394,0
367395,0
367399,0
367413,0
367422,0
367423,0
367425,0
367427,0
367432,0
367434,0
367438,0
367444,0
367456,0
367459,0
367460,0
367480,0
367484,0
367494,0
367504,0
367506,0
367507,0
367519,0
367520,1
367522,0
367525,1
367527,0
367528,0
367547,0
367550,0
367555,0
367566,0
367576,0
367579,0
367583,0
367591,0
367595,0
367627,0
367635,0
367641,0
367644,0
367645,0
367651,0
367654,0
367655,0
367657,0
367658,1
367660,0
367664,0
367667,0
367671,1
367673,0
367674,0
367677,0
367679,0
367686,0
367694,0
367706,0
367708,0
367713,0
367714,0
367715,0
367721,0
367736,0
367748,0
367761,0
367775,0
367791,0
367792,0
367798,0
367809,0
367813,0
367821,0
367830,0
367852,0
367857,0
367867,0
367877,0
367878,0
367880,0
367881,1
367895,0
367896,0
367899,0
367900,0
367903,0
367904,0
367910,0
367914,0
367917,0
367922,0
367936,0
367939,0
367943,0
367949,0
367955,0
367957,0
367961,0
367963,0
367965,0
367975,0
367977,0
367988,0
367990,0
367992,0
367994,0
368015,0
368022,0
368034,0
368047,0
368048,0
368052,0
368054,0
368059,0
368062,0
368063,0
368071,0
368074,0
368078,0
368081,0
368091,0
368099,1
368101,0
368119,0
368122,0
368127,0
368135,0
368140,0
368142,0
368143,0
368155,0
368156,0
368170,1
368176,0
368179,0
368181,0
368186,0
368202,0
368204,0
368212,0
368249,0
368255,0
368261,0
368265,0
368271,0
368279,0
368281,0
368283,0
368284,0
368285,0
368287,0
368289,0
368293,0
368297,0
368303,0
368305,0
368306,0
368310,0
368312,0
368315,0
368316,0
368322,0
368329,0
368332,0
368334,0
368342,0
368343,0
368352,0
368355,0
368357,0
368358,0
368361,0
368362,0
368368,0
368371,0
368372,0
368376,0
368377,0
368387,0
368392,0
368400,0
368402,0
368408,0
368409,0
368413,0
368417,0
368418,0
368438,0
368440,0
368441,0
368444,0
368449,0
368454,0
368458,0
368464,0
368474,0
368488,0
368491,0
368496,0
368510,0
368511,0
368513,0
368516,0
368517,0
368518,0
368525,0
368535,0
368538,0
368543,0
368545,0
368546,0
368551,0
368552,0
368558,0
368568,0
368571,0
368575,0
368576,0
368579,0
368584,0
368587,0
368589,0
368596,0
368610,0
368613,0
368617,1
368618,0
368621,0
368628,0
368631,0
368633,0
368635,0
368641,0
368646,0
368660,0
368665,0
368670,0
368675,0
368676,0
368684,0
368686,0
368690,0
368692,0
368694,0
368697,0
368705,0
368706,0
368721,0
368726,0
368736,0
368742,0
368744,0
368751,0
368755,0
368756,0
368757,0
368759,0
368762,1
368767,0
368771,0
368774,0
368775,0
368778,0
368781,0
368785,0
368787,0
368789,0
368794,0
368795,0
368801,0
368802,0
368808,0
368813,0
368814,0
368815,0
368817,0
368819,0
368821,0
368822,0
368824,0
368835,0
368844,0
368859,0
368862,0
368865,0
368873,0
368882,0
368883,0
368884,0
368892,0
368893,0
368896,0
368899,1
368906,0
368920,0
368921,0
368926,0
368927,0
368928,0
368933,0
368935,0
368945,0
368953,0
368956,0
368958,0
368965,0
368966,0
368974,0
368975,0
368976,0
368980,0
368985,0
368986,0
368997,0
368998,0
369018,0
369019,0
369023,0
369024,0
369027,0
369032,0
369035,0
369041,0
369047,0
369048,0
369055,0
369057,0
369064,0
369072,0
369082,0
369090,0
369100,0
369105,0
369109,0
369110,0
369114,0
369115,0
369117,0
369118,0
369124,0
369127,0
369131,0
369140,0
369141,0
369144,0
369150,0
369166,0
369176,0
369181,0
369185,0
369186,1
369197,0
369198,0
369212,0
369225,0
369232,0
369237,0
369241,0
369242,0
369244,0
369247,0
369248,0
369254,0
369268,0
369276,0
369279,0
369280,0
369283,0
369287,0
369288,0
369292,0
369295,0
369307,0
369310,0
369324,1
369325,0
369329,0
369330,0
369334,0
369336,0
369347,0
369348,1
369354,0
369358,0
369359,0
369360,0
369365,0
369369,0
369370,0
369371,0
369373,0
369378,0
369379,0
369381,0
369388,0
369394,0
369400,1
369416,0
369420,0
369423,0
369426,0
369434,0
369435,0
369436,0
369439,0
369441,0
369453,0
369464,0
369469,0
369474,0
369475,0
369484,0
369485,0
369496,0
369500,0
369511,0
369516,0
369517,0
369518,0
369520,0
369527,0
369528,0
369531,0
369538,0
369542,0
369545,0
369570,0
369572,0
369584,0
369585,0
369586,0
369587,0
369588,0
369589,0
369596,0
369602,0
369604,0
369605,0
369609,0
369613,0
369618,0
369632,0
369635,0
369638,0
369641,0
369644,0
369657,0
369662,0
369669,0
369670,0
369674,0
369677,0
369678,1
369681,0
369683,0
369691,0
369692,0
369696,0
369698,1
369699,0
369700,0
369716,0
369725,0
369740,0
369741,0
369747,0
369750,0
369757,0
369759,0
369765,0
369767,0
369773,0
369780,0
369782,0
369787,0
369805,0
369807,0
369813,0
369822,0
369824,0
369826,0
369832,0
369842,0
369844,0
369847,0
369851,0
369853,0
369855,0
369857,0
369861,0
369862,1
369869,0
369879,0
369883,0
369886,0
369887,0
369889,0
369891,0
369897,0
369898,0
369904,0
369905,0
369910,0
369915,0
369918,0
369920,0
369923,0
369926,0
369944,0
369969,0
369974,0
369979,0
369981,0
369983,0
369995,0
370001,0
370002,0
370010,0
370015,0
370022,0
370026,0
370029,0
370035,0
370040,0
370043,0
370056,0
370059,0
370065,0
370070,0
370079,0
370081,0
370085,0
370089,0
370094,0
370099,0
370100,0
370101,0
370102,0
370105,0
370107,0
370123,0
370128,0
370134,0
370141,0
370143,0
370153,0
370156,0
370158,0
370162,0
370165,0
370173,0
370182,0
370185,0
370186,0
370192,0
370197,0
370200,0
370209,0
370211,0
370222,0
370235,0
370237,0
370239,0
370250,0
370251,0
370275,0
370284,0
370287,0
370291,0
370305,0
370315,0
370320,0
370322,0
370335,0
370343,0
370349,0
370355,0
370356,0
370357,0
370362,0
370369,0
370370,0
370371,1
370372,0
370389,0
370394,0
370398,0
370406,0
370414,0
370418,0
370419,0
370423,0
370427,0
370432,0
370433,0
370435,1
370445,0
370452,0
370453,0
370455,0
370462,0
370464,0
370465,0
370467,0
370468,0
370469,0
370473,0
370475,0
370483,0
370491,0
370495,0
370504,0
370513,0
370519,0
370521,0
370523,0
370529,0
370530,0
370549,0
370557,0
370559,0
370570,0
370591,0
370597,0
370599,0
370600,0
370610,0
370611,0
370615,0
370622,0
370629,0
370630,0
370632,0
370635,0
370644,0
370656,0
370658,0
370661,0
370669,1
370693,0
370698,0
370706,0
370707,0
370715,0
370724,0
370725,0
370731,0
370742,0
370743,0
370747,0
370748,0
370749,0
370752,0
370758,0
370761,0
370775,0
370776,0
370784,0
370787,1
370788,0
370789,0
370808,0
370810,0
370812,0
370817,0
370826,0
370829,0
370836,0
370837,0
370839,0
370841,0
370844,0
370851,0
370859,0
370864,0
370866,0
370874,0
370877,0
370882,0
370885,0
370893,0
370902,0
370903,0
370905,0
370930,0
370931,0
370932,0
370935,0
370937,0
370939,0
370943,0
370946,0
370948,0
370953,0
370954,0
370957,1
370967,0
370972,0
370973,0
370974,0
370984,0
370988,0
370994,0
370995,0
371000,0
371002,0
371018,0
371020,0
371027,0
371033,0
371041,0
371050,0
371053,0
371057,0
371065,0
371066,0
371068,0
371070,0
371077,0
371079,0
371080,0
371082,0
371084,0
371085,0
371088,0
371090,0
371091,0
371094,0
371101,0
371108,0
371110,0
371113,0
371114,0
371115,0
371117,0
371130,0
371145,0
371151,0
371160,0
371163,0
371168,0
371179,0
371181,1
371182,0
371184,0
371189,0
371190,0
371191,0
371195,0
371196,0
371200,0
371205,0
371206,0
371208,0
371214,0
371225,0
371226,0
371231,1
371238,0
371239,0
371241,0
371249,0
371251,0
371266,0
371272,0
371273,0
371276,0
371278,0
371288,0
371289,0
371293,0
371299,0
371301,0
371306,0
371308,0
371315,0
371317,0
371318,0
371319,0
371323,0
371325,0
371327,0
371333,0
371335,0
371344,0
371359,0
371369,0
371374,0
371376,0
371378,0
371381,0
371386,0
371396,0
371399,1
371401,0
371405,0
371407,0
371430,0
371434,0
371437,0
371442,0
371447,0
371449,0
371450,0
371457,0
371458,0
371464,0
371465,0
371474,0
371479,0
371484,0
371487,0
371491,0
371506,0
371507,0
371508,0
371520,0
371527,0
371532,0
371537,0
371542,0
371547,0
371548,0
371556,0
371559,0
371568,0
371569,0
371570,0
371571,0
371574,0
371586,0
371590,0
371592,0
371595,0
371597,0
371616,0
371620,0
371621,0
371627,0
371632,0
371633,0
371637,0
371645,0
371646,0
371653,0
371660,0
371661,0
371665,0
371668,0
371669,0
371670,0
371673,0
371678,0
371680,0
371682,0
371688,0
371699,0
371703,0
371704,0
371708,0
371709,0
371714,0
371716,0
371723,1
371725,0
371729,0
371735,0
371743,0
371745,0
371751,0
371756,0
371758,0
371759,1
371764,0
371768,0
371771,0
371788,0
371789,0
371790,0
371799,0
371800,0
371808,0
371809,0
371811,0
371826,0
371827,0
371828,0
371836,0
371864,0
371869,0
371880,0
371884,0
371892,0
371899,0
371903,0
371908,0
371913,0
371917,0
371919,0
371927,0
371931,0
371934,0
371943,0
371947,0
371948,0
371949,0
371958,0
371959,0
371961,0
371962,0
371969,0
371972,0
371973,0
371975,0
371998,0
372000,0
372010,0
372014,0
372022,0
372036,0
372039,0
372045,0
372049,0
372058,0
372060,1
372068,0
372070,0
372076,0
372079,0
372081,0
372085,0
372086,0
372094,0
372099,0
372104,0
372108,0
372110,0
372120,0
372143,0
372147,0
372150,0
372152,0
372154,0
372155,0
372160,0
372162,0
372165,1
372172,0
372177,0
372179,0
372181,0
372185,0
372186,1
372192,0
372193,0
372196,0
372197,0
372203,0
372224,0
372225,0
372227,0
372228,0
372230,0
372232,0
372235,0
372236,0
372239,0
372242,0
372246,0
372251,0
372252,0
372267,0
372272,0
372275,0
372276,0
372280,0
372283,0
372290,0
372291,0
372304,0
372307,0
372310,0
372311,0
372322,0
372335,0
372338,0
372342,0
372346,0
372347,0
372356,0
372357,0
372358,0
372373,0
372375,0
372377,0
372378,0
372380,0
372384,0
372393,0
372394,0
372395,0
372405,0
372407,0
372410,0
372415,0
372416,0
372430,0
372431,0
372442,0
372446,0
372450,0
372451,0
372452,0
372462,0
372477,0
372508,0
372510,0
372513,0
372516,1
372517,0
372521,0
372523,0
372525,0
372527,0
372528,0
372529,0
372536,0
372540,0
372543,0
372551,0
372554,0
372572,0
372573,0
372590,0
372595,0
372598,0
372603,0
372604,0
372607,0
372608,0
372609,0
372610,0
372612,0
372616,0
372624,0
372625,0
372628,0
372644,0
372650,0
372652,0
372654,0
372659,0
372667,0
372670,0
372672,0
372682,0
372706,0
372712,1
372716,0
372718,0
372721,0
372735,0
372736,0
372738,0
372743,0
372747,0
372756,0
372763,0
372766,1
372767,0
372772,0
372780,0
372785,0
372790,1
372791,0
372793,0
372805,0
372814,0
372815,1
372828,0
372837,0
372843,0
372846,0
372848,0
372855,0
372856,0
372863,0
372871,0
372875,0
372880,0
372889,0
372893,0
372898,0
372902,0
372903,0
372913,0
372917,0
372918,0
372924,0
372927,0
372929,0
372931,0
372940,0
372944,0
372948,0
372949,0
372960,0
372970,0
372971,0
372976,0
372978,0
372979,0
372991,0
372996,0
373017,0
373018,0
373021,0
373025,1
373034,0
373035,0
373036,0
373047,1
373061,0
373064,0
373066,0
373067,0
373073,0
373074,0
373083,0
373089,0
373090,0
373093,0
373094,0
373104,0
373115,0
373116,0
373124,0
373135,0
373140,0
373156,0
373170,0
373175,0
373184,0
373186,0
373197,0
373207,0
373211,0
373218,0
373220,0
373222,0
373223,1
373224,0
373227,0
373228,0
373240,0
373244,0
373255,0
373259,0
373263,0
373264,0
373268,0
373284,0
373291,0
373297,0
373306,0
373307,0
373312,0
373317,0
373319,0
373328,0
373331,0
373332,0
373338,0
373341,0
373353,0
373356,0
373359,0
373369,0
373400,0
373401,0
373403,0
373417,0
373423,0
373426,0
373430,0
373431,0
373433,0
373435,0
373437,0
373443,0
373446,0
373447,0
373448,0
373451,0
373455,0
373456,0
373463,0
373471,0
373472,0
373486,0
373487,0
373494,0
373496,0
373499,0
373502,0
373503,0
373504,0
373511,0
373513,0
373514,0
373515,0
373517,1
373518,0
373521,0
373523,1
373527,0
373530,0
373531,0
373533,0
373542,0
373543,0
373551,0
373555,0
373572,0
373578,0
373590,0
373591,0
373593,0
373598,0
373601,0
373605,0
373614,0
373618,0
373621,0
373627,0
373631,0
373633,0
373652,0
373653,0
373658,0
373670,0
373676,0
373677,1
373681,0
373709,0
373716,0
373724,0
373728,0
373730,0
373731,0
373732,0
373740,0
373746,0
373747,0
373752,0
373755,0
373757,0
373758,1
373759,0
373761,0
373766,0
373769,0
373779,0
373783,0
373785,0
373787,0
373796,0
373802,0
373805,0
373809,0
373811,0
373817,0
373819,0
373829,0
373833,0
373834,0
373841,1
373845,0
373846,0
373847,0
373848,0
373857,1
373868,0
373870,0
373876,0
373877,0
373881,0
373893,0
373896,0
373905,0
373906,1
373912,0
373930,0
373936,0
373938,0
373939,0
373940,0
373945,0
373946,0
373949,0
373952,0
373953,0
373959,0
373962,0
373972,0
373976,0
373981,0
373994,0
374010,0
374011,0
374019,0
374023,0
374026,0
374031,0
374032,0
374036,0
374038,0
374044,0
374045,0
374046,0
374053,0
374056,0
374058,0
374060,0
374064,0
374074,0
374077,0
374078,0
374079,0
374082,0
374083,0
374084,0
374089,0
374094,0
374095,0
374098,1
374102,0
374113,0
374117,0
374118,0
374120,0
374123,0
374124,0
374141,0
374160,0
374165,0
374167,0
374171,0
374179,0
374192,0
374196,0
374197,0
374204,0
374208,0
374214,0
374223,0
374232,0
374235,0
374236,0
374237,0
374238,0
374241,0
374252,0
374255,0
374256,0
374258,0
374259,0
374268,0
374269,0
374276,0
374281,0
374286,0
374295,0
374300,0
374318,0
374322,0
374328,0
374335,0
374337,0
374359,0
374364,0
374369,0
374378,0
374384,0
374386,0
374388,0
374391,0
374397,0
374404,0
374405,0
374408,0
374422,0
374428,0
374438,0
374441,0
374442,0
374449,0
374452,0
374460,0
374471,0
374475,0
374479,0
374484,0
374487,0
374492,0
374493,0
374495,0
374498,0
374505,0
374506,0
374511,0
374514,0
374516,0
374532,0
374534,0
374536,0
374537,0
374539,0
374550,0
374551,0
374552,0
374554,0
374562,0
374569,0
374570,0
374575,0
374576,0
374587,0
374597,0
374598,0
374607,0
374608,0
374614,0
374616,0
374618,0
374622,0
374635,0
374640,0
374643,0
374649,0
374651,0
374656,0
374678,0
374683,0
374684,0
374686,0
374688,0
374689,0
374690,0
374696,0
374701,0
374702,0
374726,0
374727,0
374734,0
374739,0
374744,0
374752,0
374753,0
374759,0
374761,1
374762,0
374768,0
374770,0
374774,0
374793,0
374798,0
374802,0
374810,0
374811,0
374821,0
374824,0
374831,0
374835,0
374838,0
374841,0
374844,0
374847,0
374856,0
374859,0
374861,0
374863,0
374864,0
374877,0
374878,0
374885,0
374890,0
374897,0
374905,0
374909,0
374911,0
374912,0
374933,0
374942,0
374944,0
374948,0
374965,0
374970,0
374976,0
374986,0
374988,0
374994,0
375005,0
375009,0
375012,0
375018,1
375020,0
375023,0
375028,0
375029,0
375031,0
375032,0
375034,0
375035,0
375043,0
375047,0
375056,0
375058,0
375068,0
375069,0
375082,0
375085,0
375089,0
375090,0
375094,0
375098,0
375101,0
375110,0
375111,0
375115,0
375118,0
375129,0
375135,0
375139,0
375142,0
375154,0
375157,0
375164,0
375174,0
375184,0
375185,0
375187,0
375190,0
375191,0
375193,0
375198,1
375199,0
375204,0
375210,0
375212,0
375219,0
375221,0
375225,0
375226,0
375230,0
375231,0
375237,0
375239,0
375245,0
375255,0
375261,0
375272,0
375280,0
375286,0
375287,0
375288,0
375293,0
375300,0
375308,0
375313,0
375325,0
375329,0
375333,0
375337,0
375344,0
375352,0
375353,0
375355,0
375359,0
375363,0
375367,0
375375,0
375378,0
375381,0
375384,0
375396,1
375401,0
375404,0
375412,0
375433,0
375434,0
375436,0
375445,0
375446,0
375447,0
375450,0
375459,0
375466,0
375472,0
375475,0
375482,1
375491,0
375493,0
375503,0
375507,0
375540,0
375544,0
375546,0
375554,0
375557,0
375559,0
375566,0
375567,0
375568,0
375570,0
375583,0
375584,0
375591,0
375594,0
375598,0
375600,0
375605,0
375607,0
375613,0
375621,0
375629,0
375634,0
375641,0
375642,0
375643,0
375644,0
375656,0
375657,0
375681,0
375688,0
375690,0
375691,0
375693,0
375696,0
375697,0
375707,0
375708,0
375710,0
375723,0
375724,0
375738,0
375739,0
375750,0
375751,0
375754,0
375758,1
375764,0
375765,0
375767,0
375780,0
375781,0
375782,0
375783,0
375784,0
375786,0
375792,0
375800,0
375813,0
375815,0
375822,0
375826,0
375829,0
375833,0
375839,0
375846,0
375848,0
375855,0
375857,0
375858,0
375859,0
375861,0
375862,0
375865,1
375870,0
375872,0
375876,0
375886,0
375908,0
375909,0
375911,0
375922,0
375924,0
375927,0
375933,0
375934,0
375941,0
375945,0
375948,0
375955,0
375957,0
375962,0
375964,0
375965,0
375968,0
375969,0
375978,0
375980,0
375986,0
375992,0
375999,0
376003,0
376015,0
376016,0
376024,0
376029,0
376048,0
376049,0
376062,0
376064,0
376070,0
376071,0
376073,0
376074,0
376075,1
376078,0
376082,0
376083,0
376087,1
376092,0
376100,0
376106,0
376114,0
376118,1
376139,0
376140,0
376142,0
376144,0
376145,0
376146,0
376148,0
376150,0
376151,0
376152,0
376162,0
376171,0
376173,0
376183,0
376190,0
376193,0
376198,0
376211,0
376216,0
376228,0
376239,0
376244,0
376252,0
376253,0
376257,0
376259,0
376265,0
376266,0
376273,0
376276,0
376279,0
376280,0
376281,0
376282,0
376283,0
376285,0
376292,0
376302,0
376305,0
376306,0
376321,0
376322,0
376327,0
376330,1
376342,0
376343,0
376346,0
376355,0
376357,0
376359,0
376361,0
376365,0
376366,0
376369,0
376377,0
376385,0
376394,0
376401,0
376402,0
376403,0
376404,0
376407,0
376410,0
376422,0
376425,0
376428,0
376439,0
376441,0
376443,0
376444,0
376453,0
376458,0
376465,1
376469,0
376473,0
376482,0
376484,0
376485,0
376487,0
376497,0
376501,0
376510,0
376515,0
376516,0
376520,0
376528,0
376531,0
376533,0
376541,0
376543,0
376561,0
376563,0
376564,0
376573,0
376575,0
376584,0
376588,0
376596,0
376602,0
376607,0
376612,0
376618,0
376622,0
376627,0
376632,0
376653,0
376654,0
376655,0
376670,0
376687,0
376703,0
376714,0
376717,0
376719,0
376733,0
376737,0
376750,0
376751,0
376761,0
376762,0
376764,0
376772,0
376773,0
376778,0
376781,0
376782,0
376784,0
376796,0
376803,0
376814,0
376815,0
376816,0
376823,0
376828,0
376830,0
376832,0
376833,0
376836,0
376852,0
376858,0
376859,0
376864,0
376866,0
376870,0
376873,0
376874,0
376880,0
376881,0
376890,0
376894,0
376900,0
376903,0
376914,0
376930,0
376935,0
376936,0
376942,0
376946,0
376954,0
376960,0
376963,0
376966,0
376980,0
376981,0
376988,0
376999,0
377000,0
377005,0
377022,0
377024,0
377034,0
377035,0
377037,0
377040,0
377045,0
377050,0
377057,0
377064,0
377069,0
377074,0
377077,0
377079,0
377082,0
377083,0
377086,0
377087,0
377090,0
377098,0
377105,0
377109,0
377113,0
377115,0
377120,0
377124,0
377132,0
377133,0
377138,0
377149,0
377152,0
377160,0
377163,0
377166,0
377173,0
377183,0
377199,1
377208,1
377220,0
377222,0
377231,0
377233,0
377235,0
377242,0
377248,0
377252,0
377258,0
377262,0
377266,0
377275,0
377277,0
377284,0
377294,0
377299,0
377300,0
377302,0
377304,0
377305,0
377312,0
377314,0
377315,0
377316,0
377318,0
377325,0
377326,0
377329,0
377334,0
377340,0
377343,0
377346,0
377347,0
377352,0
377357,0
377359,0
377367,0
377368,0
377370,0
377376,0
377378,0
377380,0
377382,0
377390,0
377407,0
377408,0
377413,0
377428,0
377429,0
377438,0
377440,0
377453,0
377459,0
377460,0
377462,0
377464,1
377474,0
377476,0
377481,0
377482,0
377484,0
377487,0
377489,0
377491,0
377494,0
377495,0
377497,0
377507,0
377511,0
377512,0
377522,0
377536,0
377539,0
377546,0
377558,0
377559,0
377561,0
377563,0
377568,0
377569,0
377582,0
377584,0
377590,0
377595,0
377598,0
377603,0
377614,0
377620,0
377621,0
377623,0
377626,0
377627,0
377634,0
377643,0
377649,0
377654,0
377656,0
377657,0
377659,0
377660,0
377663,0
377673,0
377675,0
377685,0
377686,0
377687,0
377689,0
377690,0
377691,0
377696,0
377697,0
377701,0
377702,0
377703,0
377705,0
377719,0
377730,0
377736,0
377741,0
377748,0
377754,0
377756,0
377757,0
377758,0
377764,0
377768,0
377774,0
377776,0
377779,0
377782,0
377786,1
377793,0
377807,0
377809,0
377814,0
377820,0
377828,0
377836,0
377844,0
377846,0
377847,0
377849,0
377852,0
377855,0
377859,0
377862,1
377868,0
377875,0
377882,0
377893,0
377894,0
377896,0
377901,0
377906,0
377909,0
377910,0
377911,0
377914,0
377915,0
377922,0
377932,0
377933,0
377939,0
377940,1
377949,0
377959,0
377970,0
377974,0
377975,0
377983,0
377988,0
377990,0
377993,0
378002,0
378003,0
378004,0
378009,0
378017,0
378018,0
378019,0
378021,0
378027,0
378030,0
378033,0
378036,0
378038,0
378040,0
378042,0
378047,0
378049,0
378050,0
378051,0
378052,0
378060,0
378062,0
378069,0
378070,0
378077,0
378082,0
378089,0
378090,0
378097,0
378103,0
378107,0
378113,0
378118,0
378120,0
378124,0
378128,0
378129,0
378134,0
378137,0
378141,0
378142,0
378143,0
378146,1
378152,1
378158,0
378161,0
378162,0
378166,0
378170,0
378171,0
378172,0
378175,0
378176,0
378179,0
378183,0
378195,0
378198,0
378200,0
378203,0
378206,0
378209,0
378211,0
378216,0
378218,0
378219,0
378226,0
378227,0
378237,0
378240,0
378243,0
378248,0
378254,0
378258,0
378270,0
378274,0
378276,0
378279,0
378283,0
378284,0
378285,0
378287,0
378295,0
378301,0
378311,0
378324,0
378325,0
378338,0
378351,0
378356,0
378358,0
378359,0
378365,0
378366,0
378372,0
378375,0
378381,0
378392,0
378405,0
378406,0
378408,0
378414,0
378417,0
378422,0
378423,0
378424,0
378427,0
378441,0
378442,0
378445,0
378446,0
378449,0
378450,0
378455,0
378462,0
378464,0
378471,0
378481,0
378482,0
378488,0
378491,0
378496,1
378500,0
378503,0
378505,0
378511,0
378515,0
378518,0
378520,0
378521,0
378523,0
378524,0
378525,0
378526,0
378528,0
378537,0
378539,0
378542,0
378551,0
378555,0
378561,0
378562,0
378563,0
378571,0
378576,0
378579,0
378581,0
378582,0
378585,0
378596,0
378598,0
378603,0
378604,0
378605,0
378606,0
378607,0
378619,0
378622,0
378627,0
378634,0
378636,0
378642,0
378645,0
378649,0
378655,0
378657,0
378661,0
378662,0
378676,0
378681,0
378682,0
378684,0
378689,0
378691,0
378692,0
378694,0
378695,0
378696,0
378700,0
378701,0
378703,0
378709,0
378713,0
378714,0
378716,0
378723,0
378731,0
378740,0
378743,0
378750,0
378766,0
378770,0
378771,0
378774,0
378776,0
378777,0
378785,0
378788,0
378795,0
378799,1
378808,0
378811,0
378819,0
378820,0
378822,0
378823,0
378825,0
378827,0
378841,0
378842,0
378849,0
378854,0
378866,0
378867,0
378879,0
378882,0
378887,0
378888,0
378893,0
378900,0
378904,0
378905,0
378907,0
378908,0
378912,0
378918,0
378920,0
378932,0
378933,0
378936,0
378941,0
378942,0
378957,0
378963,0
378968,0
378969,0
378977,0
378991,0
379005,0
379008,0
379013,0
379014,0
379018,0
379025,0
379053,0
379054,0
379056,0
379058,0
379060,0
379062,0
379064,0
379068,0
379081,0
379089,0
379095,0
379097,0
379098,0
379108,0
379123,0
379124,0
379126,0
379128,0
379129,0
379133,0
379134,0
379136,0
379138,0
379140,0
379146,0
379153,0
379154,0
379161,0
379164,0
379170,1
379175,0
379197,0
379201,0
379203,0
379209,0
379215,0
379216,0
379219,0
379231,0
379234,0
379236,0
379260,0
379264,0
379265,0
379272,0
379275,0
379276,0
379283,0
379299,0
379306,0
379310,0
379312,0
379314,0
379318,0
379327,0
379328,0
379334,0
379339,0
379345,0
379352,0
379353,0
379355,0
379357,0
379366,0
379370,0
379385,0
379390,0
379403,0
379404,0
379405,0
379406,0
379407,1
379415,0
379417,0
379419,0
379429,0
379431,0
379434,0
379444,0
379451,0
379463,0
379468,0
379474,0
379478,0
379480,0
379484,0
379498,0
379501,0
379504,0
379508,0
379520,0
379529,0
379539,0
379543,0
379548,0
379553,0
379555,0
379567,0
379569,0
379573,0
379574,0
379590,0
379598,0
379604,0
379606,0
379607,0
379608,0
379610,0
379614,0
379616,0
379621,0
379625,0
379627,0
379633,0
379635,0
379639,0
379640,0
379657,0
379658,0
379670,0
379674,0
379676,0
379679,0
379688,0
379703,0
379721,0
379723,0
379728,0
379730,0
379735,0
379738,0
379747,0
379755,0
379761,0
379769,0
379773,0
379776,0
379780,0
379783,0
379792,0
379795,0
379798,0
379802,0
379816,0
379818,0
379823,0
379830,0
379840,0
379842,0
379847,0
379853,0
379854,0
379855,0
379857,0
379861,0
379874,0
379879,0
379900,0
379903,1
379907,0
379913,0
379924,0
379930,0
379933,0
379942,0
379948,0
379956,0
379958,0
379962,0
379964,0
379966,0
379968,0
379972,0
379976,0
379986,0
379991,0
379993,0
379995,0
379996,0
380013,0
380014,0
380018,0
380024,0
380025,0
380033,0
380039,0
380040,0
380041,0
380045,0
380052,0
380075,0
380078,0
380085,0
380095,0
380098,0
380105,0
380106,0
380107,0
380112,1
380114,0
380115,0
380126,1
380127,0
380135,0
380141,0
380146,0
380153,0
380158,0
380160,0
380165,0
380169,0
380184,0
380187,0
380198,0
380201,0
380206,0
380211,0
380213,0
380216,0
380229,0
380230,0
380237,0
380243,0
380245,0
380246,0
380257,0
380259,0
380260,0
380261,0
380270,0
380281,0
380283,0
380286,0
380288,0
380293,0
380294,0
380296,0
380298,0
380300,0
380304,0
380309,0
380315,0
380324,0
380325,0
380327,0
380334,0
380345,1
380354,0
380355,0
380361,1
380365,0
380372,0
380374,0
380378,0
380382,0
380383,0
380387,0
380389,0
380393,0
380395,0
380398,0
380400,0
380409,0
380411,0
380414,0
380418,0
380429,0
380449,0
380450,0
380457,0
380460,0
380464,0
380468,0
380469,0
380472,0
380482,0
380483,0
380490,0
380493,0
380502,0
380505,0
380509,0
380512,0
380513,0
380516,0
380517,0
380520,0
380532,0
380542,0
380550,0
380551,0
380552,1
380559,0
380563,0
380566,0
380568,0
380578,0
380586,0
380589,0
380596,0
380599,0
380600,0
380601,0
380605,0
380608,0
380609,0
380610,1
380612,0
380613,0
380636,0
380637,1
380641,0
380644,0
380649,0
380663,0
380672,0
380681,0
380685,0
380688,0
380692,0
380696,0
380700,0
380702,0
380703,0
380705,0
380711,0
380721,0
380725,1
380727,0
380731,0
380735,0
380741,0
380742,0
380747,0
380751,0
380761,0
380763,0
380775,0
380794,0
380795,0
380802,0
380803,0
380811,0
380815,0
380818,0
380820,0
380821,0
380823,0
380837,0
380840,0
380846,0
380852,0
380858,0
380867,0
380871,0
380883,0
380885,0
380888,0
380890,0
380896,0
380899,0
380901,0
380903,0
380910,0
380913,0
380924,0
380928,0
380929,0
380931,0
380935,0
380938,0
380941,0
380947,0
380955,0
380958,0
380960,0
380966,0
380970,0
380974,0
380978,0
380980,0
380985,0
380992,0
380994,0
380996,0
380999,0
381010,0
381027,0
381032,0
381033,0
381035,0
381036,0
381041,0
381043,0
381044,0
381045,0
381046,0
381049,0
381051,0
381053,0
381055,0
381064,0
381071,0
381075,0
381077,0
381078,0
381080,0
381081,0
381084,0
381087,0
381107,0
381110,0
381117,0
381126,0
381128,0
381130,0
381145,0
381157,0
381160,0
381161,0
381162,0
381165,0
381166,0
381190,1
381192,0
381194,0
381200,0
381201,0
381214,0
381216,0
381223,0
381226,0
381227,0
381228,0
381233,0
381236,0
381238,0
381242,0
381246,0
381248,0
381255,0
381270,0
381273,0
381275,0
381276,0
381282,0
381286,0
381288,0
381290,0
381301,0
381307,0
381312,0
381313,0
381314,0
381315,0
381316,0
381318,0
381322,0
381331,0
381336,0
381340,0
381348,0
381352,0
381358,0
381373,0
381375,0
381376,0
381379,0
381383,0
381388,0
381389,0
381400,0
381404,0
381409,0
381413,0
381417,0
381420,0
381428,0
381439,0
381443,0
381445,0
381446,0
381447,0
381463,0
381480,0
381494,0
381496,0
381507,0
381508,0
381510,0
381526,0
381528,0
381530,0
381535,0
381536,0
381538,0
381539,0
381541,0
381545,0
381547,1
381555,0
381556,0
381557,0
381564,0
381571,0
381580,0
381582,0
381584,0
381589,0
381595,0
381597,0
381599,0
381609,0
381623,0
381630,0
381632,0
381636,0
381646,0
381647,0
381648,0
381650,0
381657,0
381670,0
381675,0
381676,0
381683,0
381684,0
381687,0
381704,0
381711,0
381712,0
381713,0
381722,0
381723,0
381735,0
381737,0
381739,0
381741,0
381742,0
381743,0
381758,0
381759,0
381762,0
381766,0
381767,0
381770,0
381771,0
381776,0
381780,0
381785,0
381788,0
381791,0
381793,0
381796,0
381804,0
381809,0
381811,0
381818,0
381820,0
381821,0
381822,0
381823,0
381827,0
381833,0
381836,0
381838,0
381839,0
381840,0
381841,0
381845,0
381854,0
381855,0
381857,0
381861,0
381863,0
381868,0
381870,0
381880,0
381882,0
381883,0
381888,0
381896,0
381905,0
381908,0
381918,0
381919,0
381921,0
381922,0
381923,0
381930,0
381934,0
381936,0
381939,0
381942,0
381949,0
381952,0
381957,0
381971,0
381976,0
381977,0
381979,0
381989,0
381998,0
382000,0
382004,0
382009,0
382017,0
382020,0
382021,0
382022,0
382024,0
382025,0
382027,0
382038,0
382039,0
382041,0
382044,0
382046,0
382047,0
382052,0
382055,0
382056,0
382069,0
382070,0
382073,0
382081,0
382090,0
382092,0
382096,0
382103,0
382104,0
382106,0
382108,0
382110,0
382118,0
382120,0
382123,0
382131,0
382133,0
382136,0
382140,0
382143,0
382147,0
382156,0
382159,0
382170,0
382172,0
382179,0
382183,0
382186,0
382189,0
382193,0
382201,0
382211,0
382213,0
382214,0
382218,1
382227,0
382231,1
382236,0
382241,0
382248,0
382249,0
382251,0
382252,0
382258,0
382259,0
382260,0
382265,0
382274,0
382276,0
382280,0
382285,0
382290,0
382302,0
382309,0
382310,0
382316,0
382325,0
382327,0
382334,0
382335,0
382336,0
382338,0
382343,0
382344,0
382345,0
382356,0
382362,0
382366,0
382371,0
382381,0
382385,0
382388,0
382396,0
382409,0
382413,0
382416,0
382421,0
382429,0
382431,0
382432,0
382436,0
382439,0
382442,0
382443,0
382452,1
382454,0
382459,0
382464,0
382474,0
382483,0
382487,0
382492,0
382499,0
382501,0
382502,0
382506,0
382507,0
382514,0
382516,0
382517,0
382519,0
382526,0
382527,0
382534,0
382537,0
382548,0
382559,0
382565,0
382573,0
382582,0
382589,0
382591,0
382600,0
382614,0
382622,0
382627,0
382628,0
382629,0
382633,0
382648,0
382657,0
382661,0
382664,0
382674,0
382679,0
382683,0
382694,0
382702,0
382713,0
382722,0
382728,0
382733,0
382734,0
382744,0
382745,0
382751,0
382753,0
382754,0
382755,0
382758,0
382764,0
382770,0
382795,0
382798,0
382800,0
382806,0
382808,0
382809,0
382810,1
382813,0
382814,1
382815,0
382822,0
382829,0
382830,0
382838,0
382839,0
382856,0
382862,0
382863,0
382865,0
382867,0
382870,0
382876,0
382898,0
382901,0
382903,0
382906,0
382912,0
382916,0
382918,0
382920,0
382935,0
382938,0
382939,0
382944,0
382945,0
382949,0
382970,0
382972,0
382974,0
382982,0
382983,0
382984,0
382985,0
382987,0
382989,0
382990,0
383005,0
383012,0
383015,0
383018,0
383025,0
383028,0
383035,0
383038,0
383040,0
383042,0
383054,0
383060,0
383063,0
383064,0
383066,0
383073,0
383075,0
383080,0
383085,0
383092,0
383093,0
383101,0
383111,0
383120,0
383122,0
383123,0
383127,0
383130,0
383132,0
383134,0
383138,0
383140,0
383152,0
383166,0
383178,0
383184,0
383190,0
383194,0
383195,0
383198,0
383205,0
383222,0
383225,0
383228,0
383233,0
383243,0
383255,0
383264,0
383267,0
383269,0
383286,0
383287,0
383288,0
383290,0
383293,0
383295,0
383308,0
383312,0
383313,0
383314,0
383316,0
383317,0
383320,0
383323,0
383328,0
383330,0
383339,0
383342,0
383344,0
383345,0
383350,0
383351,0
383354,0
383368,0
383383,0
383385,0
383387,0
383390,0
383392,0
383393,0
383395,0
383397,0
383401,0
383416,0
383421,0
383428,0
383430,0
383435,0
383436,0
383447,0
383458,0
383462,0
383474,0
383481,0
383484,0
383493,0
383497,0
383498,0
383503,0
383514,0
383525,0
383526,0
383532,0
383533,0
383535,0
383544,0
383546,0
383548,0
383550,0
383561,0
383570,0
383574,0
383578,0
383579,0
383581,0
383589,0
383591,0
383593,0
383598,0
383602,0
383604,0
383610,0
383611,0
383612,0
383615,0
383634,0
383636,0
383652,0
383657,0
383659,0
383661,0
383666,0
383669,0
383670,0
383675,0
383678,0
383682,0
383686,0
383691,0
383693,0
383701,0
383702,0
383705,0
383706,0
383709,0
383719,0
383721,0
383722,0
383725,0
383730,0
383738,0
383744,0
383746,0
383753,0
383754,1
383755,0
383756,0
383764,0
383777,0
383780,0
383787,0
383800,0
383820,0
383825,0
383834,0
383836,0
383839,0
383840,0
383841,0
383848,0
383852,0
383857,0
383858,0
383859,0
383861,0
383867,0
383872,0
383880,0
383888,1
383890,0
383897,0
383922,0
383923,0
383925,0
383932,0
383942,0
383949,0
383952,0
383955,0
383962,0
383963,0
383964,0
383966,0
383976,0
383981,0
383988,0
383990,0
383997,0
384002,0
384011,0
384014,0
384018,0
384019,0
384024,0
384038,0
384043,0
384047,0
384050,0
384053,0
384056,0
384057,0
384064,0
384074,0
384079,0
384080,0
384089,0
384095,0
384096,0
384098,0
384107,0
384108,0
384114,0
384116,0
384118,0
384121,0
384129,0
384132,0
384134,0
384135,0
384137,0
384140,0
384144,0
384152,0
384155,0
384156,0
384162,0
384170,0
384171,0
384173,0
384186,0
384187,0
384196,1
384202,0
384208,0
384219,0
384222,0
384232,0
384233,0
384247,0
384250,0
384252,0
384262,0
384274,0
384276,1
384278,0
384282,0
384284,0
384285,0
384286,0
384288,0
384296,0
384305,0
384308,0
384312,0
384318,0
384320,0
384323,0
384331,0
384345,0
384351,0
384358,0
384361,0
384362,0
384365,0
384372,0
384378,0
384383,0
384385,0
384390,0
384409,0
384421,0
384428,0
384433,0
384437,0
384439,0
384442,0
384445,0
384446,0
384451,0
384455,0
384465,0
384470,0
384475,0
384481,0
384512,0
384514,0
384516,0
384523,0
384531,0
384532,0
384552,0
384553,0
384559,0
384560,0
384564,0
384566,0
384568,0
384587,0
384593,0
384596,0
384602,0
384607,0
384623,0
384628,0
384640,0
384641,0
384645,0
384653,0
384657,0
384660,0
384663,0
384667,0
384670,0
384671,0
384688,0
384696,0
384697,0
384715,0
384729,0
384730,0
384736,0
384740,0
384742,0
384744,0
384760,0
384764,0
384766,0
384776,0
384777,0
384780,0
384781,0
384788,0
384789,0
384803,0
384807,0
384808,0
384810,0
384814,0
384815,0
384821,0
384832,0
384834,0
384845,0
384846,0
384853,0
384860,0
384862,0
384866,0
384878,0
384881,0
384893,0
384897,1
384898,0
384899,0
384903,0
384914,0
384919,0
384920,0
384924,0
384925,0
384929,0
384932,0
384949,0
384958,0
384963,1
384966,0
384969,0
384972,0
384973,0
384974,0
384979,0
384991,0
384994,0
384997,0
384998,0
384999,0
385000,0
385002,0
385006,1
385007,0
385015,0
385020,0
385021,1
385030,0
385040,0
385042,1
385045,0
385046,0
385047,0
385048,0
385059,0
385067,0
385091,0
385096,0
385101,0
385107,0
385111,0
385121,0
385131,0
385132,0
385137,0
385140,0
385143,0
385144,0
385145,0
385165,0
385167,0
385168,0
385179,0
385182,0
385185,0
385189,0
385191,1
385200,0
385202,0
385208,0
385220,0
385229,0
385234,0
385238,0
385265,0
385283,0
385297,0
385305,0
385307,0
385312,0
385320,0
385321,0
385324,0
385330,0
385331,0
385332,0
385336,0
385349,0
385355,0
385360,0
385363,0
385366,0
385373,0
385375,0
385377,0
385380,0
385381,0
385383,0
385384,0
385385,0
385388,0
385389,0
385403,0
385410,0
385415,0
385424,0
385429,0
385431,0
385434,0
385440,0
385451,0
385456,0
385463,0
385465,0
385466,0
385467,0
385471,0
385472,0
385482,0
385485,0
385487,0
385491,0
385493,0
385496,0
385497,0
385501,0
385507,0
385510,0
385516,0
385534,0
385538,0
385540,0
385553,0
385555,0
385557,0
385563,0
385570,0
385573,0
385576,0
385586,0
385588,0
385595,0
385601,0
385610,0
385615,0
385616,0
385626,0
385629,0
385635,0
385641,0
385644,0
385645,0
385647,0
385654,0
385655,0
385656,0
385661,0
385667,0
385677,0
385679,0
385680,0
385681,0
385686,0
385689,0
385692,0
385694,0
385695,0
385697,0
385719,0
385720,0
385723,0
385729,0
385736,0
385738,0
385748,0
385752,0
385754,0
385755,0
385764,0
385768,0
385782,0
385785,0
385788,0
385791,0
385792,0
385798,0
385802,0
385805,0
385807,0
385808,0
385810,0
385811,1
385815,0
385817,0
385822,0
385832,0
385836,0
385838,0
385839,0
385845,0
385847,0
385848,0
385856,0
385860,0
385861,0
385862,0
385870,0
385871,0
385874,0
385875,0
385882,0
385883,0
385889,1
385890,0
385907,0
385908,0
385912,0
385922,0
385927,0
385933,0
385941,0
385945,0
385949,0
385950,0
385954,0
385962,0
385975,0
385977,0
385982,0
385989,0
385997,0
385998,0
386001,0
386002,0
386006,0
386009,0
386011,0
386016,0
386029,0
386033,0
386042,0
386051,0
386057,0
386061,0
386064,0
386066,0
386069,0
386070,0
386072,0
386075,0
386077,0
386078,0
386081,0
386083,0
386104,0
386107,0
386111,0
386114,0
386119,0
386121,0
386122,0
386128,0
386132,0
386141,0
386146,0
386151,0
386155,0
386160,0
386163,0
386164,0
386167,0
386170,0
386172,0
386173,0
386177,0
386193,0
386206,0
386209,0
386210,0
386211,0
386215,0
386227,0
386229,0
386247,0
386248,0
386253,0
386260,0
386264,0
386265,0
386270,0
386272,0
386292,0
386312,0
386314,0
386323,0
386334,0
386339,0
386351,0
386352,0
386353,0
386354,0
386357,0
386360,0
386362,0
386366,0
386374,0
386375,0
386378,0
386380,0
386381,0
386382,0
386389,0
386392,0
386398,0
386406,0
386411,1
386418,0
386422,0
386424,0
386426,0
386447,0
386449,0
386456,0
386458,0
386465,0
386469,0
386476,0
386484,0
386485,0
386487,0
386490,0
386500,0
386506,0
386509,0
386510,0
386523,0
386524,0
386547,0
386549,0
386551,0
386552,0
386555,0
386557,0
386564,0
386576,0
386579,0
386580,0
386581,0
386584,0
386586,0
386588,0
386596,0
386599,0
386602,0
386603,0
386604,1
386606,0
386608,0
386611,0
386631,0
386634,0
386635,1
386645,0
386646,0
386653,0
386654,0
386655,0
386658,0
386666,0
386667,0
386676,0
386679,0
386680,0
386690,0
386705,0
386709,0
386711,0
386712,0
386713,0
386714,0
386721,0
386729,0
386731,0
386733,0
386734,0
386745,0
386748,0
386750,0
386755,0
386757,0
386768,0
386770,0
386784,0
386785,0
386787,0
386788,0
386792,0
386798,0
386800,0
386806,0
386822,0
386823,0
386831,0
386838,0
386841,0
386844,0
386851,0
386856,0
386864,0
386866,0
386869,0
386871,0
386875,0
386884,0
386891,0
386897,0
386898,0
386904,0
386913,0
386915,0
386923,0
386930,0
386933,0
386946,0
386950,0
386956,0
386957,0
386959,0
386964,0
386970,1
386974,0
386982,0
386983,0
386986,0
386993,0
387000,0
387002,0
387003,0
387009,0
387012,0
387021,0
387025,0
387027,0
387033,0
387035,0
387036,0
387038,0
387041,0
387042,0
387046,0
387049,0
387050,0
387060,0
387067,0
387072,0
387077,0
387082,0
387084,0
387090,0
387095,0
387102,0
387116,0
387117,0
387118,0
387121,0
387126,0
387127,0
387130,1
387138,0
387141,0
387147,0
387148,0
387154,0
387155,0
387160,0
387161,0
387163,0
387171,0
387178,0
387180,0
387181,0
387194,0
387207,0
387217,0
387224,0
387225,0
387228,0
387234,0
387236,0
387237,0
387240,0
387241,0
387242,0
387246,0
387247,0
387252,0
387258,0
387262,0
387265,0
387267,0
387275,0
387284,0
387287,0
387292,0
387293,0
387295,0
387316,0
387321,0
387326,0
387334,0
387335,0
387344,0
387345,0
387352,0
387353,0
387356,0
387363,0
387364,0
387368,0
387370,0
387372,0
387377,0
387378,0
387385,0
387389,1
387392,0
387393,0
387394,0
387395,0
387396,0
387406,0
387416,0
387419,0
387422,0
387433,0
387444,0
387446,0
387447,0
387449,0
387452,0
387454,0
387455,0
387462,0
387463,0
387465,0
387466,0
387472,0
387476,0
387477,0
387483,0
387489,0
387502,0
387511,0
387512,0
387518,0
387521,0
387523,0
387524,0
387528,0
387530,0
387533,0
387539,0
387542,0
387549,0
387561,0
387565,0
387568,0
387575,0
387577,0
387581,0
387587,0
387590,0
387591,0
387593,0
387595,0
387597,0
387604,0
387616,0
387618,0
387621,0
387623,0
387637,0
387643,0
387649,0
387667,0
387670,0
387689,0
387698,0
387699,0
387702,0
387703,0
387704,0
387705,0
387707,0
387708,0
387711,0
387716,0
387721,0
387722,0
387723,0
387731,0
387737,0
387743,0
387749,0
387751,0
387753,0
387754,0
387777,0
387780,0
387786,0
387788,0
387791,0
387794,0
387799,0
387801,0
387802,0
387806,0
387811,0
387813,0
387817,0
387824,1
387833,0
387836,0
387843,0
387849,0
387860,0
387870,0
387871,0
387872,0
387874,0
387875,0
387878,0
387881,0
387882,0
387883,0
387884,0
387888,0
387890,0
387892,0
387898,0
387899,0
387903,0
387905,0
387923,0
387925,0
387929,0
387935,0
387940,0
387944,0
387947,0
387949,0
387959,0
387960,0
387963,0
387977,0
387978,0
387979,0
387980,0
387981,0
387992,0
387995,0
387999,0
388002,0
388007,0
388014,0
388015,0
388019,0
388020,0
388025,1
388026,0
388034,0
388035,0
388040,0
388047,0
388048,0
388050,0
388052,0
388057,0
388059,0
388060,0
388066,0
388067,0
388069,0
388072,0
388079,1
388090,0
388093,0
388105,0
388106,0
388118,0
388122,0
388128,0
388130,0
388131,0
388135,0
388139,0
388142,0
388145,0
388148,0
388152,0
388154,0
388160,0
388166,0
388169,0
388173,0
388175,0
388176,0
388180,0
388181,0
388183,0
388203,0
388206,0
388211,0
388217,0
388225,0
388226,0
388233,0
388245,0
388247,1
388250,0
388259,0
388260,0
388270,0
388280,0
388285,0
388286,0
388288,0
388292,0
388302,0
388309,0
388310,0
388316,0
388318,0
388337,0
388340,0
388341,0
388345,0
388346,0
388349,0
388359,0
388360,0
388364,0
388366,0
388370,0
388372,0
388375,0
388378,0
388380,0
388386,1
388387,0
388391,0
388395,0
388414,0
388421,0
388429,0
388436,0
388437,0
388440,0
388444,0
388445,0
388449,0
388450,0
388451,0
388465,0
388480,0
388486,1
388492,0
388507,0
388521,0
388533,0
388553,0
388558,0
388560,0
388570,0
388571,0
388573,0
388580,0
388581,0
388584,0
388585,0
388586,1
388591,0
388600,0
388620,0
388624,0
388625,0
388636,0
388643,0
388647,0
388653,0
388656,0
388668,0
388669,0
388676,0
388677,0
388679,0
388683,0
388685,0
388692,0
388695,0
388700,0
388707,0
388711,0
388720,0
388723,0
388726,0
388729,0
388732,0
388737,0
388753,0
388758,0
388761,0
388765,0
388772,0
388780,0
388786,0
388787,0
388789,0
388801,0
388811,0
388821,0
388826,0
388827,1
388844,0
388848,0
388855,0
388860,0
388880,0
388881,0
388882,0
388885,0
388892,0
388896,0
388905,0
388906,0
388919,0
388925,0
388934,0
388947,0
388949,0
388951,0
388956,0
388957,0
388961,0
388980,0
388991,0
388999,0
389000,0
389002,0
389005,0
389010,0
389012,0
389016,0
389020,0
389028,0
389037,0
389038,0
389042,0
389046,0
389053,0
389060,0
389064,0
389067,0
389075,0
389077,0
389078,0
389081,0
389094,0
389102,0
389108,0
389119,0
389122,0
389123,0
389131,0
389135,0
389136,0
389139,0
389149,0
389151,0
389160,0
389161,0
389164,0
389168,0
389176,0
389180,0
389182,0
389184,0
389185,0
389187,0
389189,0
389203,0
389204,0
389206,0
389210,0
389211,0
389212,0
389215,0
389219,0
389229,0
389236,0
389240,0
389252,0
389253,0
389260,0
389261,0
389266,0
389267,0
389269,0
389275,0
389286,0
389300,0
389301,0
389302,0
389306,0
389315,0
389317,0
389318,1
389320,0
389323,0
389324,0
389325,0
389327,0
389331,0
389346,0
389363,0
389364,0
389369,0
389374,0
389384,0
389387,0
389388,0
389389,0
389395,0
389402,0
389403,0
389409,0
389418,0
389427,0
389428,0
389432,0
389444,0
389446,0
389450,0
389451,0
389458,0
389459,0
389460,0
389468,0
389469,0
389471,0
389475,0
389479,0
389481,0
389487,0
389490,0
389499,0
389505,0
389512,0
389513,0
389516,0
389518,0
389525,0
389527,0
389531,0
389534,0
389543,0
389553,0
389556,0
389560,0
389563,0
389567,0
389577,0
389580,0
389588,0
389600,0
389603,0
389604,0
389606,0
389612,0
389614,0
389619,0
389622,0
389629,0
389644,0
389645,0
389650,0
389651,0
389654,0
389656,0
389665,0
389667,0
389673,0
389677,0
389681,0
389685,0
389691,0
389695,0
389697,0
389707,0
389715,0
389718,0
389723,0
389735,0
389741,0
389754,0
389758,0
389760,0
389761,0
389762,0
389763,0
389768,0
389770,0
389773,0
389775,0
389778,0
389780,0
389790,0
389792,0
389808,0
389811,0
389812,0
389816,0
389820,0
389825,0
389826,0
389827,0
389834,0
389835,0
389836,0
389840,0
389846,0
389849,0
389859,0
389862,0
389869,0
389873,0
389880,0
389889,0
389903,0
389906,0
389912,1
389918,0
389922,0
389926,0
389930,1
389932,0
389936,0
389937,0
389939,0
389951,0
389960,0
389962,0
389964,0
389980,0
389984,0
389985,0
389987,0
389989,0
389993,0
390000,0
390003,0
390012,0
390014,0
390029,0
390040,0
390042,0
390044,0
390052,0
390064,0
390066,0
390068,0
390070,0
390073,0
390075,0
390076,0
390091,0
390093,1
390096,0
390102,0
390107,0
390118,0
390121,0
390142,0
390144,0
390146,0
390147,0
390155,0
390158,0
390165,0
390169,0
390173,0
390175,0
390176,0
390187,0
390190,0
390197,0
390204,0
390205,0
390206,0
390207,0
390211,0
390218,0
390223,0
390230,0
390242,0
390250,0
390253,0
390264,0
390278,0
390284,0
390287,0
390289,0
390298,0
390313,0
390316,0
390320,0
390330,0
390337,0
390349,0
390366,0
390369,0
390377,0
390380,0
390388,0
390390,0
390394,0
390395,0
390400,0
390402,0
390409,0
390410,0
390421,0
390428,0
390430,0
390435,0
390441,0
390451,0
390456,0
390464,0
390465,0
390468,0
390471,0
390472,0
390474,0
390480,0
390484,0
390485,0
390487,0
390490,0
390493,0
390508,0
390510,0
390512,0
390514,0
390518,1
390525,0
390533,0
390535,0
390537,0
390541,0
390547,0
390554,0
390556,0
390563,0
390572,0
390574,0
390576,0
390578,0
390592,0
390606,0
390618,0
390621,0
390623,0
390649,0
390652,0
390662,0
390666,0
390669,0
390672,0
390681,0
390691,0
390696,0
390699,0
390704,0
390717,0
390719,0
390728,0
390730,0
390737,1
390741,0
390756,0
390763,0
390771,0
390775,0
390800,0
390809,0
390810,0
390817,0
390820,0
390823,0
390824,0
390829,0
390832,0
390833,1
390837,0
390841,0
390846,0
390852,0
390861,0
390862,0
390868,0
390871,0
390876,0
390878,0
390880,0
390887,0
390891,0
390898,0
390899,0
390914,0
390920,0
390925,0
390926,0
390930,0
390936,0
390938,0
390939,0
390940,0
390943,0
390944,0
390947,0
390958,0
390961,0
390968,0
390973,0
390976,0
390978,0
390988,0
390999,0
391003,0
391005,0
391011,0
391017,0
391021,0
391023,0
391028,0
391031,0
391039,0
391048,0
391052,0
391057,0
391060,0
391071,0
391073,0
391078,0
391079,0
391084,1
391098,0
391102,0
391103,0
391110,0
391114,0
391117,0
391121,0
391123,0
391133,0
391138,0
391148,0
391152,0
391172,0
391174,0
391176,0
391181,0
391198,0
391203,0
391212,0
391214,0
391215,0
391217,0
391218,0
391219,0
391225,0
391227,0
391232,0
391237,0
391238,0
391247,0
391248,0
391249,0
391254,0
391256,0
391259,0
391260,0
391269,0
391284,0
391286,0
391290,0
391291,0
391298,0
391300,0
391306,0
391315,0
391317,0
391318,0
391324,0
391325,0
391334,0
391342,0
391346,0
391357,0
391365,0
391375,0
391397,0
391405,0
391407,1
391412,0
391421,0
391430,0
391433,0
391435,0
391436,0
391438,0
391441,0
391442,0
391443,0
391444,0
391449,0
391462,0
391472,0
391475,0
391482,0
391484,0
391490,0
391492,0
391494,0
391500,0
391504,0
391526,0
391529,0
391532,0
391534,0
391539,0
391540,0
391552,0
391553,0
391554,0
391557,0
391561,0
391562,0
391581,0
391588,0
391590,0
391592,0
391595,0
391596,0
391603,0
391606,0
391607,0
391614,0
391617,0
391630,0
391640,0
391646,0
391649,0
391661,0
391662,0
391671,0
391677,0
391678,0
391683,0
391691,0
391707,0
391708,0
391712,0
391715,0
391721,0
391727,1
391728,0
391732,0
391738,0
391746,0
391748,0
391752,0
391764,0
391765,0
391774,0
391783,0
391789,0
391790,0
391791,0
391792,0
391796,0
391800,0
391802,0
391817,0
391820,0
391827,0
391830,0
391838,0
391842,0
391850,0
391860,0
391865,0
391874,0
391875,0
391877,0
391880,1
391881,0
391885,0
391887,0
391888,0
391894,0
391906,0
391914,0
391915,0
391919,0
391922,0
391924,0
391927,0
391928,0
391931,0
391933,0
391936,0
391941,0
391944,0
391956,0
391960,0
391968,0
391970,0
391971,0
391974,0
391976,0
391984,0
391988,0
391989,0
391995,0
392008,0
392012,0
392018,0
392022,0
392028,0
392033,0
392035,0
392036,0
392039,0
392042,0
392045,1
392048,0
392053,0
392054,0
392055,0
392060,0
392062,0
392063,0
392074,0
392077,0
392083,0
392089,0
392091,0
392092,0
392111,0
392124,0
392127,0
392140,0
392144,0
392151,0
392161,0
392166,0
392168,0
392173,0
392178,0
392180,0
392183,0
392185,0
392189,0
392196,0
392200,0
392209,0
392218,0
392219,0
392225,0
392226,0
392227,0
392228,0
392235,0
392246,0
392249,0
392262,0
392280,0
392285,0
392287,0
392290,0
392293,0
392294,0
392296,0
392300,0
392302,0
392309,0
392319,0
392325,0
392329,0
392333,0
392338,0
392357,0
392359,0
392360,0
392371,0
392374,0
392377,0
392378,0
392395,0
392400,0
392402,0
392411,0
392419,0
392421,0
392422,0
392423,0
392429,0
392433,0
392434,0
392435,0
392439,0
392442,0
392443,0
392444,0
392449,0
392454,1
392462,0
392468,0
392471,0
392485,0
392491,0
392492,0
392503,0
392513,1
392520,0
392523,0
392528,0
392529,0
392534,1
392535,0
392539,0
392542,0
392545,0
392554,0
392560,0
392570,0
392572,0
392577,0
392588,0
392589,0
392594,0
392608,0
392612,0
392616,0
392621,0
392623,0
392640,0
392641,0
392644,0
392647,0
392652,0
392653,0
392659,0
392661,0
392666,0
392670,0
392672,0
392680,0
392684,0
392685,0
392686,0
392696,0
392699,0
392700,0
392701,0
392702,0
392705,0
392709,0
392711,0
392713,0
392715,0
392719,0
392720,0
392721,0
392724,0
392729,0
392730,0
392736,0
392738,1
392743,0
392753,0
392756,0
392758,0
392760,0
392761,0
392762,0
392767,0
392786,0
392792,0
392798,0
392805,0
392810,0
392822,0
392828,0
392856,0
392862,0
392877,0
392878,0
392894,0
392895,0
392896,0
392900,0
392914,0
392925,0
392936,0
392944,0
392947,0
392959,1
392960,0
392961,0
392963,0
392980,0
392981,0
392989,0
392991,0
392997,0
393000,0
393004,0
393006,0
393009,0
393019,0
393020,0
393024,0
393027,0
393034,0
393036,0
393037,0
393039,0
393043,0
393047,0
393055,0
393056,0
393059,0
393062,0
393064,0
393071,0
393082,0
393084,0
393091,0
393094,0
393100,0
393111,0
393114,0
393117,0
393124,0
393128,0
393133,0
393139,1
393155,0
393157,0
393158,0
393170,0
393176,0
393178,0
393179,0
393186,0
393187,0
393190,0
393197,0
393202,0
393208,0
393220,0
393225,0
393229,0
393242,0
393243,0
393246,0
393251,0
393253,0
393259,0
393266,0
393267,0
393272,0
393273,0
393281,0
393282,0
393283,0
393290,1
393302,0
393304,0
393305,0
393307,0
393308,0
393312,0
393314,0
393321,0
393323,0
393325,0
393326,0
393331,0
393341,0
393344,0
393349,0
393357,0
393358,0
393361,0
393367,0
393369,0
393380,0
393385,0
393386,0
393391,1
393392,0
393399,0
393400,0
393405,0
393407,0
393426,0
393429,0
393434,0
393435,0
393437,0
393442,0
393443,0
393446,0
393449,0
393450,0
393452,0
393456,0
393468,0
393469,0
393472,0
393494,0
393497,0
393499,0
393501,0
393502,0
393505,0
393510,0
393517,0
393520,0
393522,0
393525,0
393531,0
393540,0
393543,0
393548,0
393550,0
393553,0
393566,0
393570,0
393577,0
393580,0
393586,0
393594,0
393600,1
393611,0
393619,0
393633,0
393645,0
393649,0
393654,0
393661,0
393662,1
393664,0
393670,0
393675,0
393679,0
393690,1
393692,0
393696,0
393711,0
393712,0
393750,0
393752,0
393756,0
393765,0
393766,0
393776,0
393785,0
393788,0
393794,0
393795,0
393798,0
393805,0
393806,0
393807,0
393814,0
393816,0
393825,0
393828,0
393833,0
393836,0
393843,0
393845,0
393847,0
393848,0
393872,0
393877,0
393881,0
393888,0
393893,0
393894,0
393899,0
393900,0
393914,0
393916,0
393922,0
393925,0
393926,0
393931,0
393936,0
393937,0
393939,0
393964,0
393972,0
393973,0
393974,0
393975,0
393976,0
393977,0
393979,0
393980,0
393981,1
393982,0
393988,0
393996,0
393999,0
394010,0
394012,0
394013,0
394015,0
394026,0
394028,0
394034,1
394040,0
394042,1
394053,0
394057,0
394059,0
394069,1
394075,0
394079,0
394081,0
394083,0
394086,0
394089,0
394091,0
394092,0
394093,0
394094,0
394095,0
394102,0
394108,0
394119,0
394120,0
394122,0
394124,0
394127,0
394130,0
394132,0
394136,0
394139,0
394142,0
394155,0
394157,0
394158,0
394166,0
394167,0
394172,0
394175,0
394182,0
394185,1
394194,0
394197,0
394199,0
394200,0
394203,0
394209,0
394213,0
394215,0
394220,0
394221,0
394222,0
394228,0
394230,0
394234,0
394237,0
394239,0
394248,0
394254,0
394262,0
394268,0
394274,0
394282,0
394288,0
394293,0
394294,0
394296,0
394299,0
394318,0
394324,0
394325,0
394330,0
394332,0
394338,0
394342,0
394349,0
394350,0
394352,0
394355,0
394357,0
394361,0
394377,0
394381,0
394383,0
394398,0
394413,0
394416,0
394417,0
394420,0
394426,0
394427,0
394434,0
394446,0
394447,1
394448,0
394456,0
394465,0
394478,0
394487,0
394491,0
394498,0
394499,0
394502,0
394503,0
394505,0
394512,0
394513,0
394521,0
394524,0
394534,0
394541,0
394554,0
394557,0
394560,0
394580,0
394592,0
394598,0
394604,0
394605,0
394610,0
394614,0
394618,0
394626,0
394633,0
394638,0
394641,0
394653,0
394656,0
394658,0
394669,0
394687,0
394713,0
394714,0
394722,0
394725,0
394738,0
394740,0
394755,0
394757,0
394772,0
394780,0
394795,0
394800,0
394806,0
394814,0
394818,0
394825,0
394828,0
394829,0
394834,0
394844,0
394848,0
394857,0
394862,0
394884,0
394885,0
394902,0
394912,0
394915,0
394927,0
394935,0
394936,0
394939,0
394947,0
394949,0
394963,0
394966,1
394975,0
394985,0
394988,0
394994,0
394996,0
395002,0
395004,0
395007,0
395009,0
395013,0
395014,0
395015,0
395024,0
395026,0
395031,0
395033,0
395035,0
395046,0
395073,0
395085,0
395091,0
395094,0
395095,0
395103,0
395104,0
395109,0
395114,0
395117,0
395120,0
395125,0
395127,0
395128,0
395134,0
395135,0
395137,0
395138,0
395140,0
395141,1
395143,0
395160,0
395166,0
395175,0
395178,0
395182,0
395185,0
395188,0
395189,0
395190,0
395193,0
395194,0
395223,0
395225,0
395230,0
395231,0
395233,0
395236,0
395240,0
395242,0
395245,0
395254,0
395255,0
395257,0
395258,0
395263,0
395274,0
395276,0
395280,1
395283,1
395295,0
395298,0
395299,0
395304,0
395308,0
395309,0
395310,0
395313,0
395314,0
395316,0
395317,0
395319,0
395320,0
395336,0
395340,0
395341,0
395344,0
395346,0
395351,0
395370,0
395371,0
395372,0
395375,0
395378,0
395381,0
395383,0
395395,0
395398,0
395399,0
395404,0
395405,0
395407,0
395413,0
395416,0
395420,0
395421,0
395428,0
395436,0
395438,0
395450,0
395458,0
395464,0
395479,0
395485,0
395489,0
395491,0
395507,0
395510,0
395513,0
395515,0
395522,0
395530,0
395531,0
395541,0
395543,0
395548,0
395549,0
395550,0
395552,0
395553,0
395554,0
395558,0
395563,0
395565,0
395567,0
395578,0
395580,0
395582,0
395584,1
395589,0
395599,0
395606,0
395607,0
395608,0
395614,0
395615,0
395620,0
395632,0
395636,0
395641,0
395644,0
395646,0
395650,0
395651,0
395657,0
395664,0
395666,0
395675,0
395678,0
395683,0
395684,0
395690,0
395691,0
395699,0
395700,0
395706,0
395707,0
395709,0
395710,0
395711,0
395713,0
395714,0
395715,1
395724,0
395727,0
395732,0
395742,0
395750,0
395773,0
395795,0
395797,0
395803,0
395807,0
395822,0
395826,0
395840,0
395845,0
395848,0
395855,0
395863,0
395869,0
395874,0
395876,0
395882,0
395883,0
395892,0
395901,0
395911,0
395921,0
395922,0
395925,0
395926,0
395939,0
395943,0
395947,0
395950,0
395952,0
395960,0
395965,0
395968,1
395980,0
395998,0
396000,0
396008,0
396011,0
396023,0
396026,0
396032,0
396070,0
396071,0
396073,0
396079,0
396091,0
396103,0
396104,0
396109,0
396114,0
396115,0
396123,0
396125,0
396126,0
396131,1
396134,0
396137,0
396138,0
396144,0
396152,0
396158,0
396160,0
396161,0
396164,0
396169,0
396173,0
396176,0
396181,0
396186,0
396188,0
396190,0
396201,0
396204,0
396205,0
396223,0
396226,0
396232,0
396242,0
396255,0
396256,0
396263,0
396272,0
396275,0
396281,0
396283,0
396288,0
396289,0
396295,0
396302,0
396303,0
396316,0
396317,0
396319,0
396328,0
396330,0
396336,0
396342,0
396348,0
396352,0
396356,0
396367,0
396378,0
396382,0
396388,0
396405,0
396408,0
396410,0
396416,0
396420,1
396429,0
396447,0
396456,0
396460,0
396471,0
396474,0
396475,0
396479,0
396480,0
396503,0
396505,0
396508,0
396509,0
396511,0
396519,0
396530,0
396533,0
396541,0
396546,0
396550,0
396556,0
396557,0
396564,0
396569,0
396572,0
396574,0
396593,0
396596,0
396598,0
396600,0
396601,0
396614,0
396616,0
396617,0
396622,0
396627,0
396629,0
396652,0
396656,0
396658,0
396664,0
396667,0
396671,0
396676,0
396679,0
396685,0
396687,0
396688,0
396702,0
396717,0
396719,0
396724,0
396728,0
396733,0
396734,0
396738,0
396742,0
396751,1
396756,0
396757,0
396762,0
396767,0
396773,0
396778,0
396782,0
396795,0
396798,0
396801,0
396804,0
396808,0
396809,0
396817,0
396818,0
396820,0
396821,0
396824,0
396830,0
396841,0
396842,0
396847,0
396852,0
396857,0
396858,0
396864,0
396867,1
396869,0
396872,0
396874,1
396875,0
396876,0
396885,0
396892,0
396893,0
396898,0
396899,0
396901,0
396902,0
396906,0
396909,0
396918,0
396921,0
396929,0
396931,0
396932,0
396947,0
396949,0
396953,0
396964,0
396972,0
396973,0
396975,0
396981,0
396990,0
397000,0
397001,0
397015,0
397020,0
397027,0
397031,0
397034,0
397035,0
397047,0
397048,0
397052,0
397055,0
397056,0
397081,0
397084,0
397091,0
397093,0
397104,0
397105,0
397116,0
397129,0
397131,0
397133,0
397137,0
397140,0
397155,0
397156,0
397157,0
397164,0
397170,0
397176,1
397202,0
397203,0
397204,0
397205,0
397216,0
397217,0
397219,0
397222,0
397224,0
397232,0
397233,1
397234,0
397237,0
397240,0
397241,0
397242,0
397245,0
397253,0
397256,0
397263,0
397271,0
397272,0
397274,0
397285,0
397287,0
397290,0
397299,0
397303,0
397304,0
397317,0
397319,1
397323,1
397324,0
397333,0
397335,0
397336,1
397340,0
397342,0
397344,0
397354,0
397355,0
397359,0
397365,0
397369,0
397382,0
397384,0
397388,0
397391,0
397393,0
397396,0
397416,0
397426,0
397433,0
397434,0
397440,0
397443,0
397449,0
397451,0
397462,0
397467,0
397469,0
397471,0
397472,1
397473,0
397484,0
397485,0
397491,0
397506,0
397512,0
397513,0
397517,0
397521,0
397523,0
397527,0
397532,0
397535,0
397537,0
397540,0
397544,0
397549,0
397558,0
397560,0
397561,0
397569,0
397587,0
397588,0
397589,0
397592,0
397602,0
397603,0
397629,0
397630,0
397634,0
397648,0
397676,0
397684,0
397687,0
397690,0
397692,0
397694,0
397703,0
397704,0
397705,0
397707,0
397712,0
397713,0
397717,0
397718,0
397724,0
397726,0
397731,0
397732,0
397733,0
397735,0
397743,0
397746,0
397756,0
397759,0
397763,0
397776,0
397788,0
397790,0
397791,0
397792,0
397794,0
397797,0
397799,0
397800,0
397804,0
397805,0
397812,1
397818,0
397821,0
397841,0
397843,0
397844,0
397865,0
397884,0
397886,0
397891,0
397894,0
397895,0
397896,0
397904,0
397911,0
397920,0
397921,0
397931,0
397935,0
397940,0
397944,0
397947,0
397948,0
397954,0
397962,0
397964,0
397965,0
397974,0
397975,0
397980,0
397981,0
397983,0
397985,0
397989,0
397993,0
397995,0
398002,0
398004,0
398008,0
398016,0
398024,0
398031,0
398034,1
398045,0
398051,0
398058,0
398064,0
398070,0
398072,0
398073,0
398081,0
398084,0
398098,0
398104,0
398107,0
398112,0
398137,0
398139,0
398140,0
398143,0
398147,1
398149,0
398150,0
398152,0
398159,0
398173,0
398174,0
398176,0
398179,0
398196,0
398201,0
398202,0
398203,0
398210,0
398212,0
398219,0
398224,0
398231,0
398240,0
398242,0
398245,0
398249,0
398250,0
398263,0
398267,0
398269,0
398275,0
398286,0
398287,0
398288,0
398296,0
398298,0
398299,0
398306,0
398308,0
398316,0
398322,0
398323,0
398324,0
398330,0
398341,0
398356,0
398363,0
398366,0
398368,0
398369,0
398371,0
398379,0
398382,1
398387,0
398388,0
398390,0
398392,0
398395,0
398407,0
398412,0
398416,0
398417,1
398422,0
398430,0
398438,0
398439,0
398441,0
398442,0
398447,1
398449,0
398455,0
398460,0
398465,0
398469,0
398471,0
398473,0
398475,0
398477,0
398485,0
398487,0
398494,0
398495,0
398496,0
398497,0
398498,0
398508,0
398514,0
398517,0
398523,0
398524,0
398526,0
398533,0
398535,0
398537,0
398539,0
398544,0
398545,0
398550,0
398553,0
398567,0
398568,0
398572,0
398573,0
398583,0
398590,0
398593,0
398594,0
398596,0
398613,0
398616,0
398620,0
398623,0
398624,0
398639,0
398642,0
398651,0
398658,1
398661,0
398664,0
398671,0
398672,0
398673,0
398685,0
398688,0
398689,0
398690,0
398693,0
398699,0
398706,0
398710,0
398711,0
398721,0
398730,0
398731,0
398734,0
398738,0
398741,0
398753,0
398754,0
398756,0
398761,0
398768,0
398770,0
398773,0
398774,0
398777,0
398779,0
398782,0
398783,0
398788,0
398802,0
398805,0
398806,0
398818,0
398820,0
398826,0
398832,0
398833,0
398845,0
398848,0
398852,0
398853,0
398864,0
398865,0
398867,0
398871,0
398877,0
398881,0
398889,0
398891,0
398893,0
398900,0
398906,0
398913,1
398915,0
398926,1
398932,0
398936,1
398943,0
398955,0
398963,0
398964,0
398966,1
398967,0
398972,0
398973,0
398974,0
398983,0
398990,0
399002,0
399008,0
399031,0
399033,0
399041,0
399046,1
399058,0
399060,0
399065,0
399068,0
399069,0
399076,0
399085,0
399089,0
399092,0
399099,0
399100,0
399103,0
399112,0
399115,0
399121,0
399130,0
399134,0
399144,0
399153,0
399155,0
399165,0
399168,0
399174,0
399185,0
399200,0
399201,0
399213,1
399219,0
399221,0
399227,0
399228,1
399246,0
399249,0
399253,0
399256,0
399269,0
399274,0
399284,0
399291,0
399307,0
399308,0
399309,0
399310,0
399318,0
399325,0
399327,0
399330,0
399331,0
399332,0
399341,0
399347,0
399348,0
399351,0
399352,0
399356,0
399364,0
399368,0
399370,0
399373,0
399374,0
399376,0
399382,0
399387,0
399390,0
399398,0
399403,0
399407,0
399413,0
399419,0
399428,0
399431,0
399437,0
399441,0
399449,0
399450,0
399458,0
399469,0
399480,0
399482,0
399484,0
399500,0
399502,0
399504,0
399508,0
399509,0
399519,0
399543,0
399551,0
399554,0
399557,0
399569,0
399581,0
399590,0
399597,0
399601,0
399602,0
399610,1
399613,0
399632,0
399634,0
399642,0
399643,0
399645,0
399663,0
399669,0
399685,0
399688,0
399693,0
399696,0
399697,0
399706,0
399709,0
399713,0
399722,1
399724,0
399727,0
399728,0
399731,0
399745,0
399749,0
399751,0
399753,0
399763,0
399764,1
399767,0
399769,0
399780,0
399782,0
399788,0
399793,0
399794,0
399799,0
399800,0
399801,0
399806,0
399809,0
399815,0
399833,0
399842,0
399864,0
399867,0
399868,0
399870,0
399875,0
399877,0
399881,0
399882,0
399884,0
399890,0
399899,0
399900,0
399903,0
399908,0
399909,0
399915,0
399916,0
399917,0
399919,0
399922,0
399924,0
399937,0
399941,0
399947,0
399957,0
399958,0
399975,0
399982,0
399983,0
399984,0
399986,0
399989,0
399995,0
399999,0
400016,0
400018,0
400021,0
400022,0
400025,0
400027,0
400037,0
400038,0
400042,0
400044,0
400054,0
400057,0
400060,0
400062,0
400063,0
400076,0
400089,0
400095,0
400096,0
400098,0
400105,0
400108,0
400116,0
400117,0
400118,0
400134,0
400136,0
400137,0
400139,0
400144,0
400151,0
400152,0
400163,0
400164,0
400175,0
400178,0
400180,0
400181,0
400189,0
400190,0
400191,0
400194,0
400198,0
400202,0
400206,0
400209,0
400212,1
400215,0
400218,0
400228,0
400232,0
400238,0
400241,0
400245,0
400251,0
400272,0
400276,0
400284,0
400285,0
400292,0
400293,0
400295,0
400299,0
400300,0
400301,0
400308,0
400310,0
400314,0
400319,0
400321,0
400326,0
400328,0
400330,0
400334,0
400344,0
400348,0
400351,0
400352,0
400356,0
400363,0
400365,0
400371,0
400374,0
400380,0
400384,0
400386,0
400387,1
400398,0
400407,0
400414,0
400419,0
400422,0
400430,0
400433,0
400435,0
400441,0
400458,0
400465,0
400475,0
400481,0
400482,0
400485,0
400488,0
400489,0
400497,0
400498,0
400499,0
400501,0
400508,1
400510,0
400511,0
400531,0
400534,0
400535,0
400539,0
400542,0
400544,0
400549,0
400553,0
400554,0
400562,0
400568,0
400571,0
400581,0
400582,0
400588,0
400593,0
400597,0
400600,0
400606,0
400608,0
400614,0
400617,0
400619,0
400621,0
400622,0
400624,0
400630,0
400634,0
400637,0
400653,0
400678,1
400684,0
400690,0
400691,0
400692,0
400694,0
400706,0
400708,0
400709,0
400714,0
400717,0
400718,0
400726,0
400727,0
400729,0
400732,0
400742,0
400744,0
400747,0
400754,0
400762,0
400763,0
400776,0
400778,0
400792,0
400798,0
400801,0
400802,0
400805,0
400808,0
400811,0
400812,0
400815,0
400819,0
400828,0
400829,0
400834,0
400837,0
400840,0
400852,1
400855,0
400866,0
400867,0
400873,0
400877,0
400903,0
400906,0
400923,0
400925,0
400930,0
400947,0
400949,0
400955,0
400956,0
400957,0
400959,0
400965,0
400972,0
400976,0
400980,0
400991,0
400999,1
401010,0
401013,0
401016,0
401017,0
401024,0
401027,0
401029,0
401041,0
401047,0
401048,0
401052,0
401054,0
401055,1
401056,0
401074,0
401075,0
401078,0
401081,0
401082,0
401086,1
401087,0
401088,0
401095,0
401100,0
401116,0
401121,0
401123,0
401130,0
401136,0
401146,0
401147,0
401151,0
401153,0
401154,0
401159,0
401169,0
401170,0
401177,0
401178,0
401181,0
401186,0
401187,0
401188,0
401194,0
401202,0
401204,0
401205,1
401206,0
401207,0
401211,0
401214,1
401216,0
401218,0
401228,0
401245,0
401246,0
401255,0
401264,0
401265,0
401269,0
401271,0
401275,0
401284,0
401287,0
401290,0
401309,0
401314,0
401318,0
401329,0
401342,0
401344,0
401347,0
401348,0
401353,0
401360,1
401362,0
401363,0
401365,0
401372,0
401374,0
401381,0
401382,0
401385,0
401386,0
401394,0
401397,0
401398,0
401399,0
401406,0
401408,0
401412,0
401426,0
401430,0
401436,0
401438,0
401439,0
401444,0
401454,0
401458,0
401460,0
401470,0
401472,0
401473,0
401482,0
401484,0
401487,0
401513,0
401519,0
401522,0
401523,0
401532,1
401542,0
401544,0
401552,0
401553,0
401556,1
401557,0
401561,0
401567,0
401569,0
401571,0
401579,0
401591,0
401592,0
401595,0
401601,0
401602,0
401614,0
401619,0
401624,0
401636,0
401638,0
401644,0
401645,1
401651,0
401656,0
401658,0
401665,0
401670,0
401673,0
401675,0
401679,0
401681,0
401683,0
401684,0
401686,0
401693,0
401706,0
401711,0
401712,0
401714,0
401718,0
401720,1
401721,0
401729,0
401735,0
401737,0
401739,1
401746,0
401747,0
401748,0
401749,0
401750,0
401752,0
401756,0
401757,0
401758,0
401765,0
401771,0
401783,0
401788,0
401789,0
401791,0
401792,0
401793,0
401804,0
401810,0
401817,1
401824,0
401826,0
401829,1
401833,0
401834,0
401835,0
401840,0
401844,0
401846,0
401858,0
401862,0
401871,0
401875,0
401878,0
401880,0
401888,0
401889,0
401895,0
401901,0
401903,0
401913,0
401915,0
401930,0
401937,0
401942,0
401945,0
401960,0
401963,0
401965,0
401970,0
401978,1
401983,0
401990,0
401991,0
401996,0
401997,0
402005,0
402011,0
402017,0
402021,0
402024,0
402025,0
402027,0
402036,0
402045,0
402051,0
402053,0
402054,0
402059,0
402066,0
402081,0
402083,0
402093,0
402098,0
402099,0
402102,0
402105,0
402106,0
402111,0
402112,0
402127,1
402132,0
402140,0
402147,0
402148,0
402151,0
402154,0
402157,0
402170,0
402196,0
402197,0
402198,0
402200,0
402204,0
402206,0
402213,0
402215,0
402216,0
402219,0
402223,0
402236,0
402243,0
402247,0
402248,0
402255,0
402261,0
402263,0
402264,0
402265,0
402270,0
402280,0
402281,0
402287,0
402289,0
402293,0
402295,1
402297,0
402302,0
402305,0
402320,0
402323,0
402340,0
402341,0
402342,0
402348,0
402361,0
402363,0
402376,0
402381,0
402393,0
402395,0
402402,0
402403,0
402407,0
402408,0
402412,0
402413,0
402414,1
402417,0
402418,0
402422,0
402423,0
402424,0
402425,0
402426,0
402439,0
402446,0
402447,0
402449,0
402454,0
402467,0
402468,0
402470,0
402481,0
402482,0
402483,0
402490,0
402496,0
402500,0
402501,0
402512,0
402515,0
402518,0
402527,0
402529,0
402530,0
402534,0
402535,0
402544,0
402547,0
402548,0
402558,0
402561,0
402567,0
402575,0
402581,0
402582,0
402585,0
402588,0
402589,0
402591,0
402598,0
402600,0
402602,0
402606,0
402607,0
402608,0
402618,0
402620,0
402623,0
402627,0
402630,0
402640,0
402645,0
402647,0
402664,0
402672,0
402689,0
402691,0
402695,0
402703,0
402705,0
402712,0
402715,0
402730,0
402731,0
402733,0
402734,0
402737,0
402743,0
402755,0
402757,0
402766,0
402774,0
402775,0
402779,0
402784,0
402788,0
402791,0
402793,0
402794,0
402813,0
402827,0
402840,0
402845,0
402846,0
402847,0
402855,0
402858,0
402860,0
402861,1
402863,0
402865,0
402876,0
402878,0
402879,1
402883,0
402893,0
402898,1
402900,0
402907,0
402908,0
402910,0
402912,0
402913,0
402914,0
402917,0
402919,0
402920,0
402927,1
402930,0
402935,0
402938,0
402943,0
402968,0
402976,0
402977,0
402979,0
402981,0
402984,0
402986,0
402988,0
403001,0
403002,0
403011,0
403014,0
403022,0
403032,0
403039,0
403047,0
403056,0
403070,0
403071,0
403083,0
403085,0
403088,0
403091,0
403092,0
403093,0
403102,0
403112,0
403116,0
403121,0
403125,0
403126,0
403139,0
403143,0
403148,0
403149,0
403151,0
403164,0
403167,0
403170,0
403172,0
403178,0
403182,0
403185,0
403193,1
403206,0
403208,0
403226,0
403232,0
403235,0
403237,0
403245,0
403246,0
403255,0
403258,0
403263,0
403264,0
403265,0
403269,0
403283,0
403287,0
403291,0
403297,0
403299,0
403300,0
403311,0
403313,0
403316,0
403317,0
403323,0
403329,0
403331,0
403351,0
403357,0
403361,0
403373,0
403383,0
403388,0
403389,0
403397,0
403398,0
403402,0
403404,0
403407,0
403415,0
403419,0
403422,0
403427,0
403428,0
403437,0
403438,0
403449,0
403463,0
403466,0
403471,0
403474,0
403480,0
403489,0
403492,0
403493,0
403506,0
403521,0
403526,0
403534,0
403538,0
403542,0
403553,0
403559,0
403563,0
403570,0
403571,0
403574,0
403575,0
403579,0
403583,0
403590,0
403601,0
403607,0
403609,0
403612,0
403620,0
403630,0
403637,0
403638,0
403642,0
403643,0
403647,0
403654,0
403662,0
403668,0
403671,0
403674,0
403677,0
403678,0
403680,0
403681,0
403684,0
403687,0
403691,0
403692,0
403694,0
403697,0
403699,0
403702,0
403708,0
403714,0
403719,0
403731,0
403732,0
403742,0
403755,0
403761,0
403762,0
403765,0
403767,0
403774,1
403775,0
403778,0
403784,0
403787,0
403792,0
403794,0
403804,0
403809,0
403816,0
403817,0
403819,0
403823,0
403824,0
403826,1
403828,0
403836,0
403837,0
403838,0
403840,0
403846,0
403857,0
403859,0
403864,0
403869,0
403870,0
403874,0
403877,0
403884,0
403885,0
403886,0
403891,0
403906,0
403910,0
403917,0
403922,0
403932,0
403936,0
403941,0
403943,0
403950,0
403953,0
403965,0
403967,0
403969,0
403976,0
403978,0
403981,0
403987,0
403988,0
403995,0
404010,0
404011,0
404030,0
404031,0
404033,0
404036,0
404039,0
404040,0
404045,0
404049,0
404053,0
404055,0
404061,0
404064,0
404070,0
404071,0
404073,0
404075,0
404077,0
404078,0
404080,0
404083,0
404089,0
404098,0
404103,0
404108,0
404112,0
404116,0
404120,0
404135,0
404139,0
404146,0
404148,0
404155,0
404164,0
404166,0
404175,0
404176,0
404177,0
404183,0
404190,0
404199,0
404202,0
404203,0
404204,0
404207,0
404222,0
404224,0
404227,0
404229,0
404233,0
404238,0
404243,0
404257,0
404280,0
404289,0
404305,0
404311,0
404317,0
404328,0
404332,0
404334,0
404344,0
404351,0
404362,0
404363,0
404366,0
404372,0
404381,0
404392,0
404393,0
404396,0
404401,0
404408,0
404425,0
404426,0
404433,0
404440,0
404447,0
404451,0
404466,0
404468,0
404474,0
404484,0
404489,0
404496,0
404497,0
404524,0
404539,0
404540,0
404543,0
404552,0
404553,0
404555,0
404560,0
404561,0
404569,0
404577,0
404581,0
404584,0
404590,0
404591,0
404593,0
404596,1
404607,0
404612,0
404614,0
404623,0
404624,0
404633,0
404634,0
404651,0
404654,0
404656,0
404658,0
404659,0
404665,0
404669,0
404671,0
404673,0
404675,0
404678,0
404683,0
404687,0
404688,0
404690,0
404698,0
404704,0
404705,0
404713,0
404716,0
404722,0
404725,0
404726,0
404733,0
404740,0
404744,0
404746,0
404752,0
404754,0
404763,0
404766,0
404784,0
404786,0
404788,0
404790,0
404795,0
404798,0
404804,0
404805,0
404812,0
404824,0
404827,0
404847,0
404864,0
404876,0
404878,1
404879,0
404882,0
404884,0
404889,0
404894,0
404896,0
404904,0
404918,1
404926,0
404942,0
404945,0
404954,0
404956,0
404961,0
404970,0
404971,0
404976,0
404979,0
404984,0
404985,0
404987,0
404988,0
404995,0
404999,0
405002,0
405004,0
405017,0
405022,0
405024,0
405030,0
405034,0
405035,0
405037,0
405038,0
405040,0
405047,0
405048,0
405049,0
405054,0
405058,0
405060,0
405065,0
405071,0
405073,0
405074,0
405082,0
405090,0
405092,0
405095,0
405108,0
405109,0
405114,0
405120,0
405122,0
405134,0
405138,0
405141,0
405143,0
405145,0
405147,0
405150,0
405153,0
405156,1
405160,0
405163,0
405168,0
405175,0
405178,0
405181,0
405185,0
405186,0
405188,0
405190,0
405195,0
405196,0
405200,0
405212,0
405213,0
405231,0
405234,0
405235,0
405238,0
405239,0
405245,0
405251,0
405256,0
405259,0
405266,0
405267,0
405287,0
405289,0
405290,0
405291,0
405303,0
405308,0
405310,0
405318,0
405323,0
405327,0
405339,0
405345,0
405349,0
405351,0
405361,0
405363,0
405381,0
405383,0
405402,0
405407,0
405417,0
405438,1
405440,0
405442,0
405443,0
405451,0
405455,0
405461,0
405469,1
405472,0
405475,0
405484,0
405489,1
405490,0
405493,0
405497,0
405500,0
405502,0
405510,0
405513,0
405515,0
405517,0
405524,0
405532,0
405535,0
405549,0
405559,0
405560,0
405562,0
405564,0
405567,0
405574,0
405577,0
405582,0
405583,0
405588,0
405589,0
405593,0
405595,0
405601,0
405602,0
405624,0
405628,1
405631,0
405650,0
405654,0
405657,0
405658,0
405659,1
405666,0
405673,0
405680,0
405707,0
405708,0
405713,0
405716,0
405734,0
405738,0
405740,0
405745,0
405747,0
405753,0
405771,0
405781,0
405782,1
405786,0
405790,0
405791,0
405793,0
405797,0
405800,0
405812,1
405813,0
405822,0
405826,0
405831,0
405836,0
405841,0
405854,0
405855,0
405858,0
405863,0
405871,0
405872,0
405873,0
405880,0
405886,0
405894,0
405900,1
405905,0
405912,0
405920,0
405931,0
405932,0
405936,0
405944,0
405947,0
405950,0
405959,0
405964,0
405966,0
405967,0
405991,0
405996,0
406003,0
406006,0
406012,0
406016,0
406017,1
406020,0
406024,0
406030,0
406037,0
406047,0
406050,0
406052,0
406055,0
406079,0
406089,0
406090,0
406109,0
406137,0
406138,0
406153,0
406156,0
406169,0
406172,0
406183,0
406184,0
406186,0
406187,0
406191,0
406192,0
406194,0
406201,0
406203,0
406206,0
406212,0
406219,0
406224,0
406230,0
406233,0
406235,0
406249,0
406258,0
406259,0
406261,0
406271,0
406272,0
406281,0
406285,0
406287,0
406289,0
406291,0
406296,0
406299,0
406300,0
406306,0
406310,0
406311,0
406318,0
406323,0
406330,0
406337,0
406340,0
406341,0
406350,0
406353,0
406357,0
406364,0
406365,0
406374,0
406378,0
406379,0
406382,0
406387,0
406399,0
406418,0
406420,0
406426,0
406427,1
406448,0
406451,0
406452,0
406456,0
406458,0
406461,0
406472,0
406481,0
406483,0
406491,0
406492,0
406497,0
406503,0
406511,1
406514,0
406516,0
406518,0
406531,1
406541,0
406550,0
406553,0
406561,0
406562,0
406563,0
406568,0
406569,0
406576,0
406581,0
406590,0
406608,0
406620,0
406632,0
406635,0
406644,0
406650,0
406653,0
406656,0
406661,1
406662,0
406663,0
406672,0
406673,0
406682,0
406684,0
406686,0
406687,0
406694,0
406696,0
406701,0
406704,0
406713,0
406716,0
406728,0
406729,0
406735,0
406736,0
406742,1
406757,0
406761,0
406765,0
406766,0
406767,0
406770,0
406772,0
406773,0
406780,0
406784,0
406793,0
406798,0
406799,0
406800,0
406801,0
406813,0
406832,0
406839,0
406843,1
406845,0
406847,0
406849,0
406850,0
406852,0
406859,0
406868,0
406870,0
406874,0
406880,0
406881,0
406884,0
406897,0
406917,0
406923,0
406931,0
406934,1
406935,0
406940,0
406948,0
406959,0
406962,0
406965,0
406968,0
406970,0
406981,0
406987,0
406990,0
406994,1
407003,1
407006,0
407008,0
407022,0
407041,0
407049,0
407054,0
407058,0
407059,0
407061,0
407070,0
407080,0
407100,0
407109,0
407123,0
407125,0
407126,0
407132,0
407134,0
407139,0
407141,0
407150,0
407157,0
407179,0
407182,0
407183,0
407188,0
407189,0
407190,0
407196,0
407200,0
407205,0
407215,0
407217,0
407220,0
407221,0
407223,0
407232,0
407243,0
407246,0
407248,0
407249,0
407253,0
407262,0
407264,0
407274,0
407279,0
407283,0
407292,0
407294,0
407296,0
407299,0
407300,0
407308,0
407324,0
407326,0
407330,0
407331,0
407334,0
407337,0
407350,0
407353,0
407360,0
407364,0
407369,0
407370,0
407373,0
407374,0
407377,0
407380,1
407383,0
407391,0
407394,0
407395,0
407398,0
407403,0
407404,0
407409,0
407413,0
407415,0
407418,0
407419,0
407420,0
407421,0
407422,0
407423,0
407424,0
407432,0
407434,0
407436,0
407440,0
407443,0
407452,0
407469,0
407470,0
407473,0
407474,0
407475,0
407479,0
407480,0
407488,0
407489,0
407490,0
407492,0
407497,0
407504,0
407507,0
407509,0
407511,0
407524,0
407525,0
407526,0
407527,0
407528,0
407529,0
407539,0
407543,0
407546,0
407547,0
407549,0
407550,1
407554,0
407562,0
407573,0
407577,0
407582,0
407588,0
407596,0
407598,0
407601,0
407603,0
407604,0
407605,0
407607,0
407615,0
407616,0
407617,0
407625,0
407626,0
407654,0
407655,0
407659,0
407665,0
407675,0
407678,0
407679,0
407683,0
407687,0
407690,0
407699,0
407700,0
407701,0
407702,0
407705,0
407706,0
407724,0
407725,0
407728,0
407730,0
407731,0
407733,0
407734,0
407736,0
407739,0
407755,0
407759,0
407763,0
407764,0
407769,0
407776,0
407780,0
407782,0
407788,0
407790,0
407802,0
407804,0
407807,0
407810,0
407813,0
407821,0
407833,0
407834,0
407836,0
407837,0
407839,0
407843,0
407847,0
407848,0
407852,0
407858,0
407862,0
407864,0
407867,0
407872,0
407874,0
407884,0
407903,0
407905,0
407913,0
407921,0
407922,0
407923,0
407924,0
407928,0
407938,0
407940,0
407943,0
407947,0
407956,0
407958,0
407964,0
407967,0
407971,0
407972,0
407974,0
407983,0
407988,0
407989,0
407991,0
407997,0
408003,1
408004,0
408009,0
408012,0
408018,0
408019,0
408025,0
408028,0
408032,0
408033,0
408034,0
408035,0
408036,0
408046,0
408048,0
408051,0
408061,0
408072,0
408078,1
408097,0
408101,0
408110,0
408116,0
408118,1
408124,0
408125,0
408128,0
408132,0
408133,0
408139,0
408141,0
408143,0
408154,0
408164,1
408168,0
408169,0
408173,0
408177,0
408186,0
408189,0
408191,0
408192,0
408195,0
408196,0
408200,0
408214,0
408224,0
408229,0
408234,0
408240,0
408241,0
408243,0
408245,0
408250,0
408253,0
408255,0
408257,0
408269,0
408272,0
408274,0
408275,0
408283,0
408294,0
408301,0
408303,0
408304,1
408308,0
408312,0
408321,0
408324,0
408330,0
408333,0
408336,0
408338,0
408342,0
408343,0
408347,0
408352,0
408353,0
408363,0
408365,0
408367,0
408370,0
408372,0
408377,0
408379,0
408382,0
408383,0
408387,0
408391,0
408401,0
408407,0
408412,0
408416,0
408419,1
408420,0
408422,0
408432,0
408440,0
408446,0
408447,0
408457,0
408458,0
408462,0
408463,0
408467,0
408468,0
408469,0
408476,0
408489,0
408490,0
408493,1
408497,0
408513,0
408516,0
408518,0
408523,0
408527,0
408530,0
408547,0
408548,0
408551,0
408558,0
408560,0
408562,0
408569,0
408574,0
408575,0
408581,0
408582,0
408587,0
408588,0
408590,0
408596,0
408608,0
408615,0
408619,0
408623,0
408629,0
408638,0
408640,0
408646,0
408651,0
408653,0
408654,0
408655,0
408661,0
408663,0
408679,0
408683,0
408699,0
408702,0
408705,0
408708,0
408711,0
408714,0
408717,0
408741,0
408743,0
408749,0
408752,0
408762,0
408764,0
408776,0
408777,0
408783,0
408788,0
408803,0
408806,0
408808,0
408811,0
408815,1
408819,0
408822,0
408834,0
408837,0
408838,0
408839,0
408842,1
408846,0
408851,0
408854,0
408858,0
408866,0
408870,0
408871,0
408873,0
408878,0
408880,0
408889,0
408890,0
408891,0
408894,0
408898,0
408904,0
408907,0
408920,0
408929,1
408930,0
408931,0
408935,0
408938,0
408948,0
408954,0
408970,0
408977,0
408978,0
408984,0
408987,0
408989,0
408990,0
408992,0
409003,0
409005,0
409007,0
409009,0
409011,0
409013,0
409020,0
409024,0
409026,0
409028,0
409029,0
409036,0
409043,0
409050,0
409054,0
409056,0
409070,0
409077,0
409082,0
409099,0
409101,0
409106,0
409108,0
409114,0
409115,0
409116,0
409118,0
409120,0
409122,0
409124,0
409126,0
409128,0
409133,0
409136,0
409140,0
409145,0
409146,0
409150,0
409162,0
409165,1
409166,0
409173,0
409180,0
409184,0
409187,0
409193,0
409194,0
409195,0
409207,0
409208,0
409209,0
409212,0
409216,0
409232,0
409235,0
409263,0
409268,0
409269,0
409272,0
409273,0
409277,0
409278,0
409281,0
409285,0
409286,0
409303,0
409304,0
409305,0
409306,0
409308,0
409315,0
409316,0
409335,0
409339,1
409345,0
409350,0
409351,0
409354,0
409365,0
409370,0
409378,0
409379,0
409380,0
409381,0
409396,0
409397,0
409399,0
409401,0
409423,0
409426,0
409432,0
409434,0
409438,0
409441,0
409449,0
409450,0
409453,0
409454,0
409458,0
409459,0
409464,0
409469,0
409476,0
409478,0
409485,0
409490,0
409491,0
409496,0
409497,0
409507,0
409514,0
409515,0
409516,0
409517,0
409522,0
409523,0
409527,0
409534,0
409538,0
409543,0
409548,0
409553,0
409554,0
409562,0
409563,0
409566,0
409572,0
409575,0
409576,0
409577,0
409581,0
409589,0
409590,0
409594,0
409597,0
409600,0
409602,0
409604,0
409611,0
409613,0
409614,0
409623,0
409627,0
409632,0
409640,0
409645,0
409647,0
409655,0
409661,0
409662,0
409672,0
409684,0
409687,0
409691,0
409693,0
409700,0
409702,0
409706,0
409708,0
409715,0
409717,0
409730,0
409733,0
409734,0
409736,0
409737,0
409738,0
409739,0
409741,0
409744,1
409746,0
409747,0
409749,0
409750,0
409755,0
409756,0
409760,0
409762,0
409775,0
409780,0
409782,0
409784,0
409785,0
409786,0
409787,0
409790,0
409792,0
409793,0
409794,0
409796,0
409803,0
409806,0
409809,0
409812,0
409816,0
409819,0
409822,0
409823,0
409832,0
409840,0
409843,0
409856,0
409882,0
409884,0
409885,0
409890,0
409895,0
409907,0
409917,0
409922,0
409928,0
409932,0
409933,0
409935,0
409941,0
409944,0
409947,0
409952,0
409956,0
409961,0
409963,1
409968,1
409985,0
409996,0
409998,0
409999,0
410000,0
410002,0
410008,0
410009,0
410014,0
410033,0
410035,0
410046,0
410047,0
410048,0
410054,0
410057,1
410070,0
410074,0
410076,0
410085,0
410087,0
410088,0
410089,0
410090,0
410106,0
410113,0
410119,0
410129,0
410133,0
410135,0
410139,0
410144,0
410145,0
410147,0
410150,0
410159,0
410163,0
410167,0
410181,0
410206,0
410210,0
410214,0
410217,0
410219,0
410220,0
410224,0
410230,0
410233,0
410245,0
410250,0
410251,0
410254,0
410256,0
410262,0
410265,0
410269,0
410271,0
410273,0
410278,0
410279,0
410290,0
410293,0
410295,0
410313,0
410314,0
410317,0
410320,0
410331,0
410335,0
410348,0
410350,0
410354,0
410357,0
410358,0
410359,0
410365,0
410366,0
410369,0
410379,0
410382,0
410387,0
410388,0
410391,0
410394,0
410400,0
410403,0
410406,0
410418,0
410419,0
410421,0
410422,0
410425,0
410426,0
410429,0
410430,0
410437,0
410447,0
410452,0
410462,0
410464,0
410467,0
410474,0
410480,0
410482,0
410489,0
410496,0
410501,0
410503,0
410513,0
410517,0
410522,1
410523,0
410539,0
410559,0
410560,0
410570,0
410572,0
410575,0
410580,0
410585,0
410590,0
410595,0
410604,0
410608,0
410613,0
410629,0
410632,0
410636,0
410657,0
410664,0
410665,0
410671,0
410674,0
410676,0
410682,0
410687,0
410689,0
410697,0
410701,0
410708,0
410715,0
410716,0
410729,0
410731,0
410733,0
410741,0
410743,0
410753,0
410761,0
410772,0
410779,0
410780,0
410781,0
410783,0
410790,0
410792,0
410798,0
410800,0
410810,0
410813,0
410814,0
410818,0
410820,0
410831,0
410833,0
410836,0
410838,0
410843,0
410844,0
410851,0
410852,0
410857,0
410858,0
410872,0
410885,0
410886,0
410890,0
410894,0
410898,0
410904,0
410905,0
410912,0
410913,0
410919,0
410923,0
410924,0
410927,0
410928,0
410929,0
410935,0
410938,0
410944,0
410950,0
410952,0
410954,0
410970,0
410974,0
410977,0
410982,0
410983,0
410992,0
411005,0
411008,0
411015,0
411029,0
411035,0
411041,0
411042,0
411046,0
411047,0
411050,0
411051,0
411052,0
411053,0
411054,0
411058,0
411061,0
411065,0
411071,0
411073,0
411081,0
411088,0
411089,0
411091,0
411108,0
411110,0
411112,0
411116,0
411117,0
411118,0
411121,0
411124,0
411137,0
411142,0
411144,0
411145,0
411151,0
411152,0
411161,0
411162,0
411164,0
411167,0
411169,0
411180,0
411185,0
411198,0
411206,0
411214,0
411222,0
411225,0
411233,0
411237,0
411240,0
411251,0
411252,0
411253,0
411255,0
411265,0
411270,0
411273,0
411278,0
411279,0
411280,0
411284,0
411287,0
411304,0
411306,0
411307,0
411321,0
411338,0
411343,0
411345,0
411347,0
411348,0
411353,0
411360,0
411364,0
411366,0
411367,0
411368,0
411371,0
411374,0
411375,0
411376,0
411383,0
411384,0
411385,0
411386,0
411396,0
411402,0
411404,0
411412,0
411416,0
411421,0
411422,0
411427,0
411432,0
411440,0
411444,0
411453,0
411454,0
411455,0
411469,0
411472,0
411478,0
411482,0
411487,0
411498,0
411499,0
411501,0
411505,0
411509,0
411515,0
411528,0
411532,0
411540,0
411547,0
411555,0
411559,0
411561,0
411564,0
411567,0
411579,0
411585,0
411600,0
411610,0
411611,0
411614,0
411616,0
411624,0
411625,0
411626,0
411630,1
411631,0
411632,0
411634,0
411635,1
411638,1
411640,0
411642,0
411646,0
411647,1
411661,0
411672,0
411679,1
411685,0
411688,0
411695,0
411700,0
411706,0
411710,0
411720,1
411721,0
411725,0
411726,0
411728,0
411732,0
411736,0
411743,0
411745,0
411753,1
411754,0
411765,0
411770,0
411779,0
411782,0
411787,0
411789,0
411790,0
411815,0
411819,0
411827,0
411833,0
411836,0
411837,0
411839,0
411845,0
411855,0
411856,0
411857,0
411865,0
411866,0
411877,0
411878,0
411879,0
411887,0
411893,0
411904,0
411918,0
411920,0
411929,0
411931,0
411932,0
411936,0
411940,0
411947,0
411961,0
411970,0
411972,0
411979,0
411980,0
411990,0
412001,0
412003,0
412005,0
412006,0
412019,0
412024,0
412029,0
412032,0
412036,0
412041,0
412045,0
412057,0
412059,0
412062,0
412065,1
412083,0
412088,0
412089,0
412097,0
412101,0
412102,0
412108,0
412109,0
412111,0
412125,0
412134,0
412138,0
412140,0
412142,0
412151,0
412154,0
412160,0
412163,0
412166,0
412169,0
412170,0
412171,0
412172,0
412173,0
412177,0
412181,0
412183,0
412186,0
412189,0
412191,0
412199,0
412202,0
412213,0
412214,0
412215,0
412218,0
412228,0
412235,1
412238,0
412245,0
412246,0
412254,0
412264,0
412274,0
412276,0
412281,0
412284,0
412287,1
412288,0
412289,0
412290,0
412296,0
412301,0
412303,0
412306,0
412310,0
412311,0
412317,0
412327,0
412335,1
412336,0
412337,0
412342,0
412351,0
412352,0
412354,0
412355,0
412362,0
412367,0
412371,0
412380,0
412381,0
412389,0
412394,0
412395,0
412407,0
412416,0
412418,0
412429,0
412430,0
412440,0
412445,0
412457,0
412460,0
412462,0
412464,0
412467,0
412470,0
412471,0
412475,0
412479,0
412485,0
412490,0
412491,0
412493,0
412498,0
412505,0
412507,0
412509,0
412513,0
412520,0
412521,1
412523,0
412525,0
412530,1
412531,0
412532,0
412537,0
412539,0
412542,0
412547,0
412562,0
412563,0
412568,0
412580,0
412582,0
412587,0
412591,0
412592,0
412594,0
412597,0
412606,0
412618,0
412620,0
412634,0
412635,0
412637,0
412642,0
412651,0
412654,0
412656,0
412657,0
412660,0
412663,0
412664,0
412665,0
412666,0
412669,0
412670,0
412676,1
412679,0
412686,0
412689,0
412693,0
412696,0
412702,0
412704,0
412720,0
412721,0
412727,0
412730,0
412736,0
412743,1
412745,0
412747,0
412751,0
412760,0
412764,0
412772,0
412776,0
412783,0
412794,0
412800,0
412802,1
412803,1
412811,0
412816,0
412817,0
412818,0
412819,1
412821,0
412825,0
412829,0
412832,0
412837,0
412843,0
412851,0
412854,0
412861,0
412862,0
412868,0
412877,0
412878,0
412887,0
412891,0
412894,0
412895,0
412897,0
412901,0
412904,0
412909,0
412910,0
412918,0
412925,0
412927,0
412929,0
412933,0
412935,0
412936,0
412937,0
412939,0
412940,0
412945,0
412946,0
412947,0
412957,0
412959,0
412961,0
412973,0
412978,0
412984,0
412991,0
412992,0
412993,1
413006,0
413008,0
413013,0
413018,0
413020,0
413021,0
413022,0
413025,0
413032,0
413036,0
413039,0
413040,0
413043,0
413045,0
413050,0
413062,0
413065,0
413072,0
413078,0
413079,0
413083,0
413084,0
413088,0
413091,0
413092,0
413096,0
413107,0
413115,0
413117,0
413119,0
413120,0
413150,0
413152,0
413153,0
413154,0
413156,0
413158,0
413166,0
413171,0
413172,0
413180,0
413184,0
413191,0
413199,0
413203,1
413206,0
413208,0
413221,0
413222,0
413225,0
413231,0
413242,0
413251,0
413252,0
413253,0
413255,0
413259,0
413262,0
413273,1
413278,0
413279,0
413285,0
413287,0
413288,0
413292,0
413294,1
413298,0
413299,0
413301,0
413308,1
413311,0
413316,0
413321,0
413323,0
413328,0
413329,0
413339,0
413347,0
413352,0
413364,0
413365,0
413372,0
413374,0
413378,0
413387,0
413391,0
413396,0
413399,0
413402,0
413403,0
413411,0
413419,0
413426,0
413429,0
413433,0
413436,1
413449,0
413455,0
413457,0
413473,1
413481,0
413482,0
413486,0
413490,0
413493,0
413495,0
413496,0
413498,0
413506,0
413510,0
413514,0
413521,0
413530,0
413536,0
413539,0
413540,0
413552,0
413555,1
413560,0
413571,0
413576,0
413578,0
413581,0
413589,0
413590,0
413598,0
413599,0
413604,0
413607,0
413614,0
413617,0
413618,0
413623,0
413628,0
413629,0
413638,0
413639,0
413647,0
413648,0
413649,0
413651,0
413655,0
413659,0
413660,0
413662,0
413665,0
413700,0
413711,0
413715,0
413717,0
413725,0
413730,0
413737,0
413743,1
413747,0
413750,0
413756,0
413763,0
413768,0
413770,0
413776,0
413777,0
413779,0
413782,1
413783,0
413785,0
413786,0
413787,0
413795,0
413797,0
413801,0
413804,0
413806,0
413809,0
413822,0
413828,0
413829,0
413833,0
413847,0
413848,0
413850,0
413861,0
413865,0
413870,0
413874,0
413883,0
413889,0
413891,0
413896,0
413904,0
413911,0
413917,1
413921,0
413923,0
413928,0
413929,0
413942,0
413943,0
413953,1
413954,0
413958,1
413960,0
413961,0
413967,0
413971,0
413977,1
413978,0
413980,1
413982,0
413998,0
414000,0
414003,0
414004,0
414014,0
414040,0
414047,0
414050,0
414053,0
414054,1
414061,0
414064,0
414068,0
414070,0
414081,0
414082,0
414083,0
414086,1
414089,0
414091,0
414095,0
414096,0
414101,0
414102,0
414111,0
414118,0
414120,0
414122,0
414123,0
414131,0
414133,0
414150,0
414153,0
414155,0
414156,0
414160,0
414162,0
414164,0
414165,0
414168,0
414175,0
414177,0
414178,0
414179,0
414188,0
414217,0
414220,0
414222,0
414228,0
414231,0
414247,0
414250,0
414254,0
414256,0
414257,0
414271,0
414275,0
414277,0
414278,0
414283,0
414284,0
414289,0
414295,0
414299,0
414308,0
414314,0
414316,0
414321,0
414322,0
414328,0
414330,0
414342,0
414345,0
414348,0
414354,0
414357,0
414361,0
414362,0
414369,0
414375,0
414376,1
414382,0
414384,0
414389,0
414395,0
414407,0
414420,0
414421,0
414425,0
414427,0
414432,0
414437,0
414444,0
414455,0
414459,0
414466,0
414467,0
414473,0
414474,0
414494,0
414497,0
414498,0
414499,0
414503,0
414515,0
414517,0
414518,1
414521,0
414523,0
414526,0
414530,0
414532,0
414533,0
414535,0
414537,0
414538,0
414547,0
414554,0
414560,0
414561,0
414564,0
414577,0
414586,0
414587,0
414589,0
414596,0
414597,0
414598,0
414608,0
414621,0
414622,0
414623,0
414625,0
414628,0
414632,0
414635,0
414638,0
414649,0
414650,0
414657,0
414668,0
414673,0
414681,0
414689,0
414696,0
414698,0
414700,0
414706,0
414707,0
414708,0
414721,0
414726,0
414730,0
414735,0
414737,0
414738,0
414748,0
414750,0
414751,0
414775,0
414781,0
414796,0
414799,0
414800,0
414801,0
414803,0
414811,0
414815,0
414818,0
414819,0
414821,0
414826,0
414828,0
414835,0
414843,0
414846,0
414852,0
414853,0
414854,0
414863,0
414874,0
414883,0
414884,0
414888,0
414892,0
414893,0
414896,0
414902,0
414904,0
414908,0
414916,0
414924,0
414929,0
414934,0
414939,0
414943,0
414955,0
414956,0
414961,0
414968,0
414976,0
414977,0
414978,0
414980,0
414981,0
414985,0
414998,0
415000,0
415019,0
415030,0
415032,0
415049,0
415059,0
415066,0
415073,0
415085,0
415087,0
415095,1
415102,0
415104,0
415106,0
415108,0
415109,0
415115,0
415129,0
415145,0
415146,0
415148,0
415157,0
415158,0
415162,0
415166,0
415171,0
415172,0
415173,1
415181,0
415184,0
415189,0
415192,0
415197,0
415208,0
415209,0
415216,0
415227,0
415228,0
415229,0
415230,0
415237,0
415240,0
415245,0
415246,0
415247,0
415257,0
415267,0
415270,0
415275,0
415280,0
415285,0
415295,0
415297,0
415306,0
415307,0
415311,1
415323,0
415329,0
415334,0
415338,0
415340,0
415346,0
415353,0
415361,0
415371,0
415378,0
415380,0
415381,0
415393,0
415396,0
415397,0
415405,0
415409,0
415416,0
415420,0
415434,0
415435,0
415437,0
415443,0
415452,0
415458,0
415476,0
415487,0
415498,0
415512,0
415514,0
415519,0
415526,1
415531,0
415542,0
415543,0
415548,0
415553,0
415563,0
415569,0
415575,0
415584,0
415585,0
415587,0
415589,0
415593,0
415596,0
415600,0
415601,0
415602,1
415606,0
415611,0
415633,0
415639,0
415652,0
415654,0
415664,1
415676,0
415678,0
415679,0
415680,0
415684,0
415708,0
415709,0
415711,0
415717,0
415723,0
415733,0
415741,0
415744,0
415751,0
415761,0
415762,0
415776,0
415777,0
415794,0
415800,0
415805,0
415808,0
415814,0
415816,0
415818,0
415819,0
415823,0
415832,0
415833,0
415836,0
415838,0
415842,0
415843,0
415845,0
415851,0
415854,0
415855,0
415862,0
415864,0
415874,0
415876,0
415879,0
415882,0
415888,0
415891,0
415892,0
415902,0
415909,0
415913,1
415927,0
415935,0
415938,0
415941,0
415948,0
415958,0
415959,0
415963,0
415972,0
415974,0
415983,0
415992,0
416008,0
416009,0
416016,0
416027,0
416036,0
416040,0
416066,0
416067,0
416070,0
416075,0
416094,0
416101,0
416103,0
416106,0
416114,0
416119,0
416122,0
416127,0
416128,0
416142,0
416145,0
416147,0
416157,0
416158,0
416159,0
416175,0
416183,0
416186,0
416190,0
416197,0
416214,0
416235,0
416239,0
416247,0
416252,0
416255,0
416258,0
416270,0
416284,0
416288,0
416292,0
416293,0
416294,0
416297,0
416308,0
416309,0
416310,0
416316,0
416318,0
416322,0
416324,0
416327,0
416332,0
416343,0
416344,0
416348,0
416351,0
416370,0
416372,0
416373,0
416382,0
416389,0
416397,0
416405,0
416407,1
416413,0
416415,0
416419,0
416429,0
416436,0
416443,0
416446,0
416449,0
416453,0
416455,0
416458,0
416460,0
416462,0
416466,0
416469,0
416475,0
416478,0
416481,0
416487,0
416488,0
416492,0
416494,0
416495,0
416498,0
416505,0
416507,0
416509,0
416510,0
416521,0
416523,0
416530,0
416533,0
416535,0
416548,0
416550,0
416555,0
416557,0
416568,0
416571,0
416579,0
416580,0
416581,0
416582,0
416586,0
416609,0
416617,0
416634,0
416636,0
416637,0
416638,0
416647,0
416657,0
416664,0
416666,0
416667,0
416669,1
416674,0
416675,0
416686,1
416690,0
416696,0
416697,0
416704,0
416709,1
416711,0
416712,0
416724,0
416728,0
416739,0
416740,0
416756,0
416773,0
416776,0
416777,0
416779,0
416780,0
416782,0
416789,0
416801,0
416810,0
416817,0
416819,0
416823,0
416825,0
416838,0
416841,0
416858,0
416860,0
416868,0
416872,0
416874,0
416877,0
416882,0
416885,0
416886,0
416889,0
416890,0
416891,0
416904,0
416906,0
416918,0
416921,0
416922,0
416926,0
416932,0
416947,0
416950,0
416952,0
416960,0
416962,0
416975,0
416977,0
416978,0
416982,1
416985,0
416986,0
416995,0
416999,0
417007,0
417010,0
417014,0
417016,0
417024,0
417030,0
417031,0
417033,1
417038,0
417042,0
417054,0
417055,0
417067,0
417089,0
417091,0
417095,0
417096,0
417101,0
417102,0
417106,0
417107,0
417112,0
417121,0
417124,0
417129,1
417130,0
417132,0
417135,0
417138,0
417139,0
417151,0
417152,0
417165,0
417166,0
417167,0
417175,0
417176,1
417179,0
417180,0
417183,0
417189,0
417200,0
417202,0
417219,0
417224,0
417225,1
417226,1
417234,0
417237,0
417241,0
417245,1
417250,0
417256,0
417259,0
417272,0
417277,0
417279,0
417286,0
417288,0
417289,0
417300,0
417302,0
417305,0
417315,0
417324,0
417329,0
417334,0
417337,0
417339,0
417341,0
417342,0
417349,0
417368,0
417379,0
417382,0
417390,0
417402,0
417403,0
417409,0
417411,0
417415,0
417419,0
417424,0
417427,0
417441,0
417447,0
417449,0
417456,0
417457,0
417458,0
417460,0
417462,0
417469,0
417482,0
417484,0
417486,0
417488,0
417496,0
417497,0
417500,1
417501,0
417506,0
417513,0
417525,0
417531,0
417538,0
417541,0
417550,0
417553,0
417556,1
417561,0
417562,0
417566,0
417568,0
417569,0
417571,0
417575,0
417587,0
417599,0
417600,0
417608,0
417610,0
417611,0
417621,0
417630,0
417631,0
417633,0
417634,0
417637,0
417638,1
417642,0
417645,0
417646,0
417649,0
417654,0
417657,1
417662,0
417670,0
417676,0
417683,0
417684,0
417686,0
417688,0
417689,0
417692,0
417693,0
417699,0
417701,1
417711,0
417715,0
417726,0
417727,0
417734,0
417737,0
417740,0
417747,0
417756,1
417757,0
417766,0
417767,0
417774,0
417776,0
417777,0
417779,0
417784,0
417785,0
417786,0
417789,0
417790,0
417802,0
417804,0
417805,0
417806,0
417823,0
417829,0
417839,0
417841,0
417851,0
417860,0
417863,0
417866,0
417873,0
417874,0
417875,0
417882,1
417891,0
417892,0
417895,0
417897,0
417898,0
417900,0
417902,0
417910,0
417912,0
417913,0
417915,0
417922,0
417923,0
417925,1
417928,0
417931,0
417932,0
417933,0
417934,0
417935,0
417937,0
417943,0
417946,0
417948,0
417959,0
417962,0
417966,0
417971,0
417985,0
417991,0
417992,0
418001,0
418002,0
418010,0
418013,0
418014,0
418020,0
418025,0
418026,0
418031,0
418038,0
418039,1
418040,0
418050,0
418055,0
418057,0
418066,0
418069,0
418076,0
418090,0
418093,0
418102,0
418106,0
418110,0
418116,0
418131,0
418138,1
418153,0
418155,1
418159,0
418163,0
418174,0
418178,0
418183,0
418185,0
418186,0
418195,0
418196,0
418198,0
418203,0
418204,0
418206,0
418212,0
418217,0
418218,0
418222,0
418228,0
418229,0
418235,0
418237,0
418238,0
418242,0
418248,0
418250,0
418253,0
418255,0
418266,0
418278,0
418290,0
418295,1
418301,0
418304,0
418305,0
418310,0
418313,0
418316,0
418319,0
418323,0
418327,0
418328,0
418331,0
418334,0
418336,0
418342,0
418344,0
418348,0
418349,0
418350,0
418351,0
418354,0
418368,0
418372,0
418373,0
418374,0
418379,0
418381,1
418389,0
418393,0
418399,0
418401,0
418403,0
418404,1
418406,1
418411,0
418414,0
418419,0
418425,0
418442,0
418443,0
418444,0
418465,0
418467,0
418476,0
418479,0
418481,0
418486,0
418494,0
418495,0
418505,0
418513,0
418517,0
418519,0
418528,0
418531,0
418544,0
418548,0
418550,0
418566,0
418567,0
418569,1
418575,0
418578,0
418584,0
418602,0
418610,0
418615,0
418618,0
418623,0
418630,0
418632,0
418633,0
418645,0
418655,0
418659,0
418660,0
418662,0
418664,0
418670,0
418681,0
418683,1
418688,0
418692,0
418697,0
418701,0
418706,0
418711,0
418713,0
418714,0
418718,0
418722,1
418725,0
418730,0
418732,0
418740,0
418746,0
418751,0
418752,0
418762,0
418763,0
418767,0
418768,0
418769,0
418772,0
418775,0
418776,0
418779,0
418782,0
418788,0
418789,0
418791,0
418792,0
418793,0
418798,0
418807,1
418816,0
418820,0
418821,0
418822,0
418824,0
418828,0
418833,0
418835,0
418837,0
418840,0
418845,0
418847,0
418851,0
418855,0
418856,0
418861,0
418863,0
418875,0
418876,0
418877,0
418879,0
418881,0
418882,0
418896,0
418898,0
418900,0
418912,0
418918,0
418929,0
418934,0
418937,0
418940,0
418946,0
418947,0
418953,0
418959,0
418961,0
418963,0
418969,0
418973,0
418975,0
418978,0
418979,0
418980,0
418985,0
418989,1
418996,0
418997,0
418998,0
419000,0
419003,0
419014,0
419016,0
419020,0
419025,0
419034,0
419040,0
419046,0
419051,0
419055,0
419058,0
419062,0
419064,0
419070,0
419076,0
419079,0
419088,0
419092,0
419093,0
419096,0
419099,0
419100,0
419110,0
419111,0
419113,0
419115,0
419118,0
419120,0
419124,0
419130,0
419135,0
419136,0
419142,0
419154,0
419161,0
419166,0
419174,0
419187,0
419192,0
419197,0
419205,0
419209,0
419216,0
419217,0
419229,0
419231,0
419234,0
419239,0
419244,0
419255,0
419261,0
419265,0
419266,0
419271,0
419290,0
419293,0
419294,0
419306,0
419314,0
419316,0
419320,0
419324,0
419326,0
419327,0
419330,0
419343,0
419353,0
419356,0
419362,0
419364,0
419366,0
419368,0
419382,0
419384,0
419391,0
419392,0
419395,0
419396,0
419399,0
419400,0
419401,0
419404,0
419415,0
419416,1
419417,0
419426,0
419427,0
419440,0
419446,0
419452,0
419455,0
419456,0
419470,0
419472,0
419473,0
419476,0
419477,0
419478,0
419484,0
419487,0
419498,0
419513,0
419521,0
419525,0
419529,0
419535,0
419540,0
419549,0
419557,0
419558,0
419566,0
419573,0
419576,0
419587,1
419590,0
419591,0
419599,0
419601,0
419605,0
419614,0
419619,0
419623,0
419635,0
419638,0
419640,0
419645,0
419658,0
419662,0
419664,0
419665,0
419669,0
419670,0
419674,0
419683,0
419686,0
419688,0
419716,0
419723,0
419724,1
419726,0
419728,0
419737,0
419738,0
419743,0
419745,0
419746,0
419748,0
419752,0
419753,0
419756,0
419763,0
419764,0
419775,0
419787,0
419788,0
419789,0
419793,0
419795,0
419796,0
419811,0
419816,0
419821,0
419830,0
419841,0
419847,0
419849,0
419853,0
419855,0
419860,0
419864,0
419865,0
419875,0
419882,0
419887,0
419888,0
419901,0
419903,1
419906,0
419913,0
419914,0
419924,0
419929,0
419932,0
419950,0
419953,0
419955,0
419957,0
419966,0
419984,0
419996,0
420004,0
420007,0
420009,0
420016,0
420022,0
420025,1
420026,0
420030,0
420033,0
420043,0
420048,0
420053,0
420059,0
420078,0
420086,0
420088,0
420092,0
420103,0
420114,0
420115,0
420116,0
420120,0
420131,0
420133,0
420139,0
420145,0
420152,0
420153,0
420155,0
420157,0
420158,0
420162,0
420165,0
420166,0
420167,0
420174,1
420176,0
420187,0
420193,0
420211,0
420216,0
420221,0
420227,0
420228,0
420229,0
420253,0
420257,0
420259,0
420265,0
420269,0
420271,0
420293,0
420298,0
420302,0
420304,0
420305,0
420313,0
420319,0
420332,0
420339,0
420340,1
420344,0
420345,0
420349,0
420354,0
420362,0
420373,0
420375,0
420383,1
420389,0
420397,0
420406,1
420407,0
420411,1
420414,0
420418,0
420421,0
420439,0
420441,0
420445,0
420449,0
420451,0
420454,0
420464,0
420467,0
420473,0
420485,0
420487,0
420499,0
420504,0
420509,0
420525,0
420526,0
420528,0
420530,0
420532,0
420539,0
420542,0
420552,0
420557,0
420562,0
420568,0
420570,0
420575,0
420578,0
420584,0
420597,0
420603,0
420604,0
420605,0
420606,0
420611,0
420614,0
420615,0
420617,0
420620,0
420629,0
420630,0
420632,0
420635,0
420639,0
420647,0
420650,0
420657,0
420658,0
420671,0
420672,0
420673,0
420678,0
420682,0
420693,0
420694,0
420700,0
420703,0
420706,0
420707,0
420712,0
420722,0
420725,0
420733,0
420738,0
420765,0
420777,0
420783,0
420784,0
420789,0
420790,0
420791,0
420802,0
420804,0
420807,0
420813,0
420815,0
420821,0
420822,0
420831,0
420833,0
420840,0
420853,0
420856,0
420865,0
420867,0
420869,0
420871,0
420873,0
420875,0
420880,0
420883,0
420917,0
420919,0
420923,0
420928,0
420939,0
420941,0
420943,0
420946,0
420953,0
420957,0
420967,0
420972,0
420977,0
420978,0
420981,0
420983,0
420984,0
420986,0
420993,0
420998,0
421010,1
421011,0
421020,0
421022,0
421028,0
421035,0
421041,0
421045,0
421049,0
421054,0
421059,0
421062,0
421063,0
421070,0
421071,0
421073,0
421080,0
421081,0
421084,0
421088,0
421099,0
421105,0
421108,0
421117,0
421120,0
421125,0
421130,0
421141,0
421145,0
421155,0
421179,0
421185,0
421186,0
421208,0
421211,0
421218,0
421225,0
421227,0
421228,0
421231,0
421232,0
421236,0
421238,0
421243,1
421245,0
421246,0
421249,0
421250,0
421251,0
421265,0
421267,0
421270,0
421278,0
421284,0
421285,0
421287,0
421296,0
421302,0
421307,0
421316,0
421320,0
421329,0
421333,0
421337,0
421343,0
421347,0
421351,0
421359,0
421363,0
421372,0
421374,0
421375,0
421379,0
421384,0
421387,0
421388,0
421390,0
421406,0
421410,0
421415,0
421419,0
421423,0
421427,0
421430,0
421435,0
421442,0
421443,0
421444,0
421460,0
421464,0
421471,0
421477,0
421478,0
421485,0
421486,0
421498,0
421499,0
421502,0
421503,0
421508,0
421512,0
421523,0
421525,0
421535,0
421537,0
421538,0
421539,0
421541,0
421542,0
421548,0
421549,0
421554,0
421555,1
421562,0
421567,0
421573,0
421574,0
421576,0
421583,0
421590,0
421594,0
421599,0
421602,0
421611,0
421612,1
421616,0
421617,0
421619,0
421626,0
421632,0
421637,0
421641,0
421643,0
421644,0
421648,0
421649,0
421655,0
421656,0
421666,0
421668,0
421672,0
421674,0
421683,0
421685,0
421701,0
421702,0
421707,0
421715,0
421717,0
421721,0
421724,0
421726,0
421734,0
421737,0
421739,0
421742,0
421745,0
421760,0
421764,0
421765,0
421766,0
421775,0
421776,0
421779,0
421786,0
421787,0
421796,0
421800,0
421801,0
421804,0
421806,0
421813,0
421815,0
421823,0
421837,0
421842,0
421851,0
421857,0
421862,0
421874,0
421877,0
421882,0
421890,0
421891,0
421902,0
421904,0
421929,0
421952,0
421954,0
421957,0
421959,0
421962,0
421963,0
421969,0
421970,0
421971,0
421987,0
421988,0
421998,0
421999,0
422009,0
422016,0
422017,1
422018,0
422019,0
422025,0
422029,0
422043,0
422044,0
422050,0
422053,0
422056,0
422063,0
422081,0
422082,0
422087,0
422088,0
422089,0
422093,0
422108,0
422110,0
422125,0
422126,0
422128,0
422133,0
422140,0
422141,0
422149,0
422155,0
422162,0
422164,0
422170,0
422171,0
422174,0
422177,1
422184,0
422186,0
422189,0
422190,0
422192,0
422195,0
422198,0
422200,0
422203,0
422204,0
422205,0
422212,0
422214,0
422216,0
422217,0
422220,0
422222,0
422228,0
422234,0
422237,0
422238,0
422240,0
422242,0
422246,0
422254,0
422260,0
422262,0
422263,0
422264,0
422270,0
422271,0
422276,0
422278,0
422286,0
422288,0
422290,0
422291,0
422297,0
422305,0
422308,0
422309,0
422312,0
422327,0
422328,0
422331,0
422333,0
422343,0
422346,0
422353,0
422359,0
422360,0
422367,0
422370,0
422373,0
422374,0
422376,0
422378,0
422380,0
422390,0
422395,0
422396,0
422402,1
422410,0
422413,0
422421,0
422431,0
422438,0
422443,1
422456,0
422459,0
422460,0
422462,0
422467,0
422471,0
422472,0
422473,0
422478,0
422480,0
422491,0
422495,0
422500,0
422503,0
422505,0
422509,0
422517,0
422520,0
422525,0
422529,0
422531,0
422533,0
422538,0
422550,0
422558,0
422560,0
422567,0
422570,0
422573,0
422578,0
422610,0
422611,0
422614,0
422618,0
422620,0
422628,0
422633,0
422636,0
422638,0
422640,0
422645,0
422647,0
422649,0
422657,0
422658,0
422659,1
422662,0
422669,0
422676,0
422679,0
422684,0
422685,0
422698,0
422706,0
422712,0
422721,0
422725,0
422730,0
422731,0
422745,0
422752,0
422753,0
422757,0
422763,0
422766,0
422768,0
422773,0
422775,0
422777,0
422794,0
422805,0
422808,0
422813,0
422815,0
422816,0
422819,1
422820,0
422821,0
422822,0
422835,0
422841,0
422844,0
422847,0
422857,0
422863,0
422870,0
422884,0
422885,0
422886,0
422887,1
422890,0
422891,0
422900,0
422902,0
422903,0
422909,0
422915,0
422920,0
422921,0
422925,0
422929,0
422932,0
422949,0
422950,0
422956,0
422961,0
422963,0
422972,0
422976,1
422984,0
422987,0
422995,0
422999,0
423000,0
423005,0
423023,0
423025,0
423033,0
423034,0
423039,0
423044,0
423045,0
423054,0
423055,0
423062,0
423063,0
423064,0
423066,0
423076,0
423081,0
423082,0
423085,0
423086,0
423098,0
423099,0
423100,0
423107,0
423116,0
423122,0
423125,0
423127,0
423135,0
423145,0
423153,0
423161,0
423165,0
423173,0
423184,0
423194,0
423199,1
423207,0
423220,0
423224,0
423225,0
423231,0
423236,0
423247,0
423256,0
423265,0
423269,0
423276,0
423288,0
423289,0
423306,0
423307,0
423315,0
423325,0
423326,0
423330,0
423339,0
423341,0
423349,0
423360,0
423362,0
423365,0
423368,0
423372,0
423375,0
423381,0
423382,0
423389,0
423390,0
423396,0
423399,0
423410,0
423412,0
423416,0
423417,0
423418,0
423419,0
423421,0
423424,0
423428,0
423434,0
423447,0
423448,0
423455,0
423461,0
423465,0
423467,0
423475,0
423477,0
423487,0
423488,0
423489,0
423494,0
423501,0
423514,0
423537,0
423546,0
423548,0
423551,0
423552,0
423554,0
423560,0
423563,0
423572,0
423574,0
423575,0
423580,0
423582,0
423585,0
423587,0
423590,0
423602,0
423604,0
423607,0
423620,0
423622,0
423629,0
423633,1
423636,0
423641,0
423652,0
423665,0
423668,0
423670,0
423677,0
423678,0
423679,0
423685,0
423686,0
423691,0
423692,0
423698,0
423699,0
423700,0
423701,0
423703,0
423710,0
423714,0
423717,0
423728,0
423736,0
423741,0
423743,0
423749,0
423751,0
423755,0
423757,0
423759,0
423776,0
423784,0
423790,0
423794,0
423795,0
423797,0
423799,0
423808,0
423810,0
423816,0
423819,0
423820,0
423823,0
423825,0
423838,0
423840,0
423847,0
423850,0
423863,0
423876,0
423878,0
423882,0
423888,0
423894,0
423895,0
423897,0
423898,0
423904,0
423907,0
423909,0
423910,0
423917,0
423925,0
423927,0
423941,0
423948,0
423949,0
423950,0
423955,1
423959,0
423960,0
423973,0
423975,0
423976,0
423978,0
423979,0
423981,0
423983,0
423988,0
424011,0
424013,0
424018,0
424021,0
424027,0
424028,0
424029,0
424031,0
424032,0
424038,0
424042,0
424048,0
424050,1
424056,0
424058,1
424062,0
424063,0
424064,0
424066,0
424068,0
424070,0
424082,0
424092,0
424093,0
424111,0
424113,0
424115,0
424130,0
424132,0
424133,0
424144,0
424148,0
424156,0
424159,0
424160,0
424161,0
424163,0
424177,0
424178,0
424183,0
424185,0
424188,0
424191,1
424196,0
424197,0
424200,0
424202,0
424204,0
424205,0
424209,0
424217,0
424219,0
424222,0
424224,0
424226,0
424229,0
424234,0
424236,1
424244,0
424252,0
424259,0
424260,0
424262,0
424264,0
424265,1
424266,0
424270,0
424277,0
424278,0
424281,0
424288,0
424298,0
424303,0
424307,0
424309,0
424313,0
424315,0
424317,0
424327,0
424335,0
424343,0
424350,0
424353,0
424354,0
424358,0
424360,0
424362,0
424370,0
424371,1
424380,0
424382,0
424406,0
424415,0
424422,0
424426,0
424431,0
424432,0
424436,0
424441,0
424448,0
424455,0
424456,0
424459,0
424465,0
424466,0
424472,0
424477,0
424484,1
424487,0
424488,0
424500,0
424512,0
424514,0
424518,0
424519,0
424520,0
424524,0
424526,0
424533,0
424537,0
424538,0
424540,0
424544,0
424548,0
424550,0
424565,0
424568,0
424578,0
424579,0
424581,0
424585,0
424587,0
424593,0
424594,0
424596,0
424600,0
424608,0
424614,0
424619,0
424620,0
424624,0
424628,0
424636,0
424646,0
424647,0
424648,0
424651,0
424652,0
424660,0
424664,0
424666,0
424668,0
424669,0
424672,0
424676,0
424680,0
424687,0
424688,0
424696,0
424702,0
424713,0
424716,0
424718,0
424721,0
424723,0
424726,0
424747,0
424753,0
424763,0
424774,0
424777,0
424781,0
424790,0
424796,0
424804,0
424805,0
424815,0
424823,0
424824,0
424825,0
424828,0
424835,0
424838,0
424846,0
424847,0
424849,0
424858,0
424862,0
424877,0
424885,0
424886,0
424894,0
424895,0
424899,0
424904,0
424907,1
424908,0
424911,0
424918,0
424919,0
424940,0
424945,1
424946,0
424955,0
424963,0
424965,0
424976,0
424985,0
424988,0
425007,0
425008,0
425012,0
425013,0
425015,0
425017,1
425029,0
425032,0
425033,0
425040,0
425049,0
425051,0
425052,0
425053,0
425056,0
425057,0
425065,0
425075,0
425085,0
425097,0
425101,0
425105,0
425106,0
425108,0
425111,0
425118,0
425119,0
425122,0
425130,0
425134,0
425137,0
425138,0
425140,0
425141,0
425144,0
425148,0
425151,0
425153,0
425157,0
425165,0
425167,0
425172,0
425178,0
425179,0
425180,0
425183,0
425184,0
425190,0
425194,0
425196,0
425197,0
425201,0
425205,0
425215,0
425218,0
425219,0
425224,0
425227,0
425229,0
425237,0
425238,0
425239,0
425243,0
425249,0
425253,0
425255,0
425260,0
425271,0
425275,0
425280,0
425284,0
425288,0
425291,0
425292,0
425294,0
425295,0
425298,0
425307,0
425309,0
425310,0
425326,0
425334,0
425340,0
425345,0
425346,0
425347,0
425348,0
425369,0
425370,0
425375,0
425379,0
425390,0
425392,0
425393,0
425400,0
425402,0
425404,0
425407,0
425413,1
425414,0
425415,0
425424,0
425427,0
425430,0
425432,0
425434,0
425438,0
425442,0
425444,0
425446,0
425451,0
425459,0
425460,0
425462,0
425465,0
425473,0
425485,0
425492,0
425494,0
425498,0
425503,0
425505,0
425510,0
425511,0
425512,0
425516,0
425518,0
425520,0
425542,0
425543,0
425551,0
425552,0
425558,0
425564,0
425572,0
425573,0
425574,0
425579,0
425583,0
425587,0
425603,0
425614,0
425615,0
425619,0
425631,0
425633,0
425636,0
425644,0
425648,0
425653,0
425655,0
425660,0
425661,0
425666,0
425670,0
425673,0
425674,1
425676,0
425678,0
425686,0
425690,0
425691,0
425692,0
425693,0
425704,0
425713,0
425729,0
425731,0
425739,0
425744,0
425746,0
425748,0
425749,0
425754,0
425768,0
425774,0
425779,0
425788,0
425792,0
425797,0
425799,0
425827,0
425828,0
425830,0
425831,0
425833,0
425838,0
425841,0
425843,0
425849,0
425857,0
425874,0
425885,0
425896,0
425901,0
425902,0
425909,0
425921,0
425923,0
425927,0
425932,0
425941,0
425944,0
425946,0
425947,0
425948,0
425951,0
425969,0
425971,0
425976,0
425980,0
425986,0
425987,0
425991,0
425994,0
426020,0
426026,0
426028,0
426029,0
426032,0
426035,0
426036,0
426048,0
426060,0
426070,0
426072,0
426073,0
426074,0
426077,0
426078,0
426096,0
426101,0
426105,0
426112,0
426114,0
426119,0
426121,0
426126,0
426129,0
426131,0
426134,0
426145,0
426147,0
426149,0
426162,0
426166,0
426176,0
426179,0
426180,0
426186,0
426187,0
426191,1
426199,0
426203,0
426204,0
426205,0
426216,0
426221,0
426223,0
426235,0
426241,0
426247,0
426250,0
426257,0
426261,0
426263,0
426265,0
426274,0
426275,0
426278,0
426281,0
426290,0
426292,0
426294,0
426298,0
426308,0
426311,0
426312,0
426338,0
426346,0
426356,0
426359,0
426363,0
426365,0
426368,0
426380,0
426381,0
426385,0
426393,0
426396,0
426405,0
426406,0
426412,0
426417,0
426418,0
426423,0
426424,0
426430,0
426431,0
426434,0
426436,0
426440,0
426441,0
426445,0
426449,0
426450,0
426454,0
426462,0
426464,0
426485,0
426493,0
426497,0
426502,0
426504,0
426511,0
426512,0
426513,0
426518,0
426523,0
426527,0
426534,0
426536,0
426537,0
426539,0
426548,0
426550,0
426551,0
426558,0
426559,0
426564,0
426569,0
426571,0
426573,1
426577,0
426580,0
426581,0
426585,0
426586,0
426588,0
426597,0
426603,0
426606,0
426618,0
426623,0
426641,0
426644,1
426645,0
426649,0
426653,0
426655,1
426656,0
426657,1
426663,0
426664,0
426675,0
426686,0
426692,0
426693,0
426697,0
426702,0
426703,0
426704,0
426709,0
426712,1
426713,0
426717,0
426729,0
426734,0
426736,0
426741,0
426743,0
426747,0
426753,0
426756,0
426759,0
426763,0
426769,0
426773,0
426778,0
426795,0
426796,0
426798,0
426801,0
426804,0
426806,0
426807,0
426812,0
426828,0
426837,0
426840,0
426848,0
426850,0
426851,0
426853,0
426854,0
426857,0
426860,0
426863,0
426864,0
426868,0
426869,0
426872,0
426874,0
426875,0
426879,0
426883,0
426884,0
426887,0
426892,0
426895,0
426907,0
426909,0
426922,0
426928,0
426942,0
426949,0
426950,0
426954,0
426961,0
426967,0
426968,0
426972,0
426980,0
426985,1
426988,0
426993,0
427004,0
427005,0
427013,0
427019,0
427020,0
427026,0
427041,0
427053,0
427055,0
427057,0
427059,0
427062,0
427065,0
427068,0
427077,0
427080,0
427084,0
427087,0
427089,0
427091,0
427105,0
427107,0
427111,0
427112,0
427119,0
427123,0
427135,0
427139,0
427141,0
427144,0
427146,0
427150,0
427160,0
427164,0
427174,0
427185,0
427187,0
427190,0
427192,0
427196,0
427199,0
427202,0
427207,0
427212,0
427214,0
427224,0
427229,0
427237,0
427250,0
427252,0
427265,0
427269,0
427271,0
427272,0
427276,0
427295,0
427296,0
427298,0
427309,0
427311,0
427312,0
427320,0
427338,0
427340,0
427344,0
427348,0
427352,0
427358,0
427365,0
427367,0
427368,0
427370,0
427382,0
427384,0
427386,0
427397,0
427415,0
427419,0
427420,0
427430,0
427431,0
427444,0
427448,0
427455,0
427458,0
427464,0
427465,1
427469,0
427471,0
427479,0
427480,0
427486,0
427493,0
427494,0
427498,0
427502,0
427507,0
427508,0
427513,0
427514,0
427516,0
427517,0
427523,0
427525,0
427528,0
427537,0
427538,0
427539,0
427544,0
427547,0
427556,0
427561,0
427566,1
427573,0
427574,0
427576,0
427577,0
427584,0
427593,0
427601,0
427609,0
427610,0
427613,0
427629,0
427630,1
427632,0
427638,0
427646,0
427655,0
427658,0
427674,1
427682,0
427683,0
427695,0
427699,0
427704,0
427709,0
427710,0
427712,0
427724,0
427730,0
427732,0
427745,0
427749,0
427751,0
427752,0
427753,0
427756,0
427763,0
427779,0
427785,0
427790,0
427791,0
427793,0
427796,0
427797,0
427801,0
427807,0
427817,0
427818,0
427819,0
427820,0
427824,0
427830,0
427834,0
427837,0
427839,0
427841,0
427850,0
427856,0
427877,0
427886,0
427890,0
427894,0
427896,0
427899,0
427904,1
427906,0
427911,0
427917,0
427924,0
427925,0
427926,0
427937,0
427949,0
427954,0
427956,0
427957,0
427960,0
427961,0
427962,0
427967,0
427978,0
427979,0
427981,0
427988,0
427994,0
427997,0
427999,0
428011,1
428030,0
428032,0
428040,0
428044,0
428047,0
428055,0
428057,0
428061,0
428062,1
428069,0
428071,0
428078,0
428079,0
428082,0
428085,0
428088,1
428089,0
428091,0
428103,0
428115,1
428117,0
428120,0
428124,0
428127,0
428130,0
428131,0
428137,0
428138,0
428143,0
428144,0
428149,0
428159,0
428160,0
428168,0
428169,0
428177,0
428184,1
428186,0
428192,0
428200,0
428201,0
428204,0
428208,0
428209,0
428214,0
428218,0
428229,0
428235,0
428241,0
428259,0
428260,0
428267,0
428271,0
428278,0
428281,0
428282,0
428285,0
428290,0
428292,0
428306,0
428307,0
428310,0
428318,0
428322,0
428325,0
428334,0
428338,0
428340,0
428346,0
428356,0
428365,0
428368,0
428387,0
428391,0
428392,0
428394,0
428396,0
428399,0
428405,0
428407,0
428414,0
428416,0
428428,0
428437,0
428438,0
428440,0
428450,0
428461,0
428469,0
428471,0
428475,0
428477,0
428488,0
428490,0
428498,0
428500,0
428509,0
428512,0
428518,0
428521,0
428528,0
428538,0
428546,0
428549,0
428559,0
428560,0
428570,0
428584,0
428587,0
428590,0
428596,0
428607,0
428610,0
428614,0
428618,0
428620,0
428629,0
428631,0
428650,0
428662,0
428664,0
428672,0
428675,0
428701,0
428706,0
428707,0
428714,0
428721,0
428723,0
428724,0
428734,0
428735,1
428739,0
428741,0
428742,0
428754,0
428769,0
428779,0
428797,0
428799,1
428807,0
428808,0
428826,0
428828,0
428834,0
428842,0
428845,0
428846,0
428852,0
428856,0
428871,0
428877,0
428882,0
428884,0
428886,0
428887,0
428909,0
428918,0
428923,0
428928,1
428933,0
428938,0
428939,0
428943,0
428945,0
428955,0
428957,0
428968,0
428976,0
428980,0
428981,0
428986,0
428989,0
428997,0
428999,0
429001,0
429011,0
429019,0
429023,0
429027,0
429031,0
429038,0
429042,0
429043,0
429048,0
429049,0
429050,0
429054,0
429056,0
429061,0
429063,0
429073,0
429089,0
429090,0
429093,0
429107,0
429118,0
429124,0
429127,0
429128,0
429136,0
429139,0
429142,0
429143,0
429156,0
429164,0
429171,0
429173,0
429176,0
429179,0
429185,0
429192,0
429201,0
429203,0
429206,0
429212,0
429217,0
429222,0
429226,0
429227,0
429228,0
429242,0
429249,0
429252,0
429263,0
429271,0
429272,0
429283,0
429291,0
429299,0
429305,1
429307,0
429308,0
429314,0
429322,0
429324,0
429326,0
429336,0
429350,0
429358,0
429359,0
429361,0
429369,0
429373,0
429374,0
429376,0
429387,0
429402,0
429418,0
429422,0
429423,0
429425,0
429437,0
429447,0
429453,0
429455,0
429466,0
429468,0
429470,0
429482,0
429483,0
429484,0
429493,0
429507,0
429513,0
429524,0
429536,0
429537,0
429539,0
429540,0
429548,0
429549,0
429560,1
429563,0
429568,0
429571,0
429578,0
429582,0
429584,0
429588,0
429599,0
429606,0
429612,0
429619,0
429621,0
429624,0
429627,0
429630,0
429631,0
429633,0
429634,0
429643,0
429644,0
429646,0
429648,0
429652,1
429669,0
429671,0
429672,0
429684,0
429688,0
429702,0
429707,0
429713,0
429715,0
429721,0
429726,0
429728,0
429729,0
429731,0
429732,0
429734,0
429738,0
429739,0
429745,0
429757,0
429758,0
429763,0
429770,0
429773,0
429776,0
429782,0
429783,0
429787,0
429796,0
429797,0
429798,0
429801,0
429807,0
429808,0
429810,0
429821,0
429822,0
429823,0
429827,0
429833,0
429839,0
429841,0
429843,0
429861,0
429869,0
429871,0
429872,0
429875,0
429876,0
429880,0
429881,0
429894,0
429897,0
429901,0
429909,0
429922,0
429926,0
429934,0
429935,0
429942,0
429943,0
429946,0
429949,0
429950,0
429959,0
429962,0
429969,0
429972,0
429975,0
429976,0
429978,0
429980,0
429981,0
429984,0
429985,0
429986,0
429989,0
429999,0
430004,0
430011,0
430014,0
430016,0
430034,0
430037,0
430038,0
430041,0
430047,0
430053,0
430055,0
430057,0
430059,0
430063,0
430067,0
430068,0
430074,0
430076,0
430078,0
430089,0
430095,0
430100,0
430117,0
430126,0
430130,0
430135,0
430141,0
430148,0
430154,0
430162,0
430169,0
430171,0
430188,0
430189,0
430190,0
430192,0
430195,1
430196,0
430198,0
430206,0
430212,0
430224,0
430225,0
430228,0
430229,0
430235,0
430243,0
430249,1
430253,0
430254,0
430255,0
430258,0
430260,0
430261,0
430263,0
430264,0
430268,0
430269,0
430271,0
430279,1
430286,0
430288,0
430300,0
430301,1
430318,0
430326,0
430329,0
430340,0
430341,0
430348,0
430353,0
430361,0
430371,0
430385,0
430399,0
430402,0
430403,0
430404,0
430405,0
430406,0
430407,0
430417,0
430423,0
430424,0
430432,1
430433,0
430443,0
430444,0
430450,0
430455,0
430460,0
430463,0
430472,0
430479,0
430481,0
430482,0
430483,1
430484,0
430495,1
430496,0
430503,0
430510,0
430511,0
430512,0
430513,0
430517,0
430521,0
430542,0
430550,0
430559,0
430564,0
430571,0
430574,0
430575,0
430576,0
430580,0
430582,0
430584,0
430592,0
430594,0
430604,0
430610,1
430612,0
430621,0
430624,0
430625,0
430626,0
430628,0
430629,0
430634,0
430642,0
430649,0
430662,0
430665,0
430673,0
430674,0
430676,0
430678,0
430687,0
430691,0
430696,0
430705,0
430707,0
430712,0
430720,0
430722,0
430724,0
430729,0
430731,0
430734,0
430739,0
430742,0
430743,0
430746,0
430751,0
430752,0
430756,0
430763,0
430764,0
430769,0
430772,0
430783,0
430785,0
430787,0
430788,0
430789,0
430799,0
430800,0
430803,0
430806,0
430808,0
430817,0
430821,0
430823,0
430828,0
430834,0
430839,0
430844,0
430847,0
430848,0
430850,0
430851,0
430854,0
430859,0
430860,0
430863,0
430870,0
430872,0
430879,0
430880,0
430885,0
430889,0
430897,0
430899,0
430910,0
430917,0
430920,0
430925,0
430930,0
430932,0
430954,0
430955,0
430960,0
430962,0
430971,0
430972,0
430975,0
430977,0
430979,0
430980,0
430994,0
430996,1
431003,0
431006,0
431007,0
431009,0
431013,0
431028,0
431034,0
431036,0
431042,0
431044,0
431045,0
431047,0
431048,0
431056,0
431067,0
431070,0
431072,0
431083,0
431093,0
431098,0
431102,0
431108,0
431120,0
431122,0
431127,0
431132,0
431133,0
431139,0
431142,0
431143,0
431151,0
431164,0
431166,0
431178,0
431198,0
431200,0
431201,0
431207,0
431212,0
431213,0
431216,0
431218,0
431228,0
431256,0
431257,0
431258,0
431263,0
431270,0
431288,0
431290,0
431291,0
431295,0
431304,0
431305,0
431313,0
431320,0
431324,0
431333,0
431335,0
431336,0
431355,0
431359,0
431368,0
431369,0
431370,0
431371,0
431372,0
431378,1
431380,0
431384,0
431388,0
431390,0
431411,0
431415,0
431419,0
431420,0
431421,0
431425,0
431426,0
431427,0
431440,0
431443,0
431456,0
431459,0
431464,0
431466,0
431470,0
431471,0
431474,0
431479,0
431490,0
431496,0
431499,0
431503,0
431505,1
431523,0
431524,0
431534,0
431539,0
431543,0
431552,0
431554,0
431556,0
431557,0
431565,0
431571,0
431572,0
431573,0
431579,0
431580,0
431590,0
431602,0
431606,0
431615,0
431624,0
431626,0
431635,0
431645,0
431651,0
431653,0
431654,0
431663,0
431669,0
431670,0
431671,0
431674,0
431675,0
431688,0
431690,0
431698,0
431700,0
431704,1
431706,0
431716,1
431717,0
431718,0
431720,0
431730,0
431756,0
431757,0
431763,0
431768,0
431772,0
431774,0
431776,0
431781,0
431783,0
431787,0
431791,0
431793,0
431795,1
431799,0
431800,0
431808,0
431811,0
431818,0
431825,0
431827,0
431829,1
431836,0
431837,0
431839,0
431846,0
431847,0
431849,0
431851,0
431856,0
431861,0
431862,0
431871,0
431874,0
431890,0
431901,0
431903,0
431904,0
431908,0
431912,0
431918,0
431920,0
431925,0
431937,0
431939,0
431941,0
431949,0
431973,0
431975,0
431979,0
431986,0
431990,0
431992,0
432005,0
432010,0
432021,0
432026,0
432027,0
432030,0
432045,0
432046,0
432047,0
432052,0
432053,1
432057,0
432058,0
432066,0
432076,0
432081,0
432083,0
432086,0
432091,0
432092,0
432095,0
432097,0
432101,0
432107,0
432110,0
432112,0
432114,0
432135,0
432138,0
432139,0
432141,0
432145,0
432150,0
432169,0
432171,0
432186,0
432189,0
432190,0
432195,0
432199,0
432220,0
432223,0
432226,0
432230,0
432235,0
432246,0
432255,0
432260,0
432263,0
432274,0
432284,0
432292,0
432300,0
432302,0
432304,0
432306,1
432308,0
432322,0
432325,0
432337,0
432341,0
432344,0
432347,0
432354,0
432357,0
432358,0
432364,0
432368,0
432374,0
432385,0
432387,0
432398,0
432402,0
432405,1
432410,0
432422,1
432430,0
432439,0
432441,0
432443,0
432445,0
432447,0
432451,0
432452,0
432455,0
432460,0
432466,0
432470,0
432476,0
432481,0
432483,0
432485,0
432487,0
432496,0
432501,1
432502,0
432504,0
432512,1
432523,0
432526,0
432541,0
432550,0
432565,0
432567,0
432579,0
432580,0
432585,0
432596,0
432603,0
432604,0
432608,0
432613,0
432622,1
432627,0
432628,0
432631,0
432632,0
432638,0
432639,0
432643,0
432644,0
432647,0
432650,0
432658,0
432661,0
432664,0
432669,0
432677,0
432680,0
432690,0
432699,0
432702,0
432706,0
432711,0
432715,0
432717,0
432720,0
432722,0
432729,0
432731,0
432732,0
432752,0
432764,0
432765,0
432776,0
432783,0
432786,0
432795,0
432796,0
432797,0
432801,0
432802,1
432806,0
432818,0
432820,0
432821,0
432822,0
432823,0
432824,0
432830,0
432831,0
432834,0
432836,0
432837,0
432838,0
432846,0
432850,0
432852,0
432874,0
432875,0
432881,0
432892,0
432896,0
432907,0
432908,0
432909,0
432913,0
432922,0
432928,0
432938,0
432939,0
432941,0
432950,0
432955,0
432963,0
432964,0
432974,0
432983,0
433013,0
433015,0
433016,0
433018,1
433021,0
433032,0
433035,0
433046,0
433052,0
433053,0
433055,0
433056,0
433061,0
433065,0
433066,0
433072,0
433073,0
433074,0
433092,0
433094,0
433097,0
433098,0
433101,0
433103,0
433107,0
433109,0
433116,0
433117,0
433120,0
433132,0
433138,0
433141,0
433143,0
433151,0
433166,0
433167,0
433168,0
433172,0
433175,0
433176,0
433184,0
433185,0
433194,0
433196,0
433198,0
433210,0
433217,0
433221,0
433224,0
433225,0
433232,0
433233,0
433234,0
433240,0
433246,0
433247,0
433250,0
433252,0
433266,0
433277,0
433285,0
433288,0
433292,0
433295,0
433297,0
433299,0
433300,0
433307,0
433310,0
433314,0
433317,0
433324,0
433327,0
433337,0
433342,0
433344,0
433347,0
433350,0
433352,0
433353,0
433370,0
433371,0
433376,0
433379,0
433380,0
433386,0
433387,0
433389,0
433398,0
433399,0
433402,0
433403,0
433406,0
433408,0
433409,0
433415,0
433426,0
433428,0
433431,0
433436,0
433437,0
433439,0
433442,0
433446,0
433448,0
433459,0
433466,0
433467,0
433469,0
433475,0
433488,1
433490,0
433496,0
433499,0
433503,0
433506,0
433507,0
433508,0
433513,0
433515,0
433521,0
433522,0
433524,0
433532,0
433536,0
433540,0
433541,0
433542,0
433543,0
433546,0
433552,0
433554,0
433556,0
433557,0
433566,0
433572,0
433573,0
433576,0
433579,0
433584,0
433594,0
433600,0
433606,0
433608,0
433615,0
433620,0
433624,0
433630,0
433637,0
433640,0
433643,0
433645,0
433653,0
433657,0
433658,0
433667,0
433668,0
433669,0
433676,0
433677,0
433678,0
433681,0
433703,0
433705,0
433708,0
433713,0
433714,0
433721,0
433726,0
433730,0
433733,0
433737,1
433742,0
433753,0
433758,0
433760,0
433774,0
433775,0
433776,0
433784,0
433786,0
433789,0
433792,0
433801,0
433805,0
433813,1
433819,0
433823,0
433827,0
433829,0
433830,0
433843,0
433857,0
433860,0
433861,0
433863,0
433864,1
433865,0
433866,0
433869,0
433870,0
433878,0
433882,0
433883,0
433884,0
433892,0
433893,0
433895,0
433898,0
433906,0
433913,0
433917,0
433920,0
433921,0
433924,0
433930,0
433934,0
433940,0
433948,0
433950,0
433959,0
433960,0
433963,0
433967,0
433971,0
433973,0
433976,0
433980,0
433989,0
434000,0
434005,0
434007,0
434009,0
434012,0
434017,0
434018,0
434020,0
434032,0
434033,0
434035,0
434058,0
434059,0
434064,0
434068,0
434069,0
434075,0
434080,0
434092,0
434093,0
434094,0
434096,0
434102,0
434107,0
434116,0
434118,0
434126,0
434131,0
434132,0
434134,0
434139,0
434151,0
434153,0
434161,0
434167,0
434169,0
434170,0
434176,0
434181,0
434187,0
434192,0
434195,0
434199,0
434200,0
434203,0
434207,0
434210,0
434211,0
434220,0
434225,0
434227,0
434229,1
434245,0
434249,0
434251,0
434262,0
434268,0
434271,0
434281,0
434284,0
434292,0
434305,0
434310,0
434318,0
434326,0
434327,0
434333,0
434335,0
434337,0
434340,0
434344,0
434350,0
434358,0
434369,0
434370,0
434376,0
434383,0
434386,0
434392,0
434394,0
434396,0
434397,0
434408,0
434412,0
434419,0
434425,0
434429,0
434435,0
434442,0
434446,1
434448,0
434468,0
434481,0
434482,0
434491,0
434495,0
434501,0
434506,0
434508,0
434509,0
434513,0
434515,0
434518,0
434519,0
434521,0
434564,0
434576,0
434581,1
434583,0
434586,0
434589,0
434594,0
434599,0
434601,0
434602,0
434606,0
434614,0
434618,0
434634,0
434636,0
434649,0
434655,0
434666,0
434673,0
434681,0
434687,0
434688,0
434704,0
434707,0
434709,0
434714,0
434716,0
434718,0
434722,0
434724,0
434728,0
434731,0
434735,0
434736,0
434744,0
434761,0
434762,0
434764,0
434775,0
434782,0
434783,0
434787,0
434791,0
434793,0
434799,0
434801,0
434802,0
434807,0
434817,0
434818,0
434837,1
434839,0
434840,0
434851,0
434855,0
434861,0
434863,0
434869,0
434880,0
434883,0
434884,0
434903,0
434904,0
434909,0
434910,0
434922,0
434931,0
434942,0
434949,0
434951,0
434952,0
434966,0
434970,0
434975,0
434977,0
434987,0
434995,0
435000,0
435007,0
435010,0
435014,0
435016,0
435019,0
435020,1
435023,0
435031,0
435035,0
435037,0
435040,0
435041,0
435043,0
435060,0
435066,0
435069,0
435072,0
435073,0
435077,0
435086,0
435089,0
435090,0
435091,0
435097,0
435101,0
435102,0
435105,0
435107,0
435108,0
435120,0
435124,0
435126,0
435128,0
435129,0
435132,0
435147,0
435155,0
435156,0
435161,0
435163,0
435166,0
435180,0
435190,0
435193,0
435200,0
435202,0
435204,0
435230,0
435231,0
435249,0
435253,0
435263,0
435266,0
435277,0
435283,1
435284,0
435290,0
435291,0
435292,0
435295,0
435299,0
435302,0
435321,0
435323,0
435326,0
435327,0
435328,0
435333,0
435335,0
435340,0
435345,0
435350,0
435354,0
435355,0
435357,0
435361,0
435365,0
435370,0
435377,0
435387,0
435393,0
435395,0
435398,0
435406,0
435411,0
435418,0
435420,0
435421,0
435422,0
435446,0
435448,0
435457,0
435494,0
435497,0
435498,0
435500,0
435508,0
435509,0
435514,0
435515,0
435520,0
435526,0
435527,0
435529,0
435530,0
435532,0
435538,0
435548,0
435556,0
435568,0
435572,0
435576,0
435579,0
435580,0
435585,0
435591,0
435599,0
435619,0
435620,0
435626,0
435629,1
435634,0
435637,0
435645,0
435646,0
435648,0
435654,0
435661,0
435663,0
435665,0
435674,0
435681,0
435684,0
435689,0
435694,0
435695,0
435698,0
435708,0
435709,0
435710,0
435717,0
435718,0
435720,0
435724,0
435733,0
435736,0
435739,0
435741,0
435744,0
435745,0
435749,0
435750,0
435754,0
435757,0
435759,0
435760,0
435764,0
435765,0
435770,0
435772,0
435775,0
435783,0
435787,0
435791,0
435792,0
435794,0
435796,0
435809,0
435812,0
435814,0
435816,0
435817,0
435819,0
435822,0
435824,0
435828,0
435832,0
435834,0
435840,0
435847,0
435848,0
435851,0
435857,0
435860,0
435861,0
435870,0
435874,0
435876,0
435881,0
435886,0
435887,0
435889,0
435890,0
435893,0
435898,0
435905,0
435907,1
435913,0
435916,0
435917,0
435934,0
435946,0
435948,0
435951,0
435954,0
435955,0
435962,0
435963,1
435964,0
435966,0
435969,0
435970,0
435979,0
435981,0
435984,0
435986,0
435988,0
435991,0
435992,0
436017,0
436018,0
436020,0
436027,0
436030,0
436033,0
436038,0
436042,0
436045,0
436049,0
436056,0
436059,0
436066,0
436068,0
436076,0
436079,0
436082,0
436094,0
436097,0
436101,0
436103,0
436120,0
436123,0
436124,0
436126,0
436128,0
436130,0
436143,0
436151,0
436153,0
436163,0
436169,0
436172,0
436173,0
436174,0
436175,0
436177,0
436192,1
436193,0
436200,0
436202,0
436205,0
436210,0
436213,0
436217,0
436218,0
436221,0
436223,0
436229,0
436234,0
436235,0
436240,1
436247,0
436249,0
436254,0
436255,0
436256,0
436262,0
436263,0
436266,0
436275,0
436283,0
436291,0
436292,0
436303,1
436308,0
436310,0
436317,0
436322,1
436324,0
436327,0
436328,0
436343,0
436346,0
436350,0
436368,0
436380,0
436386,0
436387,0
436392,0
436393,0
436401,0
436409,0
436416,0
436419,0
436422,0
436430,0
436434,0
436437,0
436438,0
436441,0
436450,0
436452,0
436454,0
436467,0
436474,0
436477,0
436479,0
436481,0
436484,0
436486,0
436496,0
436498,0
436501,0
436505,0
436507,0
436510,0
436511,0
436524,0
436532,0
436549,0
436550,0
436554,0
436577,0
436588,0
436596,0
436598,0
436621,0
436622,0
436624,0
436625,0
436628,0
436629,0
436633,0
436647,0
436648,0
436657,0
436667,0
436670,0
436675,0
436677,0
436681,0
436687,0
436695,0
436697,0
436702,0
436710,0
436712,0
436715,0
436729,0
436735,0
436737,0
436739,0
436758,1
436760,0
436764,0
436767,0
436775,0
436786,0
436796,0
436799,0
436816,0
436824,0
436833,0
436836,0
436839,0
436841,0
436847,0
436850,0
436856,1
436860,0
436861,0
436862,0
436871,0
436878,0
436884,0
436890,0
436891,0
436895,0
436896,0
436903,0
436916,0
436919,0
436922,0
436923,0
436925,0
436926,0
436932,0
436933,0
436939,0
436943,1
436945,0
436947,0
436956,0
436963,0
436976,0
436990,0
437005,0
437010,0
437015,0
437016,1
437023,0
437024,0
437027,0
437032,0
437054,0
437057,1
437059,0
437063,0
437064,0
437066,0
437074,0
437076,0
437093,0
437099,0
437104,0
437114,0
437117,0
437123,0
437127,0
437129,0
437133,0
437141,0
437146,0
437149,0
437150,0
437153,0
437159,1
437162,0
437166,1
437175,0
437178,0
437182,0
437183,0
437185,0
437192,0
437194,0
437198,0
437206,0
437216,0
437217,0
437221,0
437223,0
437232,0
437237,0
437241,0
437258,0
437260,0
437262,0
437263,0
437266,0
437271,0
437274,0
437275,0
437280,0
437284,0
437290,0
437303,0
437304,0
437307,0
437311,0
437327,0
437328,0
437330,0
437337,0
437339,0
437342,0
437345,0
437350,0
437353,0
437356,0
437363,0
437364,0
437369,0
437374,0
437375,0
437376,0
437386,0
437389,0
437403,0
437405,0
437406,0
437408,0
437411,0
437416,0
437422,0
437427,0
437431,0
437436,0
437443,0
437446,0
437453,0
437466,0
437468,0
437472,0
437475,0
437476,0
437487,0
437506,0
437513,0
437514,0
437521,1
437523,0
437532,0
437547,0
437549,0
437555,0
437562,0
437563,0
437568,0
437570,0
437573,0
437575,0
437576,0
437578,0
437579,0
437580,0
437592,0
437593,0
437597,0
437598,0
437599,0
437608,0
437616,0
437617,0
437618,0
437628,0
437631,0
437633,0
437643,0
437650,0
437651,0
437654,0
437657,0
437660,0
437670,0
437671,0
437676,0
437677,1
437678,0
437679,0
437683,0
437694,0
437697,0
437698,0
437700,0
437704,0
437708,0
437721,0
437739,0
437749,0
437750,0
437751,0
437753,0
437754,0
437756,0
437762,0
437765,0
437772,0
437773,0
437775,0
437787,0
437788,0
437801,0
437804,0
437811,0
437816,0
437818,0
437823,0
437825,0
437835,0
437838,0
437842,0
437848,0
437863,0
437871,0
437879,0
437889,0
437899,0
437901,0
437904,0
437905,0
437916,0
437917,0
437918,0
437923,0
437927,0
437931,0
437932,0
437933,0
437942,1
437952,0
437953,0
437955,0
437957,0
437960,0
437973,0
437977,0
437982,0
437986,0
437991,0
437994,0
437996,0
438003,0
438010,0
438012,0
438013,0
438015,0
438033,0
438041,0
438049,0
438053,0
438065,0
438075,0
438083,0
438087,0
438088,0
438090,0
438097,0
438098,0
438100,0
438101,0
438107,0
438132,0
438142,0
438144,0
438148,0
438152,0
438165,0
438167,0
438174,0
438175,0
438182,0
438183,0
438191,1
438192,0
438211,0
438212,0
438218,0
438232,0
438233,0
438239,0
438248,0
438262,0
438267,0
438279,0
438283,0
438284,0
438291,0
438296,0
438298,0
438300,0
438303,0
438305,0
438309,0
438312,0
438313,0
438314,0
438317,1
438324,0
438327,0
438340,0
438353,0
438356,0
438357,0
438360,0
438369,0
438371,0
438381,0
438393,0
438409,0
438411,0
438417,0
438420,1
438425,0
438430,0
438438,0
438443,0
438451,0
438452,0
438455,1
438465,0
438481,0
438487,0
438488,0
438489,0
438493,0
438499,0
438504,0
438508,1
438511,0
438524,0
438525,0
438531,0
438540,0
438541,0
438542,0
438546,0
438548,0
438555,0
438563,0
438566,0
438573,0
438575,0
438578,0
438580,0
438585,0
438587,0
438593,0
438597,0
438605,0
438616,0
438624,0
438626,0
438641,0
438649,0
438651,0
438656,0
438657,0
438659,0
438662,0
438667,0
438672,0
438675,0
438676,0
438679,0
438680,0
438682,0
438685,0
438694,0
438695,0
438711,0
438715,0
438721,0
438725,0
438729,0
438730,0
438741,0
438742,0
438744,0
438757,0
438760,0
438761,0
438767,0
438770,0
438771,0
438772,0
438779,0
438783,0
438786,0
438796,0
438800,0
438803,0
438809,0
438818,0
438820,0
438823,1
438826,0
438833,0
438834,0
438837,0
438838,0
438839,0
438840,0
438883,0
438887,0
438891,1
438897,0
438900,0
438904,0
438909,0
438910,0
438913,0
438914,0
438918,0
438919,0
438928,0
438940,0
438946,0
438948,0
438971,0
438986,0
438994,0
438996,0
439000,0
439007,0
439016,0
439020,0
439024,0
439037,0
439038,0
439039,1
439041,0
439043,0
439044,0
439045,0
439048,0
439063,0
439067,0
439076,0
439084,0
439086,0
439088,0
439090,0
439103,0
439108,0
439111,0
439112,0
439116,0
439121,0
439122,0
439133,0
439137,0
439149,0
439154,0
439167,0
439168,0
439173,0
439177,0
439178,0
439179,0
439182,0
439186,0
439195,0
439199,0
439203,0
439217,0
439225,0
439228,0
439230,0
439234,0
439236,0
439238,0
439239,0
439247,0
439251,0
439252,1
439260,0
439261,0
439263,0
439267,0
439269,0
439273,0
439274,0
439275,0
439286,0
439289,0
439293,0
439295,0
439311,0
439319,0
439322,0
439330,0
439344,0
439361,0
439366,0
439380,0
439381,0
439382,0
439383,0
439384,0
439385,0
439386,0
439387,0
439394,0
439396,0
439397,0
439406,0
439412,0
439414,0
439415,0
439418,0
439435,0
439448,0
439450,0
439453,0
439455,0
439462,0
439463,0
439464,0
439467,0
439483,0
439484,0
439490,0
439493,0
439511,0
439512,0
439515,0
439518,0
439522,0
439523,0
439525,0
439526,0
439529,1
439533,0
439537,0
439542,0
439557,0
439558,0
439563,0
439571,0
439573,0
439574,0
439578,0
439580,0
439583,0
439590,0
439592,0
439594,0
439595,0
439600,0
439601,0
439609,0
439615,0
439623,0
439627,0
439631,0
439643,0
439655,0
439661,0
439662,0
439667,0
439669,0
439675,0
439677,0
439682,0
439686,0
439694,0
439696,0
439697,0
439701,0
439705,0
439708,0
439709,0
439712,0
439723,0
439736,0
439739,0
439740,0
439744,0
439750,0
439756,0
439757,0
439764,0
439767,0
439770,0
439773,0
439778,0
439784,0
439789,0
439803,0
439804,0
439813,0
439816,0
439821,0
439828,0
439830,0
439832,0
439842,0
439851,0
439853,0
439854,0
439857,0
439861,0
439866,0
439868,0
439872,0
439873,0
439879,0
439881,0
439894,0
439895,0
439896,0
439901,0
439905,0
439918,0
439920,0
439921,0
439934,0
439944,0
439946,0
439980,0
439982,0
439983,0
439984,0
439986,0
439996,0
439999,0
440000,0
440008,0
440009,0
440012,0
440019,0
440021,0
440026,0
440027,0
440031,0
440035,0
440042,0
440045,0
440047,0
440050,0
440053,0
440055,0
440057,0
440074,0
440082,0
440088,0
440091,0
440093,0
440100,0
440102,0
440106,0
440107,0
440108,0
440126,0
440127,0
440132,0
440135,1
440141,0
440142,0
440149,0
440150,0
440158,0
440168,0
440172,0
440174,0
440175,0
440176,0
440181,0
440184,0
440200,0
440204,1
440208,0
440211,0
440228,0
440229,0
440231,0
440233,0
440236,0
440240,0
440249,0
440250,0
440255,1
440262,0
440266,0
440270,0
440271,0
440281,0
440282,0
440283,0
440284,0
440288,0
440296,0
440300,0
440305,0
440306,0
440311,0
440315,0
440336,0
440346,0
440350,0
440354,0
440356,0
440363,0
440367,0
440376,0
440382,0
440383,0
440384,0
440388,0
440389,0
440392,0
440397,0
440398,0
440405,0
440408,0
440410,0
440413,0
440415,0
440416,0
440423,0
440428,0
440429,0
440430,0
440431,0
440432,0
440435,0
440438,0
440440,0
440457,0
440462,0
440463,0
440469,0
440481,0
440492,0
440495,0
440496,0
440507,0
440508,0
440509,0
440510,0
440513,0
440514,0
440516,0
440551,0
440554,0
440555,0
440566,0
440568,0
440569,0
440574,0
440576,0
440582,0
440588,0
440590,0
440596,0
440597,0
440599,0
440600,0
440605,0
440607,0
440614,0
440624,0
440634,0
440636,0
440639,0
440644,1
440649,0
440654,0
440655,0
440673,0
440682,0
440683,0
440690,0
440692,0
440697,0
440703,0
440704,0
440710,0
440714,0
440718,0
440719,0
440722,0
440725,0
440738,0
440751,0
440755,0
440756,1
440768,0
440774,0
440775,0
440776,0
440790,0
440791,0
440798,0
440804,0
440807,0
440819,0
440833,0
440835,0
440845,0
440852,0
440857,0
440863,0
440876,0
440878,0
440883,0
440902,0
440904,0
440916,0
440919,0
440922,0
440927,0
440928,0
440934,0
440943,0
440947,0
440949,0
440950,0
440957,0
440965,0
440967,0
440980,0
440981,0
440982,0
440984,0
440985,0
440994,0
440997,0
441003,0
441005,0
441009,0
441020,0
441030,0
441031,0
441034,1
441046,0
441056,0
441061,0
441065,0
441066,0
441072,0
441075,0
441077,0
441078,0
441084,0
441091,0
441092,0
441094,0
441096,0
441103,0
441109,1
441114,0
441118,0
441119,0
441123,0
441127,0
441130,0
441131,0
441139,0
441140,0
441145,0
441150,0
441154,0
441155,0
441161,0
441163,0
441165,0
441168,0
441175,0
441185,0
441186,0
441188,0
441190,0
441193,0
441200,0
441223,0
441224,0
441231,0
441234,0
441235,1
441240,0
441244,0
441249,0
441250,0
441267,0
441268,0
441272,0
441276,0
441277,0
441284,0
441287,0
441290,0
441292,0
441300,0
441303,0
441306,1
441317,0
441326,0
441337,0
441339,0
441344,0
441346,0
441347,0
441356,0
441365,1
441381,0
441385,0
441392,0
441393,0
441394,0
441397,0
441398,0
441402,0
441407,0
441408,0
441413,0
441415,0
441416,0
441419,0
441421,0
441431,1
441434,0
441438,0
441442,0
441445,0
441447,0
441451,0
441463,0
441465,0
441480,0
441481,0
441483,0
441492,0
441493,0
441501,0
441503,0
441506,0
441509,0
441526,0
441529,0
441531,0
441535,0
441536,0
441537,0
441541,0
441542,0
441546,0
441547,0
441548,0
441560,0
441568,0
441569,0
441571,0
441574,0
441577,0
441579,0
441581,0
441582,0
441589,0
441590,0
441592,0
441594,0
441597,0
441606,1
441615,0
441619,0
441624,1
441627,0
441630,0
441632,0
441641,0
441644,0
441650,0
441657,0
441662,0
441663,0
441670,0
441674,0
441688,0
441696,0
441701,1
441705,0
441710,0
441711,0
441713,1
441716,0
441722,1
441727,0
441730,0
441737,0
441748,0
441750,0
441752,0
441757,0
441762,0
441771,0
441781,0
441782,0
441786,0
441788,0
441792,0
441793,0
441795,0
441796,0
441802,0
441812,0
441813,0
441818,0
441823,0
441824,0
441829,0
441830,0
441834,0
441837,0
441838,0
441846,0
441850,0
441856,0
441857,0
441859,0
441861,0
441870,0
441886,0
441889,0
441892,0
441896,0
441905,0
441909,0
441917,0
441932,0
441934,0
441942,0
441946,0
441949,0
441953,0
441960,0
441962,0
441965,0
441981,0
441985,0
441994,0
441999,0
442006,0
442008,0
442026,0
442028,0
442030,0
442034,0
442036,0
442040,0
442048,0
442056,0
442060,0
442062,0
442069,0
442073,0
442075,0
442080,0
442082,0
442084,0
442085,0
442091,0
442096,0
442100,0
442105,0
442108,0
442109,0
442119,0
442126,0
442131,0
442132,0
442134,0
442157,0
442162,0
442164,0
442168,0
442171,0
442172,0
442179,0
442187,0
442189,0
442190,0
442195,1
442196,0
442204,0
442212,0
442213,0
442216,0
442219,0
442222,0
442223,0
442232,0
442234,0
442243,0
442248,0
442249,0
442253,0
442254,0
442261,0
442263,0
442264,0
442265,0
442289,0
442294,0
442298,0
442300,0
442304,0
442307,0
442316,0
442318,0
442320,0
442328,0
442345,0
442352,0
442356,0
442362,0
442367,0
442368,0
442369,1
442375,0
442382,0
442388,0
442392,0
442398,0
442402,0
442407,0
442408,0
442415,0
442420,0
442424,0
442427,0
442432,0
442434,0
442443,0
442446,0
442447,0
442450,0
442453,0
442464,0
442471,0
442474,0
442479,0
442481,0
442488,1
442495,0
442501,0
442504,0
442505,0
442506,0
442508,0
442516,0
442520,0
442525,0
442529,0
442530,0
442531,0
442534,0
442542,0
442544,0
442554,0
442565,0
442580,0
442587,0
442589,0
442590,1
442592,0
442596,0
442597,0
442599,0
442600,0
442603,0
442608,0
442624,0
442645,0
442646,0
442647,0
442649,0
442659,0
442660,0
442666,0
442667,0
442672,0
442673,0
442680,0
442687,0
442689,0
442694,0
442709,0
442710,0
442711,0
442712,0
442714,0
442718,0
442719,0
442723,0
442745,0
442749,0
442756,0
442761,0
442763,0
442772,0
442786,0
442787,0
442788,1
442802,0
442808,0
442810,0
442815,0
442822,0
442823,0
442825,0
442826,0
442831,0
442836,0
442840,1
442845,1
442855,0
442857,0
442858,0
442863,0
442869,0
442879,0
442884,0
442887,0
442889,0
442895,0
442904,0
442905,0
442907,0
442908,0
442915,0
442924,0
442926,0
442940,0
442941,0
442946,0
442955,0
442957,0
442958,0
442962,0
442969,0
442971,0
442983,0
442984,0
442988,0
442989,0
443000,0
443004,0
443008,0
443015,0
443019,0
443025,0
443029,0
443044,0
443049,1
443056,0
443057,0
443062,0
443071,0
443089,0
443091,0
443099,0
443107,0
443111,0
443113,0
443121,0
443124,1
443130,0
443138,0
443139,0
443153,0
443159,0
443174,1
443176,0
443177,0
443187,0
443189,0
443191,0
443195,0
443200,0
443204,0
443205,0
443217,0
443230,0
443239,0
443242,0
443244,0
443252,0
443254,0
443263,0
443266,0
443270,0
443289,0
443290,0
443301,0
443304,0
443306,0
443308,1
443316,0
443320,0
443323,0
443325,0
443329,0
443336,0
443343,0
443351,0
443352,0
443358,0
443359,0
443367,0
443368,0
443371,0
443372,0
443375,0
443376,0
443386,1
443388,0
443391,0
443395,0
443402,0
443403,0
443405,0
443410,0
443420,0
443434,0
443435,0
443439,0
443443,0
443459,0
443461,0
443465,0
443468,0
443471,0
443477,0
443482,0
443487,0
443492,0
443493,0
443503,0
443507,0
443512,0
443525,0
443530,0
443534,0
443538,0
443539,0
443551,0
443554,1
443556,0
443560,0
443564,0
443566,0
443570,0
443572,0
443583,1
443586,0
443610,0
443611,0
443619,0
443623,0
443625,0
443628,0
443632,0
443647,0
443648,0
443650,0
443652,0
443656,0
443660,0
443667,0
443671,0
443674,0
443675,0
443676,0
443692,0
443693,0
443694,0
443705,0
443713,0
443719,0
443723,0
443726,0
443736,0
443739,0
443740,0
443741,0
443746,0
443755,0
443756,0
443770,0
443775,0
443785,0
443787,0
443789,0
443797,0
443799,0
443801,0
443811,0
443817,0
443819,0
443820,1
443829,0
443836,0
443838,0
443843,0
443852,0
443854,0
443868,0
443871,0
443874,0
443877,0
443878,0
443880,0
443881,0
443884,0
443886,0
443888,0
443890,0
443896,0
443898,0
443904,0
443912,0
443916,0
443918,0
443921,0
443928,0
443929,0
443933,0
443934,0
443941,0
443942,0
443943,0
443945,0
443952,0
443957,0
443960,0
443967,0
443970,0
443972,0
443978,0
443993,0
443997,0
444005,0
444006,0
444007,0
444008,0
444025,0
444036,0
444039,0
444042,1
444043,0
444049,0
444052,0
444061,0
444063,0
444068,0
444075,0
444079,1
444083,0
444092,0
444104,0
444106,0
444110,0
444118,0
444119,0
444124,0
444128,0
444133,0
444152,0
444164,0
444166,0
444167,0
444173,0
444174,0
444177,0
444181,0
444193,0
444197,0
444198,0
444205,0
444206,0
444215,0
444219,0
444224,0
444234,0
444244,0
444250,0
444251,0
444262,0
444263,0
444274,0
444285,0
444290,0
444292,0
444294,0
444298,0
444303,1
444305,0
444314,0
444318,0
444319,0
444327,0
444329,0
444331,0
444336,0
444339,0
444344,0
444345,0
444348,0
444354,0
444356,0
444358,0
444360,0
444362,0
444367,0
444376,0
444390,0
444399,0
444401,0
444406,1
444415,0
444420,0
444421,0
444423,0
444425,0
444429,0
444433,0
444440,0
444441,0
444444,0
444445,0
444447,0
444448,0
444460,1
444465,0
444486,0
444489,0
444490,0
444491,0
444493,0
444494,0
444498,0
444510,0
444521,0
444523,0
444527,0
444528,0
444529,0
444531,0
444533,0
444534,0
444541,0
444542,0
444547,1
444560,0
444562,0
444569,0
444570,0
444572,0
444573,0
444575,0
444580,0
444581,0
444587,0
444588,0
444602,0
444612,0
444628,0
444646,0
444648,0
444656,0
444667,0
444679,0
444680,0
444690,0
444711,0
444713,1
444720,0
444723,0
444740,0
444746,0
444748,0
444757,0
444766,0
444770,0
444794,0
444799,0
444805,0
444818,0
444823,0
444824,0
444827,0
444828,0
444830,0
444836,0
444839,0
444862,0
444866,0
444874,0
444875,0
444878,0
444880,0
444885,0
444891,0
444893,0
444894,0
444899,0
444906,0
444907,0
444919,0
444935,0
444937,0
444942,0
444950,0
444954,0
444956,0
444964,0
444966,0
444970,0
444974,0
444975,0
444977,0
444988,0
444992,0
444999,0
445000,0
445001,0
445005,0
445008,0
445009,0
445012,0
445013,0
445021,0
445022,0
445024,0
445026,0
445028,0
445031,0
445035,1
445036,0
445042,0
445045,0
445049,0
445051,0
445059,0
445066,0
445067,0
445081,0
445088,0
445090,0
445091,0
445092,0
445097,0
445113,1
445126,0
445141,0
445163,0
445164,0
445168,0
445169,0
445170,0
445174,0
445175,0
445177,0
445187,0
445199,0
445205,0
445216,0
445218,0
445219,0
445221,0
445223,0
445227,0
445260,0
445265,0
445278,0
445283,0
445308,0
445309,0
445315,0
445322,0
445324,0
445326,0
445341,0
445346,0
445351,0
445355,0
445359,0
445362,0
445367,0
445371,0
445377,0
445378,0
445384,0
445386,0
445399,1
445404,0
445414,0
445416,0
445421,0
445429,0
445435,0
445438,0
445440,0
445441,1
445449,0
445456,1
445461,1
445470,0
445475,0
445489,0
445497,0
445502,0
445505,0
445506,0
445508,0
445509,0
445510,0
445511,0
445515,0
445520,0
445525,0
445530,0
445538,0
445541,0
445548,0
445554,0
445555,0
445557,0
445562,0
445564,0
445565,0
445566,0
445570,0
445578,0
445582,0
445589,0
445591,0
445593,1
445599,0
445606,0
445610,0
445614,0
445615,0
445617,0
445620,0
445631,0
445634,0
445637,0
445638,0
445642,0
445646,0
445653,0
445661,1
445662,0
445669,0
445694,0
445696,0
445699,0
445700,0
445704,0
445713,0
445724,0
445725,0
445731,0
445732,0
445753,0
445755,0
445758,0
445761,0
445769,1
445773,0
445774,0
445775,0
445778,0
445783,0
445793,1
445808,0
445810,0
445811,0
445812,0
445816,0
445817,0
445821,0
445824,0
445829,0
445833,0
445838,0
445842,0
445848,0
445850,0
445851,0
445853,0
445866,0
445878,0
445879,0
445889,0
445891,0
445896,0
445899,1
445900,0
445910,1
445928,0
445933,0
445935,0
445937,0
445951,0
445953,0
445957,0
445982,0
445988,0
445998,0
446000,0
446002,0
446013,0
446014,0
446019,0
446020,0
446025,0
446032,0
446034,0
446038,0
446043,0
446046,0
446050,0
446059,0
446074,0
446076,0
446091,0
446098,0
446100,0
446103,0
446104,0
446119,0
446123,0
446130,0
446133,0
446150,0
446153,0
446157,1
446159,0
446167,0
446176,0
446185,0
446191,0
446193,0
446194,0
446197,0
446218,0
446232,0
446243,0
446247,0
446250,0
446252,0
446255,0
446260,0
446261,0
446263,0
446264,0
446267,0
446287,0
446290,0
446313,0
446314,0
446315,0
446316,0
446317,0
446321,0
446322,0
446326,0
446336,0
446342,0
446350,0
446354,0
446356,0
446360,0
446364,1
446365,0
446369,1
446371,0
446376,0
446377,0
446384,0
446385,0
446388,0
446390,0
446391,0
446392,0
446394,0
446395,0
446398,0
446400,0
446407,0
446412,0
446416,0
446420,0
446440,0
446445,0
446447,0
446465,0
446467,0
446475,0
446476,0
446491,0
446496,0
446503,0
446504,0
446508,0
446517,0
446520,0
446523,0
446528,0
446533,0
446534,0
446546,0
446548,0
446553,0
446555,0
446560,0
446567,0
446572,0
446574,0
446578,0
446588,0
446593,0
446605,0
446606,0
446607,0
446616,0
446622,0
446636,0
446639,0
446646,0
446647,1
446651,0
446654,0
446660,0
446662,0
446668,0
446672,0
446674,0
446676,0
446682,0
446688,0
446689,1
446692,0
446700,0
446703,0
446704,0
446706,0
446707,0
446716,0
446721,0
446734,0
446735,0
446744,0
446756,0
446758,0
446762,0
446765,0
446769,0
446783,0
446787,0
446791,0
446794,0
446799,0
446800,0
446812,0
446814,0
446847,1
446848,0
446849,0
446851,0
446852,0
446855,0
446856,0
446858,0
446859,0
446868,0
446870,0
446871,0
446874,0
446883,0
446884,0
446895,0
446902,0
446912,0
446916,0
446917,0
446926,0
446929,0
446930,0
446938,0
446944,0
446947,0
446948,0
446952,0
446964,0
446973,0
446979,0
446987,0
446996,0
447001,0
447007,0
447012,0
447015,0
447016,0
447023,0
447032,0
447036,0
447042,0
447055,0
447059,0
447060,0
447067,0
447069,0
447071,0
447081,0
447083,0
447084,0
447087,0
447095,0
447098,0
447099,0
447103,0
447123,0
447124,0
447126,0
447136,0
447137,0
447138,0
447146,0
447149,0
447152,0
447153,0
447169,0
447170,0
447173,0
447179,0
447183,0
447190,0
447192,0
447196,0
447208,0
447213,0
447214,0
447223,0
447226,0
447228,0
447231,0
447232,0
447234,0
447245,0
447246,0
447252,0
447255,0
447256,0
447257,0
447258,0
447261,0
447266,0
447275,0
447276,0
447279,0
447282,0
447286,0
447294,0
447298,0
447304,0
447313,0
447314,0
447327,0
447328,0
447335,0
447338,0
447339,0
447342,0
447346,1
447347,0
447359,0
447360,0
447365,0
447369,0
447371,0
447375,0
447376,0
447377,1
447380,0
447381,0
447386,0
447397,0
447400,0
447401,0
447402,0
447404,0
447405,0
447407,0
447412,0
447419,0
447428,0
447429,0
447431,0
447435,0
447436,0
447440,0
447454,0
447459,0
447461,0
447465,0
447476,0
447480,0
447481,0
447487,0
447495,0
447498,0
447511,0
447518,0
447521,0
447524,0
447530,0
447534,0
447539,0
447546,0
447554,0
447560,0
447563,0
447566,0
447567,0
447575,0
447580,0
447582,1
447583,0
447586,0
447593,0
447595,0
447598,0
447611,0
447612,0
447613,0
447616,0
447619,0
447625,0
447630,0
447636,0
447639,1
447664,0
447665,0
447671,0
447694,0
447704,0
447719,0
447729,1
447732,0
447733,0
447740,0
447742,0
447747,0
447752,0
447764,1
447766,0
447771,0
447773,0
447780,0
447784,0
447789,0
447799,0
447802,0
447810,0
447812,0
447814,0
447818,0
447822,0
447825,0
447830,0
447841,0
447846,0
447863,0
447865,0
447873,0
447888,0
447890,0
447897,0
447903,0
447905,1
447914,0
447942,0
447952,0
447954,0
447957,0
447963,0
447964,0
447967,0
447969,0
447972,0
447975,0
447978,0
447982,1
447984,0
447988,0
447991,0
447992,0
447994,0
448001,0
448007,0
448009,0
448011,0
448014,0
448021,0
448028,0
448031,0
448033,0
448035,0
448037,0
448045,0
448073,0
448074,0
448081,0
448082,0
448083,1
448095,0
448096,0
448103,0
448106,0
448107,0
448111,0
448113,0
448118,0
448125,0
448129,0
448131,0
448143,0
448144,0
448148,0
448153,0
448155,1
448167,0
448179,0
448192,0
448195,0
448197,0
448201,0
448207,0
448208,0
448212,0
448218,0
448228,0
448241,0
448245,0
448253,0
448260,0
448272,1
448273,0
448274,0
448278,0
448288,0
448292,0
448295,0
448300,0
448307,0
448308,0
448310,0
448313,0
448316,0
448320,0
448321,0
448326,0
448328,0
448332,0
448333,0
448338,0
448342,0
448344,0
448354,0
448355,0
448359,1
448376,0
448377,0
448384,0
448393,0
448400,0
448403,0
448405,0
448409,0
448425,0
448427,0
448432,0
448445,0
448460,0
448462,0
448472,0
448473,0
448475,0
448481,0
448488,0
448496,0
448505,0
448508,0
448513,0
448516,0
448521,0
448524,0
448527,0
448529,0
448537,0
448538,0
448544,0
448554,0
448562,1
448563,0
448566,0
448573,0
448574,0
448578,0
448580,0
448589,0
448592,0
448593,0
448603,0
448607,0
448610,0
448615,0
448619,0
448620,0
448623,0
448627,0
448632,0
448633,0
448634,0
448638,0
448641,0
448656,0
448658,0
448669,0
448672,0
448673,0
448679,0
448688,0
448690,0
448694,0
448696,0
448703,0
448705,0
448711,0
448723,0
448724,0
448727,0
448728,0
448732,0
448736,1
448750,0
448753,0
448755,0
448759,0
448761,0
448770,0
448780,0
448785,0
448786,1
448793,0
448804,0
448806,0
448830,0
448834,0
448859,0
448867,1
448876,0
448881,0
448886,0
448889,0
448904,0
448905,0
448915,0
448918,0
448935,0
448949,0
448958,0
448960,0
448961,0
448968,0
448972,0
448975,0
448981,0
448983,0
448987,0
448990,0
448992,0
448998,0
449006,0
449008,0
449016,0
449029,0
449030,0
449039,0
449044,0
449045,0
449047,0
449050,0
449052,0
449054,0
449059,0
449067,0
449075,0
449079,0
449081,0
449087,0
449088,0
449089,0
449092,0
449094,0
449099,0
449101,0
449106,0
449111,0
449118,0
449126,0
449127,0
449134,0
449141,0
449144,0
449147,0
449154,0
449159,0
449166,0
449169,0
449171,0
449178,0
449184,0
449187,0
449188,0
449199,0
449213,0
449226,0
449249,0
449265,0
449269,0
449270,0
449280,0
449290,0
449291,0
449304,0
449308,0
449313,0
449314,0
449315,0
449319,0
449331,0
449337,0
449338,0
449342,0
449344,1
449345,0
449346,0
449364,0
449367,0
449377,0
449382,0
449383,0
449393,0
449395,0
449397,0
449400,0
449401,0
449402,0
449415,0
449423,0
449427,0
449430,0
449432,0
449433,0
449445,0
449447,1
449451,0
449455,0
449457,0
449459,0
449463,0
449467,0
449470,0
449488,0
449493,1
449494,0
449505,0
449514,0
449519,0
449525,0
449530,0
449531,0
449534,0
449537,0
449539,0
449541,0
449545,0
449547,0
449552,0
449553,0
449555,0
449558,0
449562,0
449564,0
449567,0
449568,0
449573,0
449575,0
449576,0
449593,0
449597,0
449598,0
449605,0
449615,0
449618,0
449624,0
449628,0
449636,0
449643,0
449646,1
449653,0
449661,0
449662,0
449666,0
449667,0
449670,1
449671,0
449674,0
449679,0
449682,0
449684,0
449687,0
449712,0
449715,0
449717,0
449733,0
449735,0
449736,0
449743,0
449746,0
449749,0
449751,0
449754,0
449757,0
449758,0
449769,0
449770,0
449771,0
449772,0
449777,0
449789,0
449791,0
449796,0
449800,0
449801,0
449804,0
449815,0
449816,0
449825,0
449832,0
449850,0
449862,0
449867,0
449871,0
449876,0
449879,0
449887,0
449890,0
449903,0
449907,0
449910,0
449913,0
449928,0
449935,0
449945,0
449950,0
449952,0
449961,0
449962,0
449969,0
449972,0
449976,0
449998,0
450003,0
450004,0
450009,0
450016,0
450033,0
450035,0
450041,0
450048,0
450053,0
450057,0
450068,0
450079,0
450086,0
450090,0
450107,0
450112,0
450115,0
450119,0
450122,0
450124,0
450138,0
450157,0
450161,0
450164,0
450177,0
450179,0
450188,0
450189,0
450194,0
450205,0
450217,0
450219,0
450224,0
450225,0
450227,0
450228,0
450231,0
450236,0
450238,0
450253,0
450259,0
450263,0
450267,0
450273,0
450275,0
450281,0
450290,0
450293,0
450295,0
450297,0
450309,0
450310,0
450313,0
450322,0
450324,0
450330,0
450331,0
450340,0
450349,0
450353,0
450354,0
450358,0
450359,0
450362,0
450363,0
450364,0
450365,0
450369,0
450374,0
450389,0
450398,0
450404,0
450423,0
450427,0
450430,0
450437,1
450438,0
450445,0
450446,0
450452,0
450453,0
450460,1
450472,0
450475,0
450479,1
450490,0
450493,0
450494,1
450502,0
450503,0
450510,0
450514,1
450516,0
450517,0
450524,0
450532,0
450534,0
450539,0
450548,0
450560,0
450563,0
450567,0
450583,0
450584,0
450587,0
450589,0
450593,0
450599,0
450605,0
450606,0
450610,0
450611,0
450618,0
450623,0
450626,0
450629,0
450631,0
450634,0
450651,0
450656,0
450658,0
450659,0
450661,0
450668,0
450678,0
450679,1
450682,0
450703,0
450704,0
450713,0
450727,0
450734,0
450750,0
450752,0
450758,0
450760,0
450771,0
450774,0
450775,0
450776,0
450780,0
450794,0
450796,0
450802,0
450807,0
450814,0
450816,0
450819,0
450835,1
450837,0
450839,0
450843,0
450845,0
450846,0
450847,1
450856,0
450859,0
450869,0
450872,0
450877,0
450878,0
450885,0
450886,0
450887,0
450889,0
450892,0
450893,0
450897,0
450898,0
450903,0
450905,0
450913,0
450918,0
450919,0
450921,0
450928,0
450931,0
450936,0
450950,0
450951,0
450964,0
450965,0
450978,0
450981,0
450983,0
450985,0
450989,0
450990,0
450991,0
450995,0
451006,0
451008,0
451011,0
451020,0
451024,0
451032,0
451041,0
451053,0
451055,0
451058,0
451062,0
451066,0
451069,1
451074,0
451078,0
451081,0
451086,0
451093,0
451098,0
451111,0
451113,0
451114,0
451117,0
451118,0
451137,0
451138,0
451154,0
451163,0
451175,0
451179,0
451190,0
451191,0
451201,0
451204,0
451208,0
451214,0
451222,0
451234,0
451235,0
451238,0
451241,0
451246,0
451248,0
451249,0
451254,0
451256,0
451260,0
451261,0
451262,0
451264,0
451265,0
451266,0
451271,0
451276,0
451282,0
451288,0
451289,0
451290,0
451293,0
451315,0
451321,0
451329,0
451330,0
451342,0
451347,0
451349,0
451351,0
451360,0
451365,1
451367,0
451370,0
451371,0
451392,0
451401,0
451405,0
451409,0
451417,0
451426,0
451430,0
451431,0
451438,0
451449,0
451452,0
451458,0
451471,0
451473,0
451479,0
451481,0
451482,0
451491,0
451496,0
451498,0
451500,0
451503,0
451505,0
451509,0
451514,0
451516,0
451520,0
451522,0
451530,0
451536,1
451560,0
451563,0
451564,0
451568,0
451577,0
451586,0
451589,0
451599,0
451607,0
451609,0
451611,0
451613,0
451614,0
451632,0
451633,0
451638,0
451639,0
451641,1
451672,0
451675,0
451679,0
451682,0
451691,0
451695,0
451696,0
451698,0
451703,0
451705,0
451710,0
451713,0
451727,0
451730,0
451733,0
451734,0
451740,0
451743,0
451744,0
451754,0
451756,0
451760,0
451762,0
451763,0
451770,0
451784,0
451785,0
451794,0
451796,0
451798,0
451801,0
451807,0
451810,0
451813,0
451816,0
451817,1
451824,0
451829,0
451833,0
451839,0
451840,0
451848,0
451849,0
451851,0
451856,0
451857,0
451859,0
451864,0
451880,0
451883,0
451889,0
451890,0
451894,0
451898,0
451899,0
451900,0
451906,0
451909,0
451910,0
451913,0
451916,0
451921,0
451928,0
451932,0
451934,0
451947,0
451949,0
451952,0
451954,0
451955,0
451956,0
451961,0
451962,0
451963,0
451965,0
451967,0
451973,0
451978,0
451981,1
451982,0
451984,0
451987,0
452001,0
452016,0
452018,1
452019,0
452023,0
452028,0
452034,0
452041,0
452053,0
452066,0
452069,0
452074,1
452082,0
452093,0
452101,0
452108,1
452110,0
452111,0
452113,0
452119,0
452120,1
452137,0
452154,0
452161,0
452163,0
452165,0
452167,0
452172,0
452174,0
452177,0
452180,0
452182,0
452183,0
452188,0
452198,0
452200,0
452204,0
452234,0
452238,0
452244,0
452255,0
452259,0
452260,0
452266,0
452267,0
452269,0
452272,0
452280,0
452284,0
452288,0
452299,0
452300,0
452303,0
452305,0
452307,0
452308,0
452315,0
452316,0
452333,0
452342,0
452343,0
452347,0
452352,0
452363,0
452365,0
452369,0
452370,0
452371,0
452372,0
452377,0
452379,0
452390,0
452392,0
452393,0
452395,0
452397,0
452399,0
452401,1
452409,0
452417,0
452427,0
452428,0
452429,0
452430,0
452447,0
452449,0
452451,0
452463,0
452470,0
452472,0
452477,0
452482,0
452494,0
452497,0
452499,0
452502,0
452503,0
452511,0
452512,0
452514,0
452515,0
452517,0
452522,0
452526,0
452531,0
452535,0
452537,0
452538,0
452540,0
452547,0
452550,0
452551,0
452553,1
452555,0
452564,0
452566,0
452567,0
452568,0
452569,0
452572,0
452573,0
452580,0
452582,0
452596,0
452598,0
452627,0
452631,0
452654,0
452656,0
452659,0
452660,0
452662,0
452669,0
452670,0
452672,0
452691,0
452692,0
452696,0
452697,0
452708,0
452710,0
452711,0
452719,0
452731,0
452738,0
452740,0
452743,0
452768,0
452776,0
452780,0
452781,0
452783,0
452800,0
452807,0
452810,0
452812,0
452815,0
452824,0
452825,0
452838,0
452847,0
452854,0
452855,0
452868,0
452874,0
452879,0
452881,0
452882,0
452886,0
452892,0
452893,0
452900,0
452909,0
452910,1
452915,0
452919,0
452933,0
452934,0
452946,0
452950,1
452960,0
452970,0
452971,0
452977,0
452979,0
452993,0
453002,0
453007,0
453010,0
453011,0
453019,0
453030,0
453031,0
453035,0
453038,0
453042,0
453049,0
453055,0
453058,0
453078,0
453079,0
453082,0
453086,0
453090,0
453096,0
453100,0
453114,0
453119,0
453120,0
453122,0
453124,0
453125,0
453126,0
453127,0
453133,0
453134,0
453136,0
453144,0
453155,0
453157,0
453159,0
453167,0
453172,0
453178,0
453180,0
453188,0
453190,0
453196,0
453203,0
453205,0
453208,0
453209,0
453240,0
453262,0
453270,0
453272,0
453283,0
453290,0
453296,0
453302,0
453310,0
453315,0
453318,0
453327,0
453330,0
453344,0
453354,0
453356,0
453359,0
453361,0
453365,0
453367,0
453369,0
453373,0
453377,0
453378,0
453379,0
453383,0
453389,0
453391,0
453398,0
453399,0
453400,0
453403,0
453407,0
453408,0
453411,0
453419,0
453425,0
453428,0
453429,0
453434,0
453440,0
453448,0
453449,0
453451,0
453452,0
453457,0
453460,0
453467,1
453469,0
453481,0
453484,0
453486,0
453488,0
453489,0
453509,0
453513,0
453518,0
453524,0
453525,0
453526,1
453527,1
453531,0
453533,0
453537,0
453542,0
453544,0
453547,0
453549,0
453556,0
453560,0
453561,0
453564,0
453565,0
453572,0
453575,0
453579,0
453586,0
453591,1
453596,0
453605,0
453606,0
453607,0
453608,0
453610,0
453614,0
453620,0
453632,0
453635,0
453638,1
453645,0
453648,0
453651,0
453655,0
453666,0
453675,0
453687,0
453688,0
453696,0
453698,0
453712,0
453735,0
453736,0
453740,0
453747,0
453761,0
453763,0
453769,0
453778,0
453782,0
453787,0
453790,0
453794,0
453797,1
453798,0
453801,0
453807,0
453813,0
453815,0
453816,0
453817,0
453822,1
453825,0
453834,0
453837,0
453841,0
453845,0
453851,0
453853,1
453855,0
453865,0
453872,0
453880,1
453889,0
453891,0
453896,0
453897,0
453910,0
453921,0
453925,1
453928,0
453934,0
453940,0
453941,0
453942,0
453945,0
453949,0
453950,0
453952,0
453957,0
453961,0
453962,0
453964,0
453968,0
453975,0
453980,0
454002,0
454003,0
454013,0
454017,0
454023,0
454028,0
454029,0
454053,1
454055,0
454068,0
454086,0
454090,0
454098,0
454099,0
454100,0
454107,0
454125,0
454130,0
454132,0
454135,0
454138,0
454139,0
454141,0
454142,0
454143,0
454149,0
454151,0
454154,0
454155,0
454169,0
454172,0
454184,0
454185,0
454188,0
454192,0
454193,0
454213,0
454215,0
454219,0
454222,0
454225,0
454228,0
454229,0
454237,0
454238,0
454239,0
454243,0
454257,0
454269,0
454275,0
454279,0
454281,0
454282,0
454283,0
454322,0
454324,0
454330,0
454334,0
454349,0
454350,0
454356,0
454364,0
454368,0
454377,0
454379,0
454385,0
454391,0
454392,0
454394,0
454399,0
454401,0
454407,0
454408,0
454416,0
454422,0
454423,0
454424,0
454426,0
454428,0
454436,0
454437,0
454440,0
454444,0
454458,0
454459,0
454466,0
454467,0
454468,0
454470,0
454474,0
454479,0
454490,0
454491,0
454501,0
454503,0
454507,0
454525,0
454535,1
454538,0
454540,0
454541,0
454555,0
454559,0
454565,0
454569,0
454571,0
454574,0
454586,0
454594,0
454605,0
454611,1
454612,0
454613,0
454619,0
454620,0
454621,0
454623,0
454625,0
454626,0
454630,0
454636,0
454638,0
454644,0
454649,0
454650,0
454653,0
454655,0
454657,0
454663,0
454665,0
454684,0
454688,1
454695,0
454696,1
454701,0
454703,0
454704,0
454708,0
454719,0
454728,0
454738,1
454739,0
454742,0
454762,0
454766,0
454767,0
454778,1
454781,0
454782,0
454783,0
454793,0
454801,0
454814,0
454816,1
454830,0
454831,0
454833,0
454835,0
454854,0
454859,0
454880,0
454883,0
454884,0
454892,0
454897,0
454899,0
454900,0
454904,0
454905,0
454911,0
454912,0
454913,0
454918,0
454919,0
454922,0
454935,0
454939,0
454940,1
454948,0
454950,0
454952,0
454953,0
454955,0
454961,0
454966,0
454970,0
454980,0
454984,0
454992,0
454995,0
454999,0
455026,0
455039,0
455049,0
455054,0
455059,0
455071,0
455074,0
455080,0
455082,0
455084,0
455096,0
455099,0
455104,0
455110,0
455114,0
455138,0
455139,0
455140,0
455141,0
455143,0
455144,0
455153,0
455161,0
455163,0
455167,0
455172,0
455175,0
455182,0
455183,0
455188,0
455189,0
455209,0
455215,0
455217,0
455229,1
455233,0
455242,0
455260,0
455263,1
455268,0
455271,0
455272,0
455275,0
455279,0
455284,0
455287,0
455290,0
455292,0
455296,0
455300,0
455306,0
455308,0
455309,0
455312,0
455314,0
455319,0
455324,0
455335,0
455340,0
455348,0
455349,0
455351,0
455352,0
455354,0
455366,0
455370,0
455376,0
455377,0
455378,1
455379,0
455381,0
455382,0
455384,0
455394,0
455400,0
455413,0
455420,0
455427,0
455439,0
455441,0
455445,0
455448,0
455449,0
455453,0
455456,0
455460,0
455465,0
455469,0
455473,0
455476,0
455491,0
455492,0
455495,0
455505,0
455515,0
455516,0
455517,0
455520,0
455527,0
455529,0
455532,0
455535,0
455536,0
455537,1
455547,0
455552,0
455563,0
455567,0
455572,0
455575,0
455577,0
455580,0
455582,0
455587,0
455592,0
455597,0
455599,0
455604,0
455605,0
455606,0
455618,0
455623,0
455631,0
455642,0
455646,0
455653,0
455657,0
455663,0
455665,0
455670,0
455675,0
455680,0
455681,0
455691,0
455693,0
455698,0
455705,0
455706,0
455708,0
455712,0
455726,0
455727,0
455736,0
455737,0
455740,0
455743,0
455744,0
455749,0
455751,0
455753,0
455755,0
455758,0
455760,0
455778,0
455780,0
455781,0
455792,0
455795,0
455800,0
455802,0
455803,0
455809,0
455813,0
455815,0
455825,0
455831,0
455834,0
455835,0
455837,0
455838,0
455842,0
455850,0
455852,0
455863,0
455870,0
455874,0
455875,0
455876,0
455884,0
455893,0
455903,0
455906,0
455909,0
455912,0
455913,0
455916,0
455917,0
455919,0
455928,0
455929,0
455930,0
455931,0
455942,0
455944,0
455949,0
455954,0
455955,0
455960,0
455966,0
455967,1
455973,0
455974,0
455983,0
455999,0
456001,0
456011,0
456012,0
456013,0
456019,1
456020,0
456025,0
456039,0
456051,0
456061,0
456062,0
456063,1
456069,0
456073,0
456078,0
456085,0
456089,0
456099,0
456103,0
456114,1
456118,0
456129,0
456132,0
456138,0
456149,0
456153,0
456164,0
456171,1
456176,0
456178,0
456188,0
456191,0
456192,0
456200,1
456205,0
456209,0
456214,0
456217,0
456221,0
456228,1
456230,0
456233,0
456238,0
456239,0
456242,0
456257,0
456260,0
456263,0
456267,0
456272,0
456276,0
456281,0
456284,0
456296,1
456303,0
456307,0
456320,0
456322,0
456324,0
456336,1
456353,1
456373,0
456382,0
456386,0
456392,0
456397,0
456404,0
456407,0
456408,0
456414,0
456416,0
456424,1
456426,0
456428,0
456432,0
456435,0
456440,0
456443,0
456444,0
456446,0
456447,0
456451,0
456464,0
456466,0
456469,0
456471,0
456476,0
456485,0
456488,0
456489,0
456495,0
456497,0
456501,0
456502,0
456506,0
456512,0
456514,0
456528,0
456532,0
456542,0
456547,0
456551,0
456556,0
456557,0
456561,0
456562,0
456571,0
456577,0
456579,0
456581,0
456583,0
456586,0
456589,0
456591,0
456604,0
456618,0
456621,0
456622,0
456623,0
456634,0
456636,1
456640,0
456643,0
456645,0
456650,0
456651,0
456660,0
456676,0
456677,0
456686,0
456692,0
456693,0
456696,0
456697,1
456704,0
456706,0
456709,0
456710,0
456712,0
456713,0
456732,0
456737,0
456740,0
456742,0
456752,0
456754,0
456761,0
456769,0
456772,0
456781,0
456787,0
456788,0
456796,0
456803,0
456818,0
456825,0
456826,0
456831,0
456834,0
456848,0
456863,0
456865,0
456868,0
456878,0
456881,0
456883,0
456887,0
456888,0
456898,1
456899,1
456904,0
456913,0
456921,0
456922,0
456923,0
456927,0
456928,0
456929,0
456931,0
456932,0
456934,0
456938,0
456944,0
456952,0
456954,0
456955,0
456956,0
456959,0
456961,0
456966,0
456967,0
456974,0
456979,0
456982,0
456983,0
456985,0
456986,0
456987,0
456996,0
456999,0
457000,0
457009,0
457017,0
457030,0
457034,0
457035,0
457036,0
457039,0
457041,0
457044,0
457053,0
457063,0
457076,0
457078,0
457084,1
457086,0
457087,0
457092,0
457093,0
457095,1
457096,0
457098,0
457099,0
457100,0
457106,0
457108,0
457118,0
457119,0
457122,0
457132,0
457133,0
457135,0
457139,0
457141,0
457144,0
457152,0
457153,0
457162,0
457167,0
457171,0
457172,0
457178,0
457181,0
457191,0
457197,0
457202,0
457213,0
457214,0
457219,0
457221,0
457222,0
457226,0
457236,0
457237,0
457242,0
457245,0
457252,0
457259,0
457267,0
457271,0
457281,0
457296,0
457305,0
457315,0
457321,0
457327,0
457344,0
457355,0
457359,0
457361,0
457363,0
457380,0
457381,0
457387,0
457388,0
457394,0
457395,0
457400,0
457406,0
457417,0
457434,0
457438,0
457445,0
457454,0
457460,0
457462,0
457470,0
457473,0
457479,0
457483,0
457490,0
457494,0
457513,0
457515,0
457520,0
457523,0
457527,0
457528,0
457533,0
457536,0
457542,0
457552,0
457556,0
457562,0
457568,0
457574,0
457589,0
457596,0
457604,0
457607,0
457608,0
457617,0
457639,0
457644,0
457645,0
457647,0
457650,0
457652,0
457658,0
457664,0
457668,0
457670,0
457674,0
457678,0
457681,0
457695,0
457697,0
457698,0
457702,0
457703,0
457716,0
457717,0
457734,0
457742,0
457744,0
457745,0
457750,0
457757,0
457760,0
457761,0
457763,0
457765,0
457769,0
457771,0
457773,0
457783,0
457784,0
457787,0
457788,0
457790,0
457793,0
457795,1
457813,0
457832,0
457834,0
457842,0
457844,0
457855,0
457856,0
457864,0
457878,0
457880,0
457885,1
457889,0
457895,0
457896,0
457923,0
457934,0
457938,0
457941,0
457947,0
457955,0
457957,0
457996,1
457998,0
457999,0
458003,0
458007,0
458010,0
458018,0
458024,0
458032,0
458038,0
458041,0
458057,0
458059,0
458060,0
458062,0
458071,0
458077,0
458080,1
458081,0
458083,0
458084,0
458085,0
458087,0
458091,0
458096,0
458104,0
458108,0
458111,0
458114,0
458116,0
458119,0
458141,0
458153,0
458154,0
458155,0
458159,0
458161,0
458166,0
458173,0
458174,0
458178,0
458179,0
458184,0
458195,0
458197,0
458199,0
458203,0
458209,0
458210,0
458211,0
458217,0
458223,0
458225,0
458231,0
458234,0
458240,0
458241,0
458254,0
458260,0
458262,0
458265,0
458270,0
458272,0
458274,0
458283,0
458290,0
458293,0
458296,0
458297,0
458298,0
458299,0
458303,0
458304,0
458309,0
458310,0
458311,0
458321,0
458324,0
458342,1
458343,1
458345,0
458351,0
458355,0
458365,0
458366,0
458372,1
458376,0
458380,0
458390,1
458394,0
458397,0
458416,0
458418,0
458420,1
458430,0
458441,0
458442,0
458447,0
458456,0
458462,0
458469,0
458471,0
458482,0
458487,0
458492,0
458501,0
458502,1
458504,0
458509,0
458510,0
458519,0
458532,0
458535,0
458547,0
458550,0
458562,0
458566,0
458569,0
458584,0
458586,0
458588,0
458597,0
458611,0
458615,0
458621,0
458624,0
458628,0
458631,0
458644,0
458646,0
458647,0
458656,0
458657,0
458659,1
458666,0
458674,0
458675,0
458677,0
458678,0
458680,0
458681,0
458682,0
458685,0
458700,0
458702,0
458713,1
458716,0
458720,0
458727,1
458738,0
458739,0
458745,0
458749,0
458751,0
458755,0
458757,0
458759,0
458763,0
458766,0
458769,0
458782,0
458787,0
458789,0
458795,0
458796,0
458800,0
458817,0
458827,0
458829,0
458839,0
458843,0
458844,0
458851,0
458857,0
458860,0
458883,0
458890,1
458899,0
458904,1
458905,0
458908,0
458918,0
458923,1
458926,0
458929,0
458931,0
458943,0
458946,0
458957,0
458963,0
458964,1
458968,1
458974,0
458982,0
458985,0
458989,0
458991,0
458992,0
458995,0
459013,0
459018,0
459020,0
459022,0
459024,0
459039,0
459060,0
459062,0
459078,0
459085,0
459086,0
459087,0
459089,0
459099,0
459103,0
459106,0
459111,0
459119,0
459123,0
459131,0
459137,0
459142,0
459144,0
459145,0
459147,0
459150,0
459156,0
459158,0
459171,0
459172,0
459175,0
459179,0
459189,0
459191,0
459206,0
459215,0
459218,0
459235,0
459238,0
459243,0
459255,0
459257,0
459258,0
459262,0
459265,0
459271,0
459273,0
459300,1
459303,0
459308,0
459317,0
459332,0
459338,0
459347,0
459352,0
459354,0
459363,0
459364,0
459367,0
459369,0
459379,0
459391,0
459392,0
459394,0
459395,0
459398,1
459403,0
459406,0
459408,1
459411,0
459413,0
459415,0
459417,0
459418,0
459419,0
459420,0
459422,0
459423,0
459424,0
459427,0
459430,0
459435,0
459437,0
459442,0
459444,0
459445,1
459447,0
459453,0
459456,0
459477,0
459483,0
459486,0
459487,0
459493,0
459494,0
459506,0
459507,0
459511,0
459513,0
459524,0
459528,0
459538,0
459541,0
459543,0
459548,0
459552,0
459555,0
459556,0
459565,0
459575,0
459611,0
459613,0
459619,0
459627,0
459628,0
459636,0
459640,0
459641,0
459646,0
459648,0
459649,0
459651,0
459656,0
459657,0
459659,0
459660,0
459662,0
459665,0
459666,0
459675,0
459676,0
459679,0
459689,0
459691,0
459698,0
459702,0
459704,0
459705,0
459708,0
459717,0
459720,0
459726,0
459729,0
459731,0
459740,0
459747,0
459756,0
459760,0
459764,0
459767,0
459768,0
459769,0
459772,0
459776,0
459783,0
459784,0
459791,0
459804,0
459809,0
459813,0
459826,0
459828,0
459830,0
459837,0
459840,0
459848,0
459852,0
459868,1
459871,0
459877,0
459894,0
459896,0
459900,0
459901,0
459902,0
459903,0
459910,0
459915,0
459926,0
459937,0
459942,0
459944,0
459949,0
459955,0
459958,0
459968,0
459971,1
459972,0
459979,0
459981,0
459987,0
459994,0
459995,0
459997,0
460005,1
460009,0
460010,0
460013,0
460018,0
460022,0
460032,0
460037,0
460039,0
460040,0
460049,0
460051,0
460057,0
460060,0
460061,0
460064,0
460065,0
460069,0
460071,0
460076,0
460080,0
460081,0
460082,0
460086,0
460090,0
460093,0
460104,0
460108,0
460121,0
460122,0
460140,0
460145,0
460166,0
460170,0
460171,0
460192,0
460198,0
460201,0
460215,0
460216,0
460217,0
460218,0
460232,0
460239,0
460245,0
460246,0
460258,0
460265,0
460266,0
460267,0
460268,0
460271,0
460276,0
460277,0
460284,0
460287,0
460289,0
460308,0
460309,0
460310,0
460311,0
460314,0
460317,0
460319,0
460323,0
460324,0
460333,0
460334,0
460340,0
460342,0
460343,1
460347,0
460349,0
460350,0
460358,0
460359,0
460367,0
460368,0
460370,0
460374,0
460380,0
460394,0
460395,0
460397,0
460399,0
460402,0
460414,0
460415,0
460445,0
460454,0
460456,0
460462,0
460464,1
460473,0
460476,0
460477,0
460479,0
460481,0
460482,0
460487,0
460506,0
460523,0
460529,0
460532,0
460536,0
460538,0
460540,0
460542,0
460553,0
460560,1
460562,0
460582,0
460586,0
460587,0
460588,0
460589,0
460590,0
460593,0
460596,0
460597,0
460599,0
460602,0
460613,0
460621,0
460627,1
460630,0
460635,0
460639,0
460646,0
460653,0
460654,0
460656,0
460670,0
460671,0
460676,0
460677,0
460683,0
460689,0
460692,0
460694,0
460702,0
460708,0
460711,1
460719,0
460723,1
460725,0
460731,0
460750,0
460756,0
460758,0
460762,0
460768,0
460774,1
460776,0
460789,0
460798,0
460800,0
460801,0
460802,0
460815,0
460825,0
460831,0
460836,0
460837,0
460848,0
460849,0
460852,0
460858,0
460859,0
460863,0
460865,0
460874,0
460875,0
460877,0
460879,0
460894,0
460896,0
460904,0
460906,0
460911,0
460913,0
460922,0
460924,0
460925,0
460929,0
460930,0
460931,0
460940,0
460944,0
460945,0
460950,0
460963,0
460964,0
460966,0
460976,0
460978,0
460984,0
460986,0
460989,0
460994,0
460996,0
460999,0
461010,0
461011,0
461020,0
461021,0
461025,0
461028,0
461030,0
461044,0
461051,0
461054,0
461055,0
461068,0
461069,0
461071,0
461072,0
461076,0
461091,0
461093,0
461094,0
461097,0
461101,0
461103,0
461109,0
461116,0
461118,0
461120,0
461123,0
461126,0
461135,0
461151,0
461155,0
461158,0
461160,1
461162,0
461168,0
461169,1
461170,0
461174,0
461177,0
461181,0
461184,0
461190,0
461197,0
461206,0
461216,1
461240,0
461244,0
461249,0
461251,0
461254,0
461256,0
461257,0
461258,0
461259,0
461260,0
461264,0
461277,0
461279,0
461293,0
461310,0
461312,0
461314,1
461315,0
461328,0
461336,0
461341,0
461344,0
461356,0
461359,0
461364,0
461367,0
461375,0
461377,0
461378,0
461387,0
461394,0
461396,0
461401,0
461406,0
461415,0
461421,0
461433,0
461436,0
461440,0
461451,0
461459,0
461460,0
461464,1
461469,0
461473,0
461474,0
461475,1
461478,0
461496,0
461498,0
461499,0
461500,0
461503,0
461517,0
461518,0
461519,0
461529,0
461534,0
461538,0
461543,0
461545,0
461547,0
461548,0
461553,0
461556,1
461557,0
461558,0
461563,0
461564,0
461565,0
461568,0
461575,0
461588,0
461595,0
461600,0
461616,0
461628,0
461630,0
461631,0
461635,0
461638,0
461643,0
461648,0
461649,0
461650,0
461655,0
461657,0
461659,0
461661,0
461663,1
461665,1
461675,0
461677,0
461682,0
461691,0
461695,0
461697,0
461699,0
461704,0
461707,0
461720,0
461725,0
461726,0
461728,0
461729,0
461730,0
461732,0
461734,0
461736,0
461740,0
461744,0
461745,0
461746,0
461747,0
461751,1
461752,0
461758,0
461759,0
461763,0
461765,0
461771,0
461776,0
461779,0
461781,0
461782,0
461787,0
461796,0
461800,0
461803,0
461804,0
461809,0
461816,0
461820,0
461824,0
461833,0
461836,0
461837,0
461841,0
461857,0
461860,0
461862,0
461864,0
461868,0
461875,0
461877,0
461881,0
461884,0
461904,1
461908,0
461919,0
461929,0
461931,0
461935,0
461936,0
461944,0
461948,0
461957,0
461961,0
461974,0
461977,0
461989,0
461991,0
461998,0
462001,0
462004,0
462005,0
462006,0
462011,0
462024,0
462026,0
462033,0
462045,0
462053,0
462067,0
462074,0
462085,0
462087,0
462088,0
462092,0
462094,0
462102,0
462106,0
462108,0
462114,0
462117,0
462128,0
462129,0
462132,0
462134,0
462136,0
462137,0
462138,0
462141,0
462145,0
462148,0
462157,0
462159,0
462161,0
462166,0
462167,0
462168,0
462169,0
462170,0
462177,0
462180,0
462188,0
462192,0
462196,0
462201,0
462205,0
462211,0
462212,0
462218,0
462220,0
462221,0
462226,0
462255,0
462268,0
462281,0
462299,0
462311,0
462312,0
462315,0
462319,0
462321,0
462323,0
462333,0
462338,0
462367,0
462371,0
462372,0
462378,0
462380,0
462382,0
462384,0
462389,0
462395,0
462409,0
462422,0
462425,0
462427,0
462428,0
462436,0
462440,0
462449,0
462453,0
462459,0
462464,0
462468,0
462474,0
462495,0
462501,0
462514,0
462521,1
462527,0
462535,0
462536,0
462537,0
462540,1
462545,0
462552,0
462562,0
462563,0
462564,0
462566,0
462574,0
462575,0
462590,1
462592,0
462596,0
462613,0
462616,0
462617,0
462623,0
462624,0
462626,0
462633,0
462637,0
462638,0
462642,0
462651,0
462656,0
462657,0
462664,0
462667,0
462671,0
462677,0
462678,0
462685,0
462688,0
462693,0
462703,0
462709,0
462710,0
462713,0
462718,0
462728,0
462729,0
462730,0
462734,0
462742,0
462743,0
462756,0
462773,0
462784,0
462797,0
462801,0
462808,0
462820,0
462822,0
462824,0
462826,0
462833,0
462849,0
462852,0
462855,0
462857,0
462861,0
462863,0
462865,0
462869,0
462873,0
462875,0
462876,0
462879,0
462881,0
462884,0
462887,0
462891,0
462897,0
462900,0
462901,0
462907,0
462909,0
462913,0
462914,0
462923,0
462925,0
462928,0
462930,0
462954,0
462957,0
462963,0
462965,0
462968,0
462971,0
462978,0
462980,0
462981,0
462986,0
462989,0
462995,0
463000,0
463003,0
463007,0
463012,0
463015,0
463017,0
463018,0
463019,0
463024,0
463026,0
463047,0
463056,0
463058,0
463064,0
463066,0
463067,0
463071,0
463083,0
463088,0
463092,0
463099,0
463113,0
463115,0
463116,0
463119,0
463121,0
463146,0
463149,0
463152,0
463165,0
463168,0
463184,0
463186,0
463192,0
463195,0
463204,1
463207,0
463216,0
463224,0
463225,0
463229,0
463251,0
463253,0
463265,0
463266,0
463279,0
463280,0
463290,0
463292,0
463306,0
463308,0
463314,0
463315,0
463316,0
463317,0
463320,0
463324,0
463337,0
463340,0
463343,0
463349,0
463351,0
463373,0
463377,0
463379,0
463383,0
463387,0
463389,0
463411,0
463418,0
463424,0
463427,0
463430,0
463434,0
463435,0
463436,0
463438,1
463440,0
463443,0
463445,0
463451,0
463453,0
463456,0
463459,0
463468,0
463473,0
463482,0
463488,0
463491,0
463497,0
463500,0
463501,0
463502,0
463530,0
463533,0
463536,0
463540,0
463545,0
463548,0
463558,0
463568,0
463572,0
463573,0
463575,0
463580,0
463582,0
463583,0
463587,0
463588,0
463589,0
463590,0
463596,0
463597,0
463598,0
463599,0
463605,0
463615,0
463620,0
463631,0
463641,0
463646,0
463647,0
463649,1
463660,0
463663,0
463674,0
463677,0
463683,0
463695,0
463698,0
463699,0
463701,0
463712,0
463716,1
463722,0
463723,0
463725,0
463729,0
463736,0
463742,0
463743,0
463747,0
463748,0
463749,0
463752,0
463759,0
463764,0
463768,0
463770,0
463779,0
463788,1
463793,0
463799,0
463802,0
463806,0
463807,0
463814,0
463821,0
463823,0
463829,0
463833,0
463837,0
463838,0
463847,0
463849,0
463851,0
463855,0
463873,0
463878,0
463881,0
463901,0
463909,0
463912,0
463913,0
463917,0
463919,0
463929,0
463936,0
463939,0
463948,0
463955,0
463964,0
463992,0
464005,0
464022,0
464023,0
464032,1
464048,0
464051,0
464053,0
464062,0
464068,0
464070,0
464071,0
464075,0
464080,0
464084,0
464087,0
464091,0
464109,0
464115,0
464117,0
464120,0
464122,0
464125,0
464128,0
464133,0
464144,0
464146,0
464155,0
464161,0
464162,0
464166,0
464169,0
464180,0
464181,0
464201,0
464205,0
464212,0
464223,0
464226,0
464235,0
464242,0
464245,0
464250,0
464251,0
464252,0
464268,0
464269,0
464278,0
464283,0
464291,0
464292,0
464293,0
464296,0
464301,0
464302,0
464303,0
464304,0
464306,0
464307,0
464310,0
464312,0
464314,0
464323,0
464339,0
464351,0
464359,0
464360,0
464379,0
464381,0
464394,0
464396,0
464405,0
464409,0
464412,0
464418,0
464419,0
464433,0
464439,0
464443,0
464444,0
464452,0
464456,0
464470,0
464494,0
464497,0
464498,0
464502,0
464511,0
464517,0
464521,0
464529,0
464530,0
464532,0
464538,0
464544,0
464545,0
464550,0
464565,0
464567,0
464568,0
464569,0
464571,0
464579,0
464594,0
464598,0
464604,0
464606,0
464612,0
464613,0
464615,0
464616,0
464621,0
464622,0
464629,0
464630,0
464632,0
464638,0
464641,0
464643,0
464647,0
464648,0
464656,0
464661,0
464672,0
464675,0
464691,0
464696,0
464698,0
464710,0
464713,0
464717,0
464722,0
464723,0
464736,0
464743,0
464744,0
464745,0
464747,0
464776,1
464777,0
464779,0
464783,1
464787,0
464792,0
464796,0
464798,0
464804,0
464817,0
464818,0
464823,0
464830,0
464831,0
464837,0
464843,0
464844,0
464846,0
464848,0
464849,0
464857,0
464875,0
464877,0
464892,0
464901,0
464903,0
464915,0
464917,0
464922,0
464925,0
464929,0
464940,0
464942,0
464944,0
464948,0
464955,0
464957,0
464963,0
464974,0
464983,0
464986,0
464991,0
464993,0
464999,0
465001,0
465015,0
465028,0
465031,0
465034,0
465037,0
465039,0
465043,0
465045,0
465053,0
465065,0
465067,0
465105,0
465109,0
465120,0
465123,0
465124,0
465127,0
465130,0
465136,0
465137,0
465140,0
465142,0
465157,0
465163,0
465168,0
465172,0
465173,1
465174,0
465176,0
465179,0
465187,0
465188,0
465194,0
465195,0
465197,0
465204,0
465208,0
465211,0
465222,0
465224,0
465225,0
465236,0
465238,0
465242,0
465244,0
465250,0
465269,0
465273,0
465276,0
465280,0
465284,0
465287,0
465296,0
465299,0
465308,0
465311,0
465312,0
465325,0
465339,0
465342,0
465346,0
465350,0
465351,0
465353,1
465354,0
465355,0
465359,0
465360,0
465361,0
465371,0
465372,0
465381,0
465383,0
465389,0
465390,0
465393,0
465394,0
465398,0
465401,0
465410,0
465418,0
465424,0
465429,0
465445,0
465446,0
465452,0
465457,0
465462,0
465477,0
465478,0
465484,0
465486,0
465501,0
465511,0
465512,1
465513,0
465515,0
465522,0
465525,0
465535,0
465548,0
465549,0
465559,0
465562,1
465572,0
465578,0
465584,0
465589,0
465591,0
465598,0
465602,0
465609,0
465610,0
465612,0
465621,0
465634,0
465645,0
465646,0
465650,0
465651,0
465656,0
465664,1
465668,0
465682,0
465685,0
465686,0
465705,0
465708,0
465713,0
465716,0
465720,0
465725,1
465729,0
465735,0
465744,0
465749,0
465751,0
465757,0
465758,0
465769,0
465773,0
465774,0
465778,0
465780,0
465781,1
465785,0
465791,0
465795,1
465807,0
465811,0
465820,0
465821,0
465827,0
465830,0
465835,0
465842,0
465845,0
465849,0
465851,0
465854,0
465859,0
465860,0
465884,0
465888,0
465896,0
465908,0
465910,0
465913,0
465914,0
465915,0
465917,0
465920,0
465921,0
465923,0
465924,0
465925,0
465932,0
465933,0
465938,0
465939,0
465947,0
465954,0
465957,0
465963,0
465965,0
465967,0
465970,1
465974,0
465985,0
465988,0
466011,0
466013,0
466014,0
466015,0
466019,0
466020,0
466024,0
466031,0
466037,0
466042,0
466044,0
466059,0
466066,0
466070,0
466072,1
466076,0
466081,0
466084,0
466086,0
466088,0
466092,0
466093,0
466099,0
466121,0
466125,0
466141,0
466145,0
466146,0
466155,0
466156,0
466161,0
466163,0
466164,0
466168,0
466169,0
466173,0
466176,0
466178,0
466187,0
466192,0
466196,0
466198,0
466200,0
466205,0
466207,0
466213,0
466221,0
466223,0
466224,0
466233,0
466234,0
466241,0
466246,0
466247,0
466252,0
466253,0
466257,0
466268,0
466270,0
466279,0
466287,0
466295,0
466298,0
466299,0
466308,0
466313,0
466320,0
466321,0
466323,0
466329,0
466336,0
466337,0
466339,0
466343,0
466347,0
466351,1
466354,0
466365,0
466368,0
466373,0
466374,0
466379,0
466392,0
466393,0
466398,0
466399,0
466403,0
466411,1
466412,0
466414,0
466416,0
466423,0
466424,0
466425,0
466444,0
466445,0
466448,0
466455,0
466456,0
466461,0
466475,0
466477,0
466478,0
466480,0
466481,0
466494,0
466498,0
466499,0
466501,0
466504,0
466507,0
466510,0
466519,0
466533,0
466538,0
466546,0
466556,0
466564,0
466565,0
466570,0
466575,0
466579,0
466584,0
466595,0
466597,0
466599,0
466615,0
466625,0
466626,0
466632,0
466634,0
466637,0
466645,0
466652,0
466656,0
466665,0
466669,0
466671,0
466674,0
466677,1
466688,0
466691,0
466695,0
466696,0
466700,0
466701,0
466705,0
466712,0
466725,0
466737,0
466740,0
466741,0
466743,0
466755,0
466762,0
466767,0
466773,0
466775,0
466785,0
466786,0
466799,0
466802,0
466818,0
466823,0
466824,0
466826,0
466832,0
466833,0
466841,0
466845,0
466867,0
466873,0
466876,0
466878,1
466881,0
466883,0
466888,0
466889,0
466898,0
466902,0
466908,0
466909,0
466910,0
466933,0
466961,0
466965,0
466969,0
466983,0
466994,0
467013,0
467017,0
467025,0
467027,0
467034,0
467038,0
467048,0
467050,0
467052,0
467053,0
467063,1
467072,0
467075,0
467076,0
467081,0
467087,0
467089,0
467102,0
467109,0
467111,0
467115,0
467132,0
467133,0
467149,0
467150,0
467151,0
467168,0
467190,0
467196,0
467203,0
467209,0
467212,0
467215,0
467224,0
467234,0
467237,0
467239,0
467240,0
467254,0
467256,0
467258,0
467261,0
467263,0
467272,0
467275,0
467280,0
467284,0
467285,0
467290,0
467291,0
467293,0
467294,0
467295,0
467296,0
467297,0
467300,0
467314,0
467319,0
467321,1
467328,0
467331,0
467338,0
467349,0
467355,0
467356,0
467362,0
467369,0
467371,0
467373,0
467376,0
467385,0
467386,0
467387,0
467394,0
467402,0
467420,0
467423,0
467426,0
467430,0
467436,0
467440,0
467441,1
467443,0
467448,0
467449,0
467450,0
467461,0
467464,0
467469,0
467471,0
467477,0
467478,0
467483,0
467484,0
467488,0
467497,0
467511,0
467516,1
467525,0
467530,0
467534,0
467537,0
467538,0
467547,0
467549,0
467552,0
467558,0
467566,0
467570,0
467577,0
467579,0
467582,0
467583,0
467591,0
467592,0
467594,0
467600,0
467602,0
467604,0
467610,0
467611,0
467613,0
467626,0
467630,0
467653,0
467655,0
467657,0
467658,0
467663,0
467666,0
467673,0
467680,0
467684,0
467685,0
467688,1
467709,0
467713,0
467714,0
467717,0
467720,0
467728,0
467735,0
467741,0
467744,0
467751,0
467777,0
467781,0
467790,0
467791,0
467794,0
467801,0
467812,0
467821,0
467827,0
467829,0
467832,0
467842,0
467843,0
467845,0
467846,0
467852,0
467853,0
467874,0
467884,0
467886,0
467898,0
467907,0
467908,0
467918,0
467926,0
467936,1
467949,0
467954,0
467955,0
467959,0
467960,0
467962,0
467970,0
467972,0
467975,0
467977,0
467978,1
467979,0
467981,0
467983,0
467985,0
467988,0
467992,0
467998,0
468003,0
468008,0
468012,0
468022,0
468028,0
468034,0
468040,0
468052,0
468055,0
468066,0
468068,0
468072,0
468075,0
468078,1
468079,0
468080,0
468084,0
468091,0
468092,0
468097,0
468100,0
468101,0
468109,0
468111,0
468117,0
468123,1
468125,0
468127,0
468130,1
468132,0
468133,0
468136,0
468147,0
468150,0
468153,0
468154,0
468155,0
468156,0
468157,0
468159,0
468164,0
468177,1
468186,0
468193,0
468195,0
468197,0
468212,0
468215,0
468219,0
468224,0
468228,0
468237,0
468250,0
468251,0
468252,0
468253,0
468259,0
468260,0
468261,0
468263,0
468264,0
468268,0
468285,0
468299,0
468313,0
468317,0
468319,0
468326,0
468327,0
468328,0
468335,0
468338,0
468339,0
468343,0
468345,0
468356,0
468357,0
468358,0
468359,0
468363,0
468371,0
468373,0
468375,0
468378,0
468380,0
468384,0
468386,1
468387,0
468389,0
468398,0
468401,0
468405,0
468408,0
468413,0
468414,0
468417,0
468420,0
468422,0
468431,0
468432,0
468447,0
468458,0
468472,0
468482,0
468483,0
468487,0
468488,0
468500,0
468509,0
468516,0
468521,0
468523,0
468531,0
468533,0
468535,0
468559,0
468571,0
468582,0
468585,0
468588,0
468589,0
468592,0
468594,0
468598,0
468604,0
468606,0
468608,0
468612,0
468613,0
468621,0
468623,0
468626,0
468627,0
468628,0
468634,0
468646,0
468652,0
468655,0
468656,0
468660,0
468664,0
468670,0
468672,0
468675,0
468678,0
468681,0
468689,0
468690,0
468691,0
468695,0
468697,0
468699,0
468718,0
468721,0
468723,1
468726,0
468727,0
468729,0
468745,0
468752,0
468753,0
468761,0
468777,0
468778,0
468780,0
468784,0
468785,0
468787,0
468795,0
468800,0
468802,0
468803,0
468805,0
468809,0
468812,0
468821,0
468822,0
468837,0
468844,0
468854,0
468859,0
468861,0
468867,0
468869,0
468874,0
468878,0
468879,0
468882,0
468887,0
468898,0
468906,0
468916,0
468934,0
468937,0
468941,0
468949,0
468956,0
468957,0
468959,0
468960,0
468970,0
468978,0
468985,0
468993,0
469001,0
469015,0
469020,0
469021,0
469032,1
469042,0
469045,0
469048,0
469050,0
469053,0
469055,0
469058,0
469059,0
469064,0
469074,0
469076,0
469078,0
469081,0
469083,0
469084,0
469086,0
469087,0
469093,0
469104,0
469106,0
469109,0
469122,0
469127,0
469128,0
469130,0
469137,1
469139,0
469147,0
469148,0
469152,0
469153,0
469155,0
469159,0
469161,0
469165,0
469167,0
469168,0
469169,0
469173,0
469180,0
469185,0
469195,0
469203,0
469209,0
469210,0
469217,0
469219,0
469221,0
469231,0
469243,0
469245,0
469247,0
469248,0
469251,0
469258,0
469268,0
469277,0
469278,0
469284,0
469288,0
469289,0
469290,0
469295,0
469300,0
469301,0
469302,0
469303,0
469308,0
469310,0
469314,0
469320,0
469321,0
469336,0
469351,0
469355,0
469361,0
469374,0
469377,0
469380,0
469384,0
469385,0
469389,0
469391,0
469392,0
469393,0
469403,0
469413,0
469422,0
469431,0
469441,0
469442,0
469444,0
469445,0
469451,0
469455,0
469457,0
469462,0
469470,0
469474,0
469475,0
469476,1
469477,0
469478,0
469479,0
469480,0
469486,0
469487,0
469488,0
469493,0
469496,0
469497,0
469510,0
469513,0
469515,0
469523,0
469526,0
469529,0
469544,0
469546,0
469547,0
469556,0
469558,0
469563,0
469568,0
469569,0
469577,0
469579,0
469583,0
469588,0
469591,0
469593,0
469594,0
469596,0
469609,0
469617,0
469619,0
469620,0
469622,0
469627,0
469629,0
469631,0
469636,0
469646,0
469649,0
469657,0
469659,0
469661,0
469668,0
469688,0
469690,0
469704,0
469707,0
469711,0
469715,0
469720,0
469731,0
469741,0
469742,0
469743,0
469744,0
469746,0
469752,0
469753,0
469754,0
469756,0
469757,0
469762,0
469764,0
469767,0
469774,0
469775,0
469779,0
469780,0
469785,0
469787,0
469791,0
469797,0
469807,0
469811,0
469812,0
469815,0
469816,0
469827,0
469843,0
469855,0
469856,0
469857,0
469859,0
469865,0
469877,0
469884,0
469886,0
469887,0
469890,0
469898,0
469905,0
469909,0
469919,0
469921,0
469923,0
469929,0
469932,0
469933,0
469946,0
469958,0
469960,0
469962,0
469963,0
469966,0
469971,0
469976,0
469982,0
469985,0
469993,0
469997,0
470000,0
470002,0
470003,0
470005,0
470006,0
470012,0
470014,0
470023,0
470032,0
470033,0
470036,0
470037,0
470038,1
470043,0
470045,0
470050,0
470054,0
470058,0
470069,1
470078,0
470089,0
470107,0
470114,0
470117,0
470120,0
470123,0
470124,0
470127,0
470129,0
470133,0
470136,0
470140,0
470145,0
470153,0
470155,0
470158,0
470160,0
470161,0
470168,0
470174,0
470182,0
470185,0
470190,0
470194,0
470196,0
470197,0
470209,0
470213,0
470215,0
470219,0
470225,0
470226,0
470230,0
470231,0
470235,0
470236,0
470246,0
470256,0
470259,0
470275,0
470276,0
470284,0
470300,0
470304,0
470310,0
470327,0
470328,0
470329,0
470342,0
470344,0
470348,0
470351,0
470365,1
470367,0
470375,0
470376,1
470378,0
470383,0
470387,0
470390,0
470391,0
470394,0
470395,0
470400,0
470402,0
470411,0
470413,0
470418,0
470421,0
470429,0
470433,0
470445,0
470448,0
470449,0
470452,1
470455,0
470459,0
470472,0
470481,0
470506,0
470509,0
470514,0
470530,0
470535,1
470537,0
470539,0
470545,0
470547,0
470551,1
470553,0
470558,0
470562,0
470571,0
470575,0
470578,0
470582,0
470583,0
470584,0
470593,0
470598,0
470600,0
470608,0
470610,0
470612,0
470613,0
470614,0
470617,0
470618,0
470619,0
470625,0
470630,0
470633,0
470641,1
470644,0
470648,0
470651,0
470660,0
470661,0
470662,0
470668,0
470669,0
470671,0
470676,0
470684,0
470692,0
470693,0
470708,0
470712,0
470713,0
470714,0
470727,0
470730,0
470742,0
470746,0
470748,0
470751,0
470752,0
470755,0
470758,0
470767,0
470773,0
470774,0
470778,0
470782,0
470794,0
470796,0
470813,0
470817,1
470819,0
470821,0
470828,0
470829,0
470830,0
470833,0
470836,0
470837,0
470839,0
470841,0
470842,0
470845,0
470846,0
470849,0
470858,0
470866,0
470868,0
470879,0
470882,0
470896,1
470897,0
470900,0
470908,0
470909,0
470914,0
470917,0
470919,0
470922,0
470926,0
470937,0
470946,0
470956,0
470957,0
470965,0
470966,0
470975,0
470980,0
470981,0
470986,0
470989,0
470994,0
470995,0
471000,0
471022,0
471032,0
471034,0
471036,0
471039,0
471042,0
471046,0
471047,0
471048,0
471050,0
471054,0
471056,0
471059,0
471061,0
471065,0
471071,0
471072,0
471076,0
471078,0
471080,0
471082,0
471085,0
471087,0
471094,0
471102,0
471104,0
471110,0
471111,0
471116,0
471117,0
471126,0
471128,0
471130,0
471145,0
471155,0
471160,0
471161,0
471170,0
471172,0
471173,0
471176,0
471178,0
471179,0
471182,0
471189,0
471190,0
471196,0
471206,1
471210,0
471236,0
471245,0
471250,0
471256,1
471266,0
471268,0
471269,0
471277,0
471283,0
471288,0
471290,0
471291,0
471293,0
471297,0
471309,0
471318,0
471321,0
471325,0
471328,0
471329,0
471330,0
471334,0
471336,0
471340,0
471350,0
471351,0
471362,0
471366,0
471369,0
471376,0
471377,0
471378,0
471386,0
471395,0
471397,0
471401,0
471428,0
471429,0
471434,0
471444,0
471453,1
471456,0
471457,0
471458,0
471463,0
471468,0
471493,0
471495,0
471500,0
471501,0
471504,0
471509,0
471513,0
471519,0
471534,0
471537,0
471542,0
471545,1
471547,0
471553,0
471554,0
471562,0
471568,0
471574,0
471577,0
471578,0
471588,0
471592,0
471594,0
471603,0
471604,0
471609,0
471612,0
471617,0
471618,0
471619,0
471621,0
471629,0
471630,0
471634,0
471637,0
471644,0
471648,0
471651,0
471656,0
471676,0
471684,0
471696,0
471697,0
471700,0
471705,0
471710,0
471713,0
471717,0
471719,0
471720,0
471723,0
471727,0
471733,0
471734,0
471737,0
471738,0
471740,0
471741,0
471745,1
471746,0
471757,0
471766,0
471767,0
471770,0
471773,0
471776,0
471780,0
471788,1
471792,1
471793,0
471797,0
471804,0
471806,0
471807,0
471812,0
471826,0
471831,0
471833,0
471835,0
471846,0
471851,0
471852,0
471855,0
471856,0
471860,0
471863,0
471870,0
471873,0
471886,0
471892,0
471894,0
471898,0
471899,0
471900,0
471903,0
471908,0
471909,0
471910,0
471912,0
471913,0
471927,0
471929,0
471930,0
471948,0
471949,0
471950,0
471954,0
471957,0
471958,0
471959,0
471962,0
471969,0
471973,0
471983,0
471984,0
471988,0
471989,0
471993,1
471997,0
472016,0
472023,0
472027,0
472031,0
472034,0
472035,0
472038,0
472040,0
472051,0
472052,0
472065,0
472070,0
472071,0
472075,0
472079,0
472080,0
472081,0
472083,0
472088,0
472089,0
472090,0
472092,0
472095,0
472112,0
472116,0
472119,0
472122,0
472123,0
472127,0
472137,0
472146,0
472153,0
472158,0
472160,0
472166,0
472171,0
472177,1
472182,0
472198,0
472199,0
472205,0
472206,0
472210,0
472214,0
472217,0
472223,1
472224,0
472228,0
472234,0
472236,0
472238,0
472242,0
472245,0
472248,0
472249,0
472250,1
472251,0
472252,0
472255,0
472258,0
472264,0
472273,0
472275,0
472279,0
472295,0
472306,1
472318,0
472323,0
472324,0
472327,0
472331,0
472334,0
472357,0
472364,0
472375,0
472378,0
472379,0
472381,0
472392,0
472403,0
472404,0
472407,0
472409,0
472421,0
472425,0
472427,0
